deal_id,acquirer_name,target_name,ai_label,ai_evidence_weight,ai_terms,ai_excerpt,ai_source_url,ai_source_highlight_url,talent_join_language,talent_acquihire_explicit,talent_license_and_hire_explicit,talent_excerpt,documents_screened,review_status
3480790020,Roper Technologies Inc,Vertafore Inc,none,0,,,,,no,no,no,,12,machine_suggested_pending_human_review
3515714020,1-800-Flowers.com Inc,PersonalizationMall.com Inc,none,0,,,,,no,no,no,,12,machine_suggested_pending_human_review
3517450020,Intuit Inc,Credit Karma Inc,none,0,,,,,no,no,no,,12,machine_suggested_pending_human_review
3519983020,DocuSign Inc,Seal Software Ltd,ai_explicit,20,ai; artificial intelligence; machine learning; natural language processing,"of contract analytics pioneer to bring full power of AI to the Agreement Cloud SAN FRANCISCO—February 27, 2020— Reflecting the increasingly important role that artificial intelligence (AI) will play in the digital transformation of the agreement process, DocuSign (NASDAQ: DOCU) today announced its intent to acquire one of the leading contract analytics and AI technology providers, Seal Software, for $188M in cash. The news builds on the existing relationship between the two companies. DocuSign already resells Seal’s flagship analytics and machine learning application as part of the DocuSign Agreement Cloud—its suite of a",https://www.sec.gov/Archives/edgar/data/1261333/000126133320000008/a8-kexhibit991xpressrelease.htm,"https://www.sec.gov/Archives/edgar/data/1261333/000126133320000008/a8-kexhibit991xpressrelease.htm#:~:text=of%20contract%20analytics%20pioneer%20to%20bring%20full%20power%20of%20AI%20to%20the%20Agreement%20Cloud%20SAN%20FRANCISCO%E2%80%94February%2027%2C%202020%E2%80%94%20Reflecting%20the%20increasingly%20important,companies.%20DocuSign%20already%20resells%20Seal%E2%80%99s%20flagship%20analytics%20and%20machine%20learning%20application%20as%20part%20of%20the%20DocuSign%20Agreement%20Cloud%E2%80%94its%20suite%20of%20a",no,no,no,,11,machine_suggested_pending_human_review
3521692020,CleanSpark Inc,P2klabs Inc,none,0,,,,,yes,no,no,Amer Tadayon has joined the CleanSpark executive team as the Company’s Chief Revenue Officer to oversee our sales and marketing strategy.,11,machine_suggested_pending_human_review
3523484020,Intellinetics Inc,Graphic Sciences Inc,none,0,,,,,no,no,no,,11,machine_suggested_pending_human_review
3525025040,Xerox Holdings Corp,Digitex Canada Inc,none,0,,,,,no,no,no,,12,machine_suggested_pending_human_review
3545651040,Simulations Plus Inc,Lixoft SAS,none,0,,,,,yes,no,no,I look forward to Jérôme Kalifa (cofounder and chairman) and Jonathan Chauvin (chief executive officer) joining our executive management team as well as the whole Lixoft team.,7,machine_suggested_pending_human_review
3567824020,Rapid7 Inc,Divvy Cloud Corp,none,0,,,,,yes,no,no,DivvyCloud co-founders Brian Johnson and Chris DeRamus have agreed to join Rapid7.,12,machine_suggested_pending_human_review
3575962020,Flotek Industries Inc,JP3 Measurement LLC,none,0,,,,,yes,no,no,"(b) During the Prohibited Period, Employee shall not, directly or indirectly, for Employee or on behalf of or in conjunction with any other person or entity of any nature: (i) engage in, participate in or take preparatory steps that result in engagement or participation in the Business within the Market Area, including by directly or indirectly: (A) owning, investing in, managing, controlling,...",12,machine_suggested_pending_human_review
3586998020,BIO-key International Inc,PistolStar Inc,none,0,,,,,no,no,no,,12,machine_suggested_pending_human_review
3595648020,Uber Technologies Inc,Postmates Inc,none,0,,,,,no,no,no,,12,machine_suggested_pending_human_review
3600947020,Analog Devices Inc,Maxim Integrated Products Inc,none,0,,,,,no,no,no,,12,machine_suggested_pending_human_review
3601404020,Hewlett Packard Enterprise Co,Silver Peak Systems Inc,ai_explicit,8,ai; self-driving,"erfect fit with Aruba’s cloud-native, AI-driven Edge Services Platform. Together, we will be able to meet these needs with critical connectivity, security, and AI capabilities to drive the next generation of Edge-to-Cloud transformation.” A Leader in SD-WAN and WAN Optimization Technologies Silver Peak is a leader in the SD-WAN market with more than 1,500 production SD-WAN customers around the world. The company helps enterprises and service providers quickly migrate to secure enterprise-grade SD-WAN connectivity, while dramatically",https://www.sec.gov/Archives/edgar/data/1645590/000164559020000032/exh991pressrelease.htm,"https://www.sec.gov/Archives/edgar/data/1645590/000164559020000032/exh991pressrelease.htm#:~:text=erfect%20fit%20with%20Aruba%E2%80%99s%20cloud%2Dnative%2C%20AI%2Ddriven%20Edge%20Services%20Platform.%20Together%2C%20we%20will%20be%20able%20to%20meet%20these%20needs%20with%20critical%20connectivity%2C,the%20world.%20The%20company%20helps%20enterprises%20and%20service%20providers%20quickly%20migrate%20to%20secure%20enterprise%2Dgrade%20SD%2DWAN%20connectivity%2C%20while%20dramatically",yes,no,no,"” As part of the acquisition, Silver Peak founder and CEO David Hughes, will join HPE as the senior vice president of the WAN business within Aruba.",12,machine_suggested_pending_human_review
3601877020,Asure Software Inc,PTM Inc-Certain Assets,none,0,,,,,no,no,no,,5,machine_suggested_pending_human_review
3617548020,Teladoc Health Inc,Livongo Health Inc,none,0,,,,,no,no,no,,12,machine_suggested_pending_human_review
3618415020,Intercontinental Exchange Inc,Ellie Mae Inc,ai_explicit,10,artificial intelligence; machine learning,"n of Ellie Mae extends ICE’s reach to the origination space. In addition to its Digital Lending Platform capabilities and its vast partner network, Ellie Mae also provides technology solutions that enable its clients to achieve greater levels of consumer engagement, efficiencies through automation, and a modernization of the loan manufacturing process through its recent introduction of machine learning and artificial intelligence. Through this complementary addition, ICE Mortgage Services will provide innovative technology that touches nearly every U.S. mortgage, accelerating additional digitization and streamlining of the mortgage manu",https://www.sec.gov/Archives/edgar/data/1571949/000110465920091460/tm2026808d1_ex99-1.htm,"https://www.sec.gov/Archives/edgar/data/1571949/000110465920091460/tm2026808d1_ex99-1.htm#:~:text=n%20of%20Ellie%20Mae%20extends%20ICE%E2%80%99s%20reach%20to%20the%20origination%20space.%20In%20addition%20to%20its%20Digital%20Lending%20Platform%20capabilities%20and%20its%20vast%20partner%20network%2C,provide%20innovative%20technology%20that%20touches%20nearly%20every%20U.S.%20mortgage%2C%20accelerating%20additional%20digitization%20and%20streamlining%20of%20the%20mortgage%20manu",no,no,no,,12,machine_suggested_pending_human_review
3620234020,Cerberus Cyber Sentinel Corp,Technologyville Inc,none,0,,,,,no,no,no,,10,machine_suggested_pending_human_review
3622082020,Omnicell Inc,Pharm Strategies Grp-Business,none,0,,,,,no,no,no,,12,machine_suggested_pending_human_review
3623613020,KBR Inc,Centauri LLC,none,0,,,,,yes,no,no,"Following the completion of this acquisition, Centauri and its 1,750 employees will become part of KBR’s Government Solutions segment.",12,machine_suggested_pending_human_review
3627288020,Fastly Inc,Signal Sciences Corp,none,0,,,,,no,no,no,,12,machine_suggested_pending_human_review
3632181020,Progress Software Corp,Chef Software Inc,ai_explicit,5,machine learning,"deliver modern apps, leading data connectivity technology, web content management, business rules, secure file transfer, network monitoring, plus award-winning machine learning that enables cognitive capabilities to be a part of any application. Over 1,700 independent software vendors, 100,000 enterprise customers and two million developers rely on Progress to power their applications. Learn about Progress at www.progress.com or +1-800-477-6473. About Chef Chef is the global leader in DevSecOps and the developer of Chef Enterprise Automation Stack™ automating infrastructure, compliance and application delivery for many of the Fortune 500. For more than 10 years, Chef has led the industry in",https://www.sec.gov/Archives/edgar/data/876167/000087616720000123/chefpressrelease.htm,"https://www.sec.gov/Archives/edgar/data/876167/000087616720000123/chefpressrelease.htm#:~:text=deliver%20modern%20apps%2C%20leading%20data%20connectivity%20technology%2C%20web%20content%20management%2C%20business%20rules%2C%20secure%20file%20transfer%2C%20network%20monitoring%2C%20plus,automating%20infrastructure%2C%20compliance%20and%20application%20delivery%20for%20many%20of%20the%20Fortune%20500.%20For%20more%20than%2010%20years%2C%20Chef%20has%20led%20the%20industry%20in",no,no,no,,11,machine_suggested_pending_human_review
3638083020,PagerDuty Inc,Rundeck Inc,none,0,,,,,no,no,no,,6,machine_suggested_pending_human_review
3644431020,Mastech Digital Inc,AmberLeaf Partners Inc,none,0,,,,,no,no,no,,11,machine_suggested_pending_human_review
3646001020,Advanced Micro Devices Inc,Xilinx Inc,none,0,,,,,yes,no,no,Having the Xilinx team join AMD is the strategic next step in our journey.,12,machine_suggested_pending_human_review
3647181020,DLH Holdings Corp,Irving Burton Associates LLC,ai_explicit,5,artificial intelligence,"provider of innovative healthcare research, services and solutions to the federal government, today announced that it has acquired privately-held Irving Burton Associates, LLC (“IBA”) of Falls Church, Virginia. The firm, with approximately 115 employees, provides research, systems development, and other technology-enabled solutions to the Defense Health Agency (“DHA”), the Telemedicine & Advanced Technology Research Center (“TATRC”) of the US Army’s Medical Research and Development Command (“USAMRDC”), and other agencies within the U.S. Department of Defense (“DoD”). IBA maintains a top-secret facility clearance, and its defense contracts provide for a range of health IT services including digital transformation, data analytics, cybersecurity, and artificial intelligence (“AI”). IBA was...",https://www.sec.gov/Archives/edgar/data/785557/000078555720000005/dlhacquiresibaprvfinal.htm,"https://www.sec.gov/Archives/edgar/data/785557/000078555720000005/dlhacquiresibaprvfinal.htm#:~:text=provider%20of%20innovative%20healthcare%20research%2C%20services%20and%20solutions%20to%20the%20federal%20government%2C%20today%20announced%20that%20it%20has%20acquired%20privately%2Dheld,for%20a%20range%20of%20health%20IT%20services%20including%20digital%20transformation%2C%20data%20analytics%2C%20cybersecurity%2C%20and%20artificial%20intelligence%20%28%E2%80%9CAI%E2%80%9D%29.%20IBA%20was...",no,no,no,,10,machine_suggested_pending_human_review
3659026020,ACCO Brands Corp,PowerA,none,0,,,,,no,no,no,,8,machine_suggested_pending_human_review
3662022040,Nasdaq Inc,Verafin Inc,none,0,,,,,no,no,no,,12,machine_suggested_pending_human_review
3663654020,Bally's Corp,Bet.Works Corp,none,0,,,,,yes,no,no,Nor has it agreed or entered into any arrangements with any of the Gamesys executive directors who are expected to join the Bally’s Board and/or management team following completion of the Combination with regard to any changes to their existing terms of employment.,12,machine_suggested_pending_human_review
3665937040,S&P Global Inc,IHS Markit Ltd,none,0,,,,,no,no,no,,12,machine_suggested_pending_human_review
3672058040,ViaSat Inc,Euro Broadband Infrastructure,ai_explicit,10,artificial intelligence; machine learning,"e enterprise service offerings. RigNet’s successful track record, global footprint, deep customer relationships and emerging technology expertise in areas like machine learning and artificial intelligence (AI) make this transaction an ideal fit as we launch our integrated global broadband platform. The transaction is immediately accretive to cashflow, and is expected to improve our leverage position as well as offer multiple opportunities for expansion and performance upside beyond RigNet’s robust energy services business.",https://www.sec.gov/Archives/edgar/data/797721/000119312520322384/d16566dex991.htm,"https://www.sec.gov/Archives/edgar/data/797721/000119312520322384/d16566dex991.htm#:~:text=e%20enterprise%20service%20offerings.%20RigNet%E2%80%99s%20successful%20track%20record%2C%20global%20footprint%2C%20deep%20customer%20relationships%20and%20emerging%20technology%20expertise%20in,our%20leverage%20position%20as%20well%20as%20offer%20multiple%20opportunities%20for%20expansion%20and%20performance%20upside%20beyond%20RigNet%E2%80%99s%20robust%20energy%20services%20business.",no,no,no,,12,machine_suggested_pending_human_review
3675428020,HealthStream Inc,myClinicalExchange LLC,none,0,,,,,yes,no,no,Approximately 90 employees from Change Healthcare will join HealthStream upon closing.,7,machine_suggested_pending_human_review
3680472020,CarGurus Inc,CarOffer LLC,none,0,,,,,yes,no,no,1 CarGurus Announces Executive Leadership Transition • Jason Trevisan promoted to CEO and will join Board of Directors • Founder Langley Steinert shifts to Executive Chairman role • Scot Fredo promoted to CFO • A letter to CarGurus’ shareholders can be found here: https://investors.,12,machine_suggested_pending_human_review
3680836040,Quantum Corp,Sq Box Sys Ltd,ai_explicit,10,artificial intelligence; machine learning,"Quantum’s ability to provide software solutions to help companies unlock the business value contained in their data, both on-premises and in the cloud. Square Box Systems’ flagship product is CatDV, an agile media management and workflow automation software platform that helps organizations with large volumes of media and metadata to organize, communicate and collaborate more effectively. CatDV leverages artificial intelligence and machine learning technology to make it easier for businesses of any size to catalog and analyze digital assets such as video, images, audio files, PDFs, and more; enable advanced search across local and cloud repositories; and provide",https://www.sec.gov/Archives/edgar/data/709283/000070928320000042/sapphirepressreleasefi.htm,"https://www.sec.gov/Archives/edgar/data/709283/000070928320000042/sapphirepressreleasefi.htm#:~:text=Quantum%E2%80%99s%20ability%20to%20provide%20software%20solutions%20to%20help%20companies%20unlock%20the%20business%20value%20contained%20in%20their%20data%2C%20both%20on%2Dpremises%20and%20in%20the,analyze%20digital%20assets%20such%20as%20video%2C%20images%2C%20audio%20files%2C%20PDFs%2C%20and%20more%3B%20enable%20advanced%20search%20across%20local%20and%20cloud%20repositories%3B%20and%20provide",yes,no,no,"” Dave Clack, former CEO of Square Box Systems and General Manager, Cloud Software and Analytics at Quantum, adds: “Joining forces with Quantum makes CatDV much stronger: becoming part of a larger organization with its visionary leadership team, whilst gaining access to an amazing pool of talent, gives CatDV more opportunity to better serve our existing and future customers.",7,machine_suggested_pending_human_review
3681332020,CleanSpark Inc,ATL Data Centers LLC,none,0,,,,,no,no,no,,7,machine_suggested_pending_human_review
3682911020,Teledyne Technologies Inc,FLIR Systems Inc,none,0,,,,,yes,no,no,"Today, we are indeed very pleased to announce that FLIR’s exciting technologies and products and outstanding employees will be joining the Teledyne Family.",12,machine_suggested_pending_human_review
3684325040,Thryv Holdings Inc,Sensis Pty Ltd,none,0,,,,,no,no,no,,12,machine_suggested_pending_human_review
3689728040,Verra Mobility Corp,Redflex Holdings Ltd,none,0,,,,,yes,no,no,"1 VERRA MOBILITY Announces closing of Redflex Holdings Acquisition - Mark J Talbot, the current CEO of Redflex, will join the executive leadership team of Verra Mobility as Executive Vice President, Government Solutions, to lead the integrated business segment.",12,machine_suggested_pending_human_review
3695772020,Electronic Arts Inc,Glu Mobile Inc,none,0,,,,,yes,no,no,"When Larry first joined EA as vice president of sales, the company had approximately 50 employees and according to him, “it was an entirely different environment.",12,machine_suggested_pending_human_review
3696589020,Tyler Technologies Inc,NIC Inc,none,0,,,,,no,no,no,,12,machine_suggested_pending_human_review
3696776020,BGSF Inc,Momentum Solutionz LLC,none,0,,,,,no,no,no,,8,machine_suggested_pending_human_review
3697310020,Data Storage Corp,Flagship Solutions LLC,none,0,,,,,no,no,no,,12,machine_suggested_pending_human_review
3698631040,Tenable Holdings Inc,Alsid Sas,none,0,,,,,yes,no,no,Alsid’s founders will join Tenable in senior leadership roles focused on continuing to develop innovative solutions to Active Directory risk and security assessment and expanding into new markets globally.,8,machine_suggested_pending_human_review
3700303020,Skyworks Solutions Inc,Silicon Labs-Analog Chip Unit,none,0,,,,,yes,no,no,"In addition, approximately 350 employees, including the senior management team of the business, are expected to join Skyworks upon completion of the transaction.",12,machine_suggested_pending_human_review
3703504040,Bentley Systems Inc,E7 Pty Ltd,none,0,,,,,no,no,no,,10,machine_suggested_pending_human_review
3703763020,Advent Technologies Holdings,Ultracell LLC,none,0,,,,,yes,no,no,"- 3 - (b) Without diminishing or impairing the obligations of the Company set forth in the preceding subparagraph, if, for any reason, Indemnitee shall elect or be required to pay all or any portion of any judgment or settlement in any threatened, pending or completed action, suit or proceeding in which the Company is jointly liable with Indemnitee (or would be if joined in such action, suit or...",12,machine_suggested_pending_human_review
3705005020,Okta Inc,Auth0 Inc,none,0,,,,,yes,no,no,"By joining forces, we will accelerate our customers’ innovation and ability to meet the needs and demands of consumers, businesses and employees everywhere.",12,machine_suggested_pending_human_review
3708187040,Smith Micro Software Inc,Avast Plc-Family Safety,ai_explicit,10,artificial intelligence; machine learning,"eople from threats on the internet and the evolving IoT threat landscape. The company’s threat detection network is among the most advanced in the world, using machine learning and artificial intelligence technologies to detect and stop threats in real time. Avast digital security products for Mobile, PC or Mac are top-ranked and certified by VB100, AV-Comparatives, AV-Test, SE Labs and others. Avast is a member of Coalition Against Stalkerware, No More Ransom and Internet Watch Foundation. Visi",https://www.sec.gov/Archives/edgar/data/948708/000119312521073255/d116022dex991.htm,"https://www.sec.gov/Archives/edgar/data/948708/000119312521073255/d116022dex991.htm#:~:text=eople%20from%20threats%20on%20the%20internet%20and%20the%20evolving%20IoT%20threat%20landscape.%20The%20company%E2%80%99s%20threat%20detection%20network%20is%20among%20the%20most%20advanced%20in%20the,AV%2DComparatives%2C%20AV%2DTest%2C%20SE%20Labs%20and%20others.%20Avast%20is%20a%20member%20of%20Coalition%20Against%20Stalkerware%2C%20No%20More%20Ransom%20and%20Internet%20Watch%20Foundation.%20Visi",no,no,no,,12,machine_suggested_pending_human_review
3710620020,HealthEquity Inc,Fort Effect Corp,none,0,,,,,yes,no,no,"To the Knowledge of the Sellers, (i) no officer or key employee, or group of key employees, intends to terminate their employment with the Seller Group Companies, and no Seller Group Company has a present intention to terminate the employment of any of the foregoing, and (ii) no officer or key employee has received an offer to join a business that is competitive with the business activities of...",12,machine_suggested_pending_human_review
3715094020,Dell Technologies Inc,Mesh7 Inc,none,0,,,,,no,no,no,,12,machine_suggested_pending_human_review
3715589040,Digital Turbine Inc,Fyber NV,none,0,,,,,yes,no,no,"” “AdColony is excited to join the successful team at Digital Turbine,” said Lars Boilesen, CEO of Otello.",12,machine_suggested_pending_human_review
3719135040,Broadridge Finl Solutions Inc,Itiviti Group Holding AB,none,0,,,,,no,no,no,,12,machine_suggested_pending_human_review
3723726020,PAR Technology Corp,Punchh Inc,none,0,,,,,yes,no,no,"Keith Pascal, Act III Partner, joins the Board of Directors of PAR Technology Corporation and, Ron Shaich, Act III Managing Partner and founder of Panera Bread, takes a Board Observer seat.",12,machine_suggested_pending_human_review
3723773020,KKR & Co Inc,Therapy Brands Holdings LLC,none,0,,,,,no,no,no,,12,machine_suggested_pending_human_review
3733771020,Fathom Holdings Inc,LiveBy Inc,none,0,,,,,no,no,no,,12,machine_suggested_pending_human_review
3738528040,MKS Instruments Inc,Photon Control Inc,none,0,,,,,no,no,no,,12,machine_suggested_pending_human_review
3738724020,Lantronix Inc,Transition Networks Inc,none,0,,,,,no,no,no,,12,machine_suggested_pending_human_review
3741094020,Clarivate PLC,ProQuest LLC,none,0,,,,,no,no,no,,12,machine_suggested_pending_human_review
3741286020,3D Systems Corp,Allevi Inc,none,0,,,,,no,no,no,,9,machine_suggested_pending_human_review
3745024020,Repay Holdings Corp,Electn Payment Pvdrs Inc,none,0,,,,,no,no,no,,12,machine_suggested_pending_human_review
3746026020,EQT AB,Symphony Performance Health,none,0,,,,,no,no,no,,12,machine_suggested_pending_human_review
3748788020,Mitek Systems Inc,ID R&D Inc,none,0,,,,,no,no,no,,9,machine_suggested_pending_human_review
3757628020,Brady Corp,The Code Corp,none,0,,,,,no,no,no,,11,machine_suggested_pending_human_review
3762860040,Advent Technologies Holdings,Fischer Eco Solutions GmbH,none,0,,,,,yes,no,no,"As of September 2021, Advent had approximately 173 employees, including part-time, contractors and employees who joined Advent from the recent Fischer Acquisition.",12,machine_suggested_pending_human_review
3764848040,System1 LLC,Protected.Net Grp Ltd,none,0,,,,,yes,no,no,I am thrilled for our entire team and to have Trebia join us on our journey.,12,machine_suggested_pending_human_review
3770121020,Moody's Corp,Risk Management Solutions Inc,none,0,,,,,no,no,no,,12,machine_suggested_pending_human_review
3770172020,Cirrus Logic Inc,Lion Semiconductor Inc,none,0,,,,,no,no,no,,10,machine_suggested_pending_human_review
3771128020,ZoomInfo Technologies Inc,AffectLayer Inc,none,0,,,,,yes,no,no,"“We are thrilled about the opportunity to join forces with ZoomInfo and bring Conversation Intelligence to every revenue team,” said Jim Benton, Chorus.",12,machine_suggested_pending_human_review
3772512020,EVgo Inc,Recargo Inc,none,0,,,,,yes,no,no,"Under the director compensation program, our non-employee directors are entitled to the following compensation: · An annual cash retainer of $45,000 for all non-employee directors and an additional $30,000 annual cash retainer for the Lead Director; · The following additional cash retainers for non-employee directors serving as the chair of a committee: $20,000 for the chair of the Audit Commit...",12,machine_suggested_pending_human_review
3774506020,Vontier Corp,DRB Systems LLC,none,0,,,,,no,no,no,,8,machine_suggested_pending_human_review
3774828020,Bill.com Holdings Inc,Invoice2go Inc,none,0,,,,,no,no,no,,12,machine_suggested_pending_human_review
3779981020,Marvell Technology Inc,Innovium Inc,none,0,,,,,no,no,no,,12,machine_suggested_pending_human_review
3781204040,Penn National Gaming Inc,Score Media & Gaming Inc,none,0,,,,,yes,yes,no,"Personally, I am excited to join forces with John, Benjie, and the rest of theScore team who have proven to be great partners and amazing thought leaders in our industry.",12,machine_suggested_pending_human_review
3782679020,Certara Inc,Pinnacle 21 LLC,ai_explicit,5,machine learning,"tion of Pinnacle 21 marks an important expansion of Certara’s biosimulation and regulatory software and technology-driven services. The fuel for biosimulation, machine learning and statistics is high-quality, standardized data. Pinnacle 21 is a leader in biopharmaceutical data fitness, which streamlines quantitative analyses needed by our clients. This addition to our business creates compelling opportunities as we integrate and expand our complementary offerings.”",https://www.sec.gov/Archives/edgar/data/1827090/000110465921100776/tm2123444d2_ex99-1.htm,"https://www.sec.gov/Archives/edgar/data/1827090/000110465921100776/tm2123444d2_ex99-1.htm#:~:text=tion%20of%20Pinnacle%2021%20marks%20an%20important%20expansion%20of%20Certara%E2%80%99s%20biosimulation%20and%20regulatory%20software%20and%20technology%2Ddriven%20services.%20The%20fuel%20for,needed%20by%20our%20clients.%20This%20addition%20to%20our%20business%20creates%20compelling%20opportunities%20as%20we%20integrate%20and%20expand%20our%20complementary%20offerings.%E2%80%9D",no,no,no,,10,machine_suggested_pending_human_review
3783818020,Intuit Inc,The Rocket Science Group LLC,none,0,,,,,no,no,no,,12,machine_suggested_pending_human_review
3791317020,ON Semiconductor Corp,GTAT Corp,none,0,,,,,no,no,no,,12,machine_suggested_pending_human_review
3791426020,Rekor System Inc,Waycare Technologies Ltd,ai_explicit,10,ai; artificial intelligence,"ng of Acquisition of Waycare Technologies, Ltd COLUMBIA, Md. – August 19, 2021 - Rekor Systems, Inc, (NASDAQ: REKR) (""Rekor"" or the “Company”), a global AI technology company with a mission to provide intelligent infrastructure and insights that build safer, smarter and more efficient cities around the world, announced today the successful closing of the previously announced acquisition of Waycare Technologies Ltd. (“Waycare” or the “Seller”). Pursuant to the purchase agreement the Company acquired 100% of the issued and outstanding capital stock of Waycare from the Sellers. Waycare’s solution uses artificial intelligence (“AI",https://www.sec.gov/Archives/edgar/data/1697851/000165495421009365/rekr_ex991.htm,"https://www.sec.gov/Archives/edgar/data/1697851/000165495421009365/rekr_ex991.htm#:~:text=ng%20of%20Acquisition%20of%20Waycare%20Technologies%2C%20Ltd%20COLUMBIA%2C%20Md.%20%E2%80%93%20August%2019%2C%202021%20%2D%20Rekor%20Systems%2C%20Inc%2C%20%28NASDAQ%3A%20REKR%29%20%28%22Rekor%22%20or%20the%20%E2%80%9CCompany%E2%80%9D%29%2C%20a,Company%20acquired%20100%25%20of%20the%20issued%20and%20outstanding%20capital%20stock%20of%20Waycare%20from%20the%20Sellers.%20Waycare%E2%80%99s%20solution%20uses%20artificial%20intelligence%20%28%E2%80%9CAI",no,no,no,,12,machine_suggested_pending_human_review
3791886040,ADTRAN Inc,ADVA Optical Networking SE,ai_explicit,5,machine learning,"esidential—ADTRAN solutions optimize existing technology infrastructures and create new, multi-gigabit platforms that leverage cloud economics, data analytics, machine learning and open ecosystems—the future of global networking. Find more at ADTRAN.com , LinkedIn and Twitter. This press release contains forward-looking statements, generally identified by the use of words such as “believe,” “expect,” “intend,” “estimate,” “anticipate,” “will,” “may,” “cou",https://www.sec.gov/Archives/edgar/data/926282/000095017022000705/adtn-ex99_1.htm,"https://www.sec.gov/Archives/edgar/data/926282/000095017022000705/adtn-ex99_1.htm#:~:text=esidential%E2%80%94ADTRAN%20solutions%20optimize%20existing%20technology%20infrastructures%20and%20create%20new%2C%20multi%2Dgigabit%20platforms%20that%20leverage%20cloud%20economics%2C%20data,statements%2C%20generally%20identified%20by%20the%20use%20of%20words%20such%20as%20%E2%80%9Cbelieve%2C%E2%80%9D%20%E2%80%9Cexpect%2C%E2%80%9D%20%E2%80%9Cintend%2C%E2%80%9D%20%E2%80%9Cestimate%2C%E2%80%9D%20%E2%80%9Canticipate%2C%E2%80%9D%20%E2%80%9Cwill%2C%E2%80%9D%20%E2%80%9Cmay%2C%E2%80%9D%20%E2%80%9Ccou",no,no,no,,12,machine_suggested_pending_human_review
3797706020,TransUnion,NeuStar Inc,none,0,,,,,no,no,no,,12,machine_suggested_pending_human_review
3798372020,3D Systems Corp,Oqton Inc,none,0,,,,,no,no,no,,12,machine_suggested_pending_human_review
3799280020,Tenable Holdings Inc,Accurics Inc,none,0,,,,,no,no,no,,7,machine_suggested_pending_human_review
3799747020,Goldman Sachs Group Inc,Greensky Inc,none,0,,,,,no,no,no,,12,machine_suggested_pending_human_review
3801639020,Opendoor Technologies Inc,Pro.com Home Services LLC,ai_explicit,5,machine learning,"l data in order to improve and automate pricing decisions. We have conducted over 180,000 home assessments during which we collect over 100 data points on each home and its surroundings. Utilizing this base of unique offline data our algorithms use machine learning to drive pricing decisions through demand forecasting, outlier detection, risk pricing, and inventory management. Over time, we have improved pricing accuracy and our number of fully automated home valuations. Low Cost Transaction P",https://www.sec.gov/Archives/edgar/data/1801169/000110465921115085/tm2127322-1_424b3.htm,"https://www.sec.gov/Archives/edgar/data/1801169/000110465921115085/tm2127322-1_424b3.htm#:~:text=l%20data%20in%20order%20to%20improve%20and%20automate%20pricing%20decisions.%20We%20have%20conducted%20over%20180%2C000%20home%20assessments%20during%20which%20we%20collect%20over%20100%20data,and%20inventory%20management.%20Over%20time%2C%20we%20have%20improved%20pricing%20accuracy%20and%20our%20number%20of%20fully%20automated%20home%20valuations.%20Low%20Cost%20Transaction%20P",no,no,no,,12,machine_suggested_pending_human_review
3810070020,Ouster Inc,Sense Photonics Inc,none,0,,,,,no,no,no,,11,machine_suggested_pending_human_review
3812049020,Emerson Electric Co,Aspen Technology Inc,none,0,,,,,no,no,no,,12,machine_suggested_pending_human_review
3813395020,Rocket Lab USA Inc,Advanced Solutions Inc,none,0,,,,,no,no,no,,12,machine_suggested_pending_human_review
3815183020,CDW Corp,Sirius Computer Solutions Inc,none,0,,,,,no,no,no,,12,machine_suggested_pending_human_review
3820535020,FirstCash Inc,American First Finance Inc,none,0,,,,,yes,no,no,"6% • AFF to operate as separate business unit led by Howard Hambleton and its existing management team • Doug Rippel to join the parent company’s Board of Directors Accretion • Expected to be approximately 15% accretive to adjusted EPS in 20222, with further accretion expected in 2023 • Expected to be approximately 30% accretive to EBITDA in 2022 Approvals & Closing • Transaction unanimously ap...",12,machine_suggested_pending_human_review
3823769020,Lumentum Holdings Inc,NeoPhotonics Corp,none,0,,,,,no,no,no,,12,machine_suggested_pending_human_review
3831634020,Oportun Financial Corp,Hello Digit Inc,none,0,,,,,yes,no,no,All of Digit’s 100+ employees have joined Oportun and will continue their job functions.,12,machine_suggested_pending_human_review
3834420020,Concentrix Corp,ProKarma Inc,none,0,,,,,no,no,no,,12,machine_suggested_pending_human_review
3839586020,CF Acquisition Corp VI,Rumble Inc,ai_explicit,5,artificial intelligence,". New laws could restrict Rumble’s ability to conduct marketing by, for example, restricting the emailing or targeting users or use certain technologies like artificial intelligence. Similarly, private -market participants may deploy technologies or require certain practices that limit Rumble’s ability to obtain or use certain information about its users and subscribers. For example, Google has indicated that it will ultimately phase out the use of cookies to track users of its search services in future versions of its Chrome w",https://www.sec.gov/Archives/edgar/data/1830081/000121390022007670/fs42022_cfacqui6.htm,"https://www.sec.gov/Archives/edgar/data/1830081/000121390022007670/fs42022_cfacqui6.htm#:~:text=.%20New%20laws%20could%20restrict%20Rumble%E2%80%99s%20ability%20to%20conduct%20marketing%20by%2C%20for%20example%2C%20restricting%20the%20emailing%20or%20targeting%20users%20or%20use%20certain,Google%20has%20indicated%20that%20it%20will%20ultimately%20phase%20out%20the%20use%20of%20cookies%20to%20track%20users%20of%20its%20search%20services%20in%20future%20versions%20of%20its%20Chrome%20w",yes,no,no,"2 (b) Without diminishing or impairing the obligations of the Company set forth in the preceding subparagraph, if, for any reason, Indemnitee shall elect or be required to pay all or any portion of any judgment or settlement in any threatened, pending or completed action, suit or proceeding in which the Company or any Enterprise is jointly liable with Indemnitee (or would be if joined in such a...",12,machine_suggested_pending_human_review
3840675020,8x8 Inc,Fuze Inc,none,0,,,,,no,no,no,,12,machine_suggested_pending_human_review
3843851020,Xometry Inc,Thomas Publishing LLC,none,0,,,,,no,no,no,,9,machine_suggested_pending_human_review
3846599020,Entegris Inc,CMC Materials Inc,none,0,,,,,no,no,no,,12,machine_suggested_pending_human_review
3846918020,Rocket Lab USA Inc,SolAero Technologies Corp,none,0,,,,,yes,no,no,"“SolAero has established itself as a premier provider of solar technologies and we are very excited to be joining forces,” said Rocket Lab founder and CEO, Peter Beck.",12,machine_suggested_pending_human_review
3847595020,Oracle Corp,Cerner Corp,none,0,,,,,no,no,no,,12,machine_suggested_pending_human_review
3848260020,HealthEquity Inc,Further Compliance,none,0,,,,,yes,no,no,"“We are excited to join forces with the Further team, who share our focus on intuitive technology and remarkable service to connect health and wealth,“ said Jon Kessler, President and CEO of HealthEquity.",6,machine_suggested_pending_human_review
3848871020,Stem Inc,AlsoEnergy Inc,none,0,,,,,no,no,no,,12,machine_suggested_pending_human_review
3850686020,Skillsoft Corp,Ryzac Inc,none,0,,,,,yes,yes,no,"By joining forces with Skillsoft, we are in an even stronger position to advance our collective mission and empower today’s workforce – including both individuals and organizations – with the skills for tomorrow.",12,machine_suggested_pending_human_review
3853682040,Opendoor Technologies Inc,Commeasure Pte Ltd,none,0,,,,,no,no,no,,6,machine_suggested_pending_human_review
3855473040,FiscalNote Holdings Inc,Aicel Technologies Inc,none,0,,,,,yes,no,no,"In addition, upon joining FiscalNote, each employee, including the company’s executive officers, executes FiscalNote’s standard form of Employee Confidentiality and Invention Assignment Agreement, which sets forth customary confidentiality, non-solicitation, and intellectual property assignment obligations of each employee.",12,machine_suggested_pending_human_review
3858147020,Stryker Corp,Vocera Communications Inc,none,0,,,,,no,no,no,,12,machine_suggested_pending_human_review
3858410020,Digerati Technologies Inc,SkyNet Telecom LLC,none,0,,,,,no,no,no,,12,machine_suggested_pending_human_review
3859429020,Take-Two Interactive Software,Zynga Inc,ai_explicit,5,machine learning,"capabilities to engage players through live operations (“LiveOps”) and RCS initiatives. By combining resources and proven acumen, the teams at Take-Two and Zynga will deploy best-in-class practices throughout the organization to enhance and grow existing titles across the portfolio. Key opportunities include cross-marketing through a larger, shared customer database and improving game economies through more effective data analytics and machine learning models. Other strategic benefits include the use of Zynga’s Chartboost advertising platform, which will improve new user acquisition through better audience targeting and optimize mobile advertising inventory to achieve greater yields;",https://www.sec.gov/Archives/edgar/data/946581/000119312522005771/d282059dex991.htm,"https://www.sec.gov/Archives/edgar/data/946581/000119312522005771/d282059dex991.htm#:~:text=capabilities%20to%20engage%20players%20through%20live%20operations%20%28%E2%80%9CLiveOps%E2%80%9D%29%20and%20RCS%20initiatives.%20By%20combining%20resources%20and%20proven%20acumen%2C%20the%20teams%20at,which%20will%20improve%20new%20user%20acquisition%20through%20better%20audience%20targeting%20and%20optimize%20mobile%20advertising%20inventory%20to%20achieve%20greater%20yields%3B",no,no,no,,12,machine_suggested_pending_human_review
3871833020,Digerati Technologies Inc,NextLevel Internet Inc,none,0,,,,,yes,no,no,"Gietzen, President of NextLevel Internet, Joins the Digerati Executive Management Team - SAN ANTONIO, TX (GlobeNewswire) – February 8, 2022 – Digerati Technologies, Inc.",12,machine_suggested_pending_human_review
3887864040,JPMorgan Chase & Co,Global Shares PLC,none,0,,,,,no,no,no,,12,machine_suggested_pending_human_review
3891655020,SentinelOne Inc,Attivo Networks Inc,ai_explicit,5,ai-powered,"ing problem of unprotected devices and deployment gaps by automatical- ly deploying Singularity XDR across organizations. We launched Singularity Mobile, a new AI-powered mobile security solution delivering autonomous threat protection, detection, and response for iOS, Android, and Chrome OS devices. We also acquired Scalyr, integrated the cutting-edge backend into our security architecture, and in February 2022 launched externalization of the technology under the DataSet brand. And, we will further broaden our XDR platform with the announced acquisition of Attivo, a leading Identity Threat Detection & Response technology to expedite en- terprise Zero Trust adoption. Bringing Identity to XDR with Attivo Networks Identity is a critical component of the enterprise perimeter and Zero Trust...",https://www.sec.gov/Archives/edgar/data/1583708/000158370822000007/lettertoshareholdersq422.htm,"https://www.sec.gov/Archives/edgar/data/1583708/000158370822000007/lettertoshareholdersq422.htm#:~:text=ing%20problem%20of%20unprotected%20devices%20and%20deployment%20gaps%20by%20automatical%2D%20ly%20deploying%20Singularity%20XDR%20across%20organizations.%20We%20launched%20Singularity,Zero%20Trust%20adoption.%20Bringing%20Identity%20to%20XDR%20with%20Attivo%20Networks%20Identity%20is%20a%20critical%20component%20of%20the%20enterprise%20perimeter%20and%20Zero%20Trust...",yes,no,no,"“I am incredibly excited to join Tomer and the SentinelOne leadership team to help scale and expand further as a public company while focusing on what SentinelOne does best - delivering autonomous cybersecurity, powered by data .",12,machine_suggested_pending_human_review
3892232040,Mitek Systems Inc,HooYu Ltd,ai_explicit,10,artificial intelligence; computer vision,"need to stamp out digital money launderers and sanctioned individuals,” said Max Carnecchia, CEO Mitek Systems. “The only way to combat this scourge is to use artificial intelligence (AI) and stop bad transactions before they happen.” Through this acquisition, organizations gain a more complete picture of the consumer by marrying biometrics, ID document validation, geolocation and identity confidence scoring with real-time data signals such as bureau checks or matches to politically exposed person or sanction lists. HooYu’s innovative orchestration capabilities will enable Mitek customers to optimize workflows and accelerate the deployment of identity solutions across channels. Having a single platform that easily orchestrates and configures a KYC journey t",https://www.sec.gov/Archives/edgar/data/807863/000080786322000057/a20220323-8kxex991.htm,"https://www.sec.gov/Archives/edgar/data/807863/000080786322000057/a20220323-8kxex991.htm#:~:text=need%20to%20stamp%20out%20digital%20money%20launderers%20and%20sanctioned%20individuals%2C%E2%80%9D%20said%20Max%20Carnecchia%2C%20CEO%20Mitek%20Systems.%20%E2%80%9CThe%20only%20way%20to%20combat%20this%20scourge,and%20accelerate%20the%20deployment%20of%20identity%20solutions%20across%20channels.%20Having%20a%20single%20platform%20that%20easily%20orchestrates%20and%20configures%20a%20KYC%20journey%20t",no,no,no,,6,machine_suggested_pending_human_review
3895329020,Boyd Gaming Corp,Pala Interactive LLC,none,0,,,,,no,no,no,,12,machine_suggested_pending_human_review
3896666020,SmartRent Inc,SightPlan Inc,none,0,,,,,yes,no,no,"The SightPlan team will join SmartRent as employees, and SightPlan will continue to run its operations from its Orlando, Florida office.",4,machine_suggested_pending_human_review
3898245040,Workiva Inc,Parseport ApS,none,0,,,,,no,no,no,,3,machine_suggested_pending_human_review
3898599020,Advanced Micro Devices Inc,Pensando Systems Inc,none,0,,,,,no,no,no,,12,machine_suggested_pending_human_review
3899069020,Boston Omaha Corp,Undisclosed Internet Svc Pvdr,none,0,,,,,no,no,no,,8,machine_suggested_pending_human_review
3902649040,Zedge Holdings Inc,GuruShots Ltd,none,0,,,,,no,no,no,,7,machine_suggested_pending_human_review
3903514020,Intellinetics Inc,YellowFolder LLC,none,0,,,,,no,no,no,,12,machine_suggested_pending_human_review
3915952020,Advanced Drainage Systems Inc,Cultec Inc,none,0,,,,,no,no,no,,12,machine_suggested_pending_human_review
3919146020,Hagerty Inc,Speed Digital LLC,none,0,,,,,yes,no,no,"As a member of the Hagerty Executive Team for over a decade, Coco managed sales and service operations prior to joining Human Resources in 2002.",11,machine_suggested_pending_human_review
3931132020,ICF International Inc,SemanticBits LLC,none,0,,,,,no,no,no,,12,machine_suggested_pending_human_review
3937405020,Shutterstock Inc,Splash News,none,0,,,,,no,no,no,,10,machine_suggested_pending_human_review
3941653020,Quantum Computing Inc,QPhoton Inc,ai_explicit,5,computer vision,"ul quantum nanophotonic technology and systems in order to transform critical areas of industry, including healthcare, cybersecurity, finance, environment, and computer vision. QPhoton maintains a growing and diverse portfolio of patented nanophotonic and quantum technology, covering quantum sensing, imaging, information privacy, authentication, data analytics, and quantum photonic computing. Important Ca",https://www.sec.gov/Archives/edgar/data/1758009/000121390022034003/ea161824ex99-1_quantum.htm,"https://www.sec.gov/Archives/edgar/data/1758009/000121390022034003/ea161824ex99-1_quantum.htm#:~:text=ul%20quantum%20nanophotonic%20technology%20and%20systems%20in%20order%20to%20transform%20critical%20areas%20of%20industry%2C%20including%20healthcare%2C%20cybersecurity%2C%20finance%2C,technology%2C%20covering%20quantum%20sensing%2C%20imaging%2C%20information%20privacy%2C%20authentication%2C%20data%20analytics%2C%20and%20quantum%20photonic%20computing.%20Important%20Ca",yes,no,no,Huang and his quantum team are joining QCI and that they will deliver the most advanced quantum technology to accelerate the value of quantum computing to the business world today.,10,machine_suggested_pending_human_review
3947420020,Titan Machinery Inc,Heartland AG Systems Inc,none,0,,,,,no,no,no,,7,machine_suggested_pending_human_review
3948517040,Unity Software Inc,Ironsource Ltd,none,0,,,,,yes,no,no,"” Management and Board of Directors Upon closing of the merger, Tomer Bar-Zeev will join Unity’s Board of Directors and serve as a key member of Unity’s executive leadership team.",12,machine_suggested_pending_human_review
3953332040,Intercontinental Exchange Inc,Engaged Trckng (Et) Index Ltd,none,0,,,,,no,no,no,,8,machine_suggested_pending_human_review
3958349020,Roper Technologies Inc,TIP Technologies Inc,none,0,,,,,no,no,no,,12,machine_suggested_pending_human_review
3964089020,ABM Industries Inc,RavenVolt Inc,none,0,,,,,no,no,no,,6,machine_suggested_pending_human_review
3969906020,Ginkgo Bioworks Holdings Inc,Baktus Inc-Epidemiological,none,0,,,,,yes,no,no,"“I am honored to join Ginkgo’s Board at such a significant time in the company’s history, and look forward to working with Ginkgo’s incredible team as they use synthetic biology to unlock innovations across industries.",12,machine_suggested_pending_human_review
3969983020,AstroNova Inc,Astro Machine Corp,none,0,,,,,no,no,no,,9,machine_suggested_pending_human_review
3972098020,Wesco International Inc,Rahi Systems Inc,none,0,,,,,yes,yes,no,"4 TRIR: 3x-5x better than other distributors • Launched Wesco Cares • Best in class emergency/COVID support for employees, customers and communities we serve • 2022 Bloomberg Gender- Equality Index (4th consecutive) • Accelerated Diversity and Inclusion Program • Creation of multiple Business Resource Groups for employees • Named to Forbes “Best Employers for Women 2021”; Latino Leaders magazin...",10,machine_suggested_pending_human_review
3973484020,Glimpse Group Inc,Brightline Interactive LLC,none,0,,,,,yes,no,no,"Expected synergies from the deal include : ● Increase Glimpse’s annual revenue by approximately 33% ● Place Glimpse on a potential $15 million annual revenue run rate, which we believe cements Glimpse’s position as one of the largest independent VR and AR software and services companies ● Significantly improve business, operating and financial scale, further solidifying Glimpse’s operating base...",12,machine_suggested_pending_human_review
3974497020,Lantronix Inc,Uplogix Inc,none,0,,,,,no,no,no,,9,machine_suggested_pending_human_review
3976265040,DigitalOcean Holdings Inc,Cloudways Ltd,none,0,,,,,yes,no,no,"“In addition, we are excited to be joining forces with the entire Cloudways team and together will continue our mission to simplify cloud computing so builders can spend more time creating software that changes the world.",9,machine_suggested_pending_human_review
3988539020,PLAYSTUDIOS Inc,Brainium Studios LLC,none,0,,,,,yes,no,no,"“We look forward to joining their talented team, leveraging their vast strategic resources, and offering the unique playAWARDS platform to Brainum’s loyal player base.",6,machine_suggested_pending_human_review
4005412040,NextNav Inc,Nestwave SAS,none,0,,,,,yes,no,no,"“The Nestwave team and I are thrilled to be joining NextNav to support the build out of next - generation GPS and 3D geolocation solutions ,” said Ambroise Popper, Nestwave CEO.",9,machine_suggested_pending_human_review
