deal_id,acquirer_name,target_name,announcement_date,effective_date,transaction_value_mil,target_public_status,probe_status,agreement_exhibit_types,target_name_hit,cik_confirmation_basis,documents_retrieved,included_passages,source_documents_with_passages,sample_status,sample_reason
3855473040,FiscalNote Holdings Inc,Aicel Technologies Inc,2021-12-29,2022-08-02,,,merger_proxy,,yes,machine_target_name_in_acquirer_filing,340,797,18,modelled,meets the prespecified yield gate
3839586020,CF Acquisition Corp VI,Rumble Inc,2021-12-02,2022-09-16,"3,150.00",Priv.,merger_proxy,,yes,machine_target_name_in_acquirer_filing,363,708,22,modelled,meets the prespecified yield gate
3791886040,ADTRAN Inc,ADVA Optical Networking SE,2021-08-30,2022-07-08,"1,026.046",,agreement_exhibit,EX-2.1; EX-2.2,yes,machine_target_name_in_acquirer_filing,216,534,7,modelled,meets the prespecified yield gate
3764848040,System1 LLC,Protected.Net Grp Ltd,2021-06-29,2022-01-27,,,merger_proxy,,yes,machine_target_name_in_acquirer_filing,256,492,12,modelled,meets the prespecified yield gate
3969906020,Ginkgo Bioworks Holdings Inc,Baktus Inc-Epidemiological,2022-08-19,2022-08-19,,Sub.,merger_proxy,,no,machine_form_and_window_only,227,476,4,modelled,meets the prespecified yield gate
3859429020,Take-Two Interactive Software,Zynga Inc,2022-01-10,2022-05-23,"12,382.165",Public,agreement_exhibit,EX-2.2,yes,machine_target_name_in_acquirer_filing,174,418,10,modelled,meets the prespecified yield gate
3646001020,Advanced Micro Devices Inc,Xilinx Inc,2020-10-27,2022-02-14,"35,728.81",Public,merger_proxy,,yes,machine_target_name_in_acquirer_filing,523,403,10,modelled,meets the prespecified yield gate
3846599020,Entegris Inc,CMC Materials Inc,2021-12-15,2022-07-06,"5,729.282",Public,merger_proxy,,yes,machine_target_name_in_acquirer_filing,314,314,11,modelled,meets the prespecified yield gate
3703763020,Advent Technologies Holdings,Ultracell LLC,2021-02-18,2021-02-18,,Sub.,merger_proxy,,no,machine_form_and_window_only,66,308,9,modelled,meets the prespecified yield gate
3682911020,Teledyne Technologies Inc,FLIR Systems Inc,2021-01-04,2021-05-14,"7,500.665",Public,merger_proxy,,yes,machine_target_name_in_acquirer_filing,204,287,12,modelled,meets the prespecified yield gate
3948517040,Unity Software Inc,Ironsource Ltd,2022-07-13,2022-11-07,"4,422.114",,merger_proxy,,yes,machine_target_name_in_acquirer_filing,200,277,11,modelled,meets the prespecified yield gate
3665937040,S&P Global Inc,IHS Markit Ltd,2020-11-30,2022-02-28,"43,478.099",,merger_proxy,,yes,machine_target_name_in_acquirer_filing,420,259,12,modelled,meets the prespecified yield gate
3600947020,Analog Devices Inc,Maxim Integrated Products Inc,2020-07-13,2021-08-26,"21,290.859",Public,merger_proxy,,yes,machine_target_name_in_acquirer_filing,255,227,8,modelled,meets the prespecified yield gate
3657350020,ZoomInfo Technologies Inc,Everstring Technology LLC,2020-11-05,2020-11-05,,Priv.,merger_proxy,,yes,machine_target_name_in_acquirer_filing,21,223,1,below_yield_gate,223 passages from 1 source documents is below the gate (10 passages from 2 documents)
3617548020,Teladoc Health Inc,Livongo Health Inc,2020-08-05,2020-10-30,"17,539.058",Public,merger_proxy,,yes,machine_target_name_in_acquirer_filing,178,218,5,modelled,meets the prespecified yield gate
3772512020,EVgo Inc,Recargo Inc,2021-07-09,2021-07-09,25.00,Sub.,merger_proxy,,no,machine_form_and_window_only,40,217,6,modelled,meets the prespecified yield gate
3595648020,Uber Technologies Inc,Postmates Inc,2020-07-06,2020-12-01,"2,650.00",Priv.,merger_proxy,,yes,machine_target_name_in_acquirer_filing,181,214,4,modelled,meets the prespecified yield gate
3813395020,Rocket Lab USA Inc,Advanced Solutions Inc,2021-10-12,2021-10-12,45.50,Priv.,merger_proxy,,yes,machine_target_name_in_acquirer_filing,44,213,2,modelled,meets the prespecified yield gate
3672058040,ViaSat Inc,Euro Broadband Infrastructure,2020-11-19,2021-04-30,,,merger_proxy,,yes,machine_target_name_in_acquirer_filing,150,208,5,modelled,meets the prespecified yield gate
3850686020,Skillsoft Corp,Ryzac Inc,2021-12-22,2022-04-05,525.00,Priv.,merger_proxy,,no,machine_form_and_window_only,153,193,7,modelled,meets the prespecified yield gate
3517450020,Intuit Inc,Credit Karma Inc,2020-02-24,2020-12-03,"7,100.00",Priv.,merger_proxy,,yes,machine_target_name_in_acquirer_filing,125,187,7,modelled,meets the prespecified yield gate
3674075020,FuboTV Inc,Balto Sports Inc,2020-12-01,2020-12-01,,Priv.,merger_proxy,,yes,machine_target_name_in_acquirer_filing,29,168,1,below_yield_gate,168 passages from 1 source documents is below the gate (10 passages from 2 documents)
3801639020,Opendoor Technologies Inc,Pro.com Home Services LLC,2021-09-07,2021-09-07,,Priv.,merger_proxy,,yes,machine_target_name_in_acquirer_filing,121,159,2,modelled,meets the prespecified yield gate
3663654020,Bally's Corp,Bet.Works Corp,2020-11-18,2021-06-01,139.382,Priv.,agreement_exhibit,EX-2.1,no,machine_form_and_window_only,251,147,10,modelled,meets the prespecified yield gate
3924275040,Joby Aviation Inc,Avionyx,2022-05-18,2022-05-18,,,merger_proxy,,no,machine_form_and_window_only,66,143,1,below_yield_gate,143 passages from 1 source documents is below the gate (10 passages from 2 documents)
3793545020,Janus International Group LLC,Access Control Tech Llc,2021-09-01,2021-09-01,,Priv.,merger_proxy,,yes,machine_target_name_in_acquirer_filing,73,140,1,below_yield_gate,140 passages from 1 source documents is below the gate (10 passages from 2 documents)
3953332040,Intercontinental Exchange Inc,Engaged Trckng (Et) Index Ltd,2022-07-21,2022-07-21,,,merger_proxy,,yes,machine_target_name_in_acquirer_filing,49,135,3,modelled,meets the prespecified yield gate
3791426020,Rekor System Inc,Waycare Technologies Ltd,2021-08-19,2021-08-19,60.121,Priv.,announcement_only,,not_checked,machine_form_and_window_only,123,131,6,modelled,meets the prespecified yield gate
3823769020,Lumentum Holdings Inc,NeoPhotonics Corp,2021-11-04,2022-08-03,863.571,Public,agreement_exhibit,EX-2.1,yes,machine_target_name_in_acquirer_filing,81,130,5,modelled,meets the prespecified yield gate
3776684040,Chargepoint Holdings Inc,Has to be GmbH,2021-07-20,2021-10-07,294.95,,merger_proxy,,yes,machine_target_name_in_acquirer_filing,70,124,1,below_yield_gate,124 passages from 1 source documents is below the gate (10 passages from 2 documents)
3812049020,Emerson Electric Co,Aspen Technology Inc,2021-10-11,2022-05-16,"10,864.939",Public,agreement_exhibit,EX-2.1,yes,machine_target_name_in_acquirer_filing,83,121,3,modelled,meets the prespecified yield gate
3846918020,Rocket Lab USA Inc,SolAero Technologies Corp,2021-12-13,2022-01-18,80.00,Priv.,merger_proxy,,no,machine_form_and_window_only,251,121,4,modelled,meets the prespecified yield gate
3601404020,Hewlett Packard Enterprise Co,Silver Peak Systems Inc,2020-07-13,2020-09-21,925.00,Priv.,agreement_exhibit,EX-2.1,yes,machine_target_name_in_acquirer_filing,77,118,3,modelled,meets the prespecified yield gate
3779981020,Marvell Technology Inc,Innovium Inc,2021-08-03,2021-10-05,"1,153.859",Priv.,merger_proxy,,no,machine_form_and_window_only,92,113,6,modelled,meets the prespecified yield gate
3840675020,8x8 Inc,Fuze Inc,2021-12-01,2022-01-18,250.00,Priv.,agreement_exhibit,EX-2.1,yes,machine_target_name_in_acquirer_filing,136,113,6,modelled,meets the prespecified yield gate
3845837020,Vivid Seats Inc,Betcha Sports Inc,2021-12-13,2021-12-13,65.00,Priv.,merger_proxy,,yes,machine_target_name_in_acquirer_filing,32,112,1,below_yield_gate,112 passages from 1 source documents is below the gate (10 passages from 2 documents)
3741094020,Clarivate PLC,ProQuest LLC,2021-05-17,2021-12-01,"6,336.023",Sub.,agreement_exhibit,EX-2.1,yes,machine_target_name_in_acquirer_filing,455,111,8,modelled,meets the prespecified yield gate
3799747020,Goldman Sachs Group Inc,Greensky Inc,2021-09-15,2022-03-29,"2,239.124",Public,merger_proxy,,no,machine_form_and_window_only,639,107,4,modelled,meets the prespecified yield gate
3707417020,DuPont de Nemours Inc,Laird Technologies Inc,2021-03-08,2021-07-01,"2,300.00",Sub.,announcement_only,,not_checked,machine_form_and_window_only,77,105,1,below_yield_gate,105 passages from 1 source documents is below the gate (10 passages from 2 documents)
3738528040,MKS Instruments Inc,Photon Control Inc,2021-05-10,2021-07-15,311.903,,announcement_only,,not_checked,machine_form_and_window_only,110,102,6,modelled,meets the prespecified yield gate
3791776040,Synaptics Inc,Dsp Grp Inc,2021-08-30,2021-12-02,597.001,,announcement_only,,not_checked,machine_form_and_window_only,93,101,1,below_yield_gate,101 passages from 1 source documents is below the gate (10 passages from 2 documents)
3622082020,Omnicell Inc,Pharm Strategies Grp-Business,2020-08-12,2020-10-02,225.00,Sub.,agreement_exhibit,EX-2.1,yes,machine_target_name_in_acquirer_filing,85,100,5,modelled,meets the prespecified yield gate
3575962020,Flotek Industries Inc,JP3 Measurement LLC,2020-05-18,2020-05-18,42.80,Priv.,agreement_exhibit,EX-2.1,yes,machine_target_name_in_acquirer_filing,156,95,4,modelled,meets the prespecified yield gate
3810070020,Ouster Inc,Sense Photonics Inc,2021-10-05,2021-10-25,68.02,Priv.,merger_proxy,,yes,machine_target_name_in_acquirer_filing,45,94,3,modelled,meets the prespecified yield gate
3519983020,DocuSign Inc,Seal Software Ltd,2020-02-27,2020-05-01,188.00,Priv.,agreement_exhibit,EX-2.1,yes,machine_target_name_in_acquirer_filing,47,93,2,modelled,meets the prespecified yield gate
3762860040,Advent Technologies Holdings,Fischer Eco Solutions GmbH,2021-06-25,2021-09-01,,,merger_proxy,,no,machine_form_and_window_only,147,90,3,modelled,meets the prespecified yield gate
3812022020,Syneos Health Inc,Rxdatascience Inc,2021-10-06,2021-10-06,,Priv.,merger_proxy,,no,machine_form_and_window_only,4,88,1,below_yield_gate,88 passages from 1 source documents is below the gate (10 passages from 2 documents)
3858147020,Stryker Corp,Vocera Communications Inc,2022-01-06,2022-02-23,"2,970.467",Public,agreement_exhibit,EX-2.1,yes,machine_target_name_in_acquirer_filing,81,88,7,modelled,meets the prespecified yield gate
3770121020,Moody's Corp,Risk Management Solutions Inc,2021-08-05,2021-09-15,"1,978.613",Sub.,agreement_exhibit,EX-2.1,yes,machine_target_name_in_acquirer_filing,56,86,3,modelled,meets the prespecified yield gate
3783818020,Intuit Inc,The Rocket Science Group LLC,2021-09-13,2021-11-01,"12,000.00",Priv.,agreement_exhibit,EX-2.1,yes,machine_target_name_in_acquirer_filing,50,84,4,modelled,meets the prespecified yield gate
3632181020,Progress Software Corp,Chef Software Inc,2020-09-08,2020-10-06,220.00,Priv.,agreement_exhibit,EX-2.1,yes,machine_target_name_in_acquirer_filing,76,83,3,modelled,meets the prespecified yield gate
3815183020,CDW Corp,Sirius Computer Solutions Inc,2021-10-18,2021-12-02,"2,500.00",Sub.,agreement_exhibit,EX-2.1,yes,machine_target_name_in_acquirer_filing,85,83,4,modelled,meets the prespecified yield gate
3941653020,Quantum Computing Inc,QPhoton Inc,2022-05-23,2022-06-16,8.703,Priv.,merger_proxy,,yes,machine_target_name_in_acquirer_filing,29,83,3,modelled,meets the prespecified yield gate
3798372020,3D Systems Corp,Oqton Inc,2021-09-08,2021-11-01,180.00,Priv.,agreement_exhibit,EX-2.1,yes,machine_target_name_in_acquirer_filing,199,82,2,modelled,meets the prespecified yield gate
3820535020,FirstCash Inc,American First Finance Inc,2021-10-28,2021-12-17,"1,296.925",Priv.,agreement_exhibit,EX-2.1,yes,machine_target_name_in_acquirer_filing,134,82,6,modelled,meets the prespecified yield gate
3831634020,Oportun Financial Corp,Hello Digit Inc,2021-11-16,2021-12-22,212.875,Priv.,agreement_exhibit,EX-2.1,yes,machine_target_name_in_acquirer_filing,65,82,3,modelled,meets the prespecified yield gate
3931132020,ICF International Inc,SemanticBits LLC,2022-06-08,2022-07-13,220.00,Priv.,announcement_only,,not_checked,machine_form_and_window_only,185,82,2,modelled,meets the prespecified yield gate
3799280020,Tenable Holdings Inc,Accurics Inc,2021-09-13,2021-10-01,160.00,Priv.,announcement_only,,not_checked,machine_form_and_window_only,22,81,2,modelled,meets the prespecified yield gate
3834420020,Concentrix Corp,ProKarma Inc,2021-11-22,2021-12-27,"1,600.00",Sub.,agreement_exhibit,EX-2.1,yes,machine_target_name_in_acquirer_filing,52,81,3,modelled,meets the prespecified yield gate
3896666020,SmartRent Inc,SightPlan Inc,2022-03-21,2022-03-22,135.00,Priv.,merger_proxy,,yes,machine_target_name_in_acquirer_filing,13,81,2,modelled,meets the prespecified yield gate
3627288020,Fastly Inc,Signal Sciences Corp,2020-08-27,2020-10-01,775.00,Priv.,announcement_only,,not_checked,machine_form_and_window_only,200,80,3,modelled,meets the prespecified yield gate
3976265040,DigitalOcean Holdings Inc,Cloudways Ltd,2022-08-23,2022-09-08,350.00,,agreement_exhibit,EX-2.1,yes,machine_target_name_in_acquirer_filing,24,80,3,modelled,meets the prespecified yield gate
3723726020,PAR Technology Corp,Punchh Inc,2021-04-08,2021-04-08,489.351,Priv.,agreement_exhibit,EX-2.1,yes,machine_target_name_in_acquirer_filing,47,79,7,modelled,meets the prespecified yield gate
3919146020,Hagerty Inc,Speed Digital LLC,2022-04-14,2022-04-14,,Priv.,merger_proxy,,yes,machine_target_name_in_acquirer_filing,126,79,2,modelled,meets the prespecified yield gate
3947420020,Titan Machinery Inc,Heartland AG Systems Inc,2022-07-11,2022-08-01,95.50,Priv.,agreement_exhibit,EX-2.1; EX-2.2; EX-2.3,yes,machine_target_name_in_acquirer_filing,255,79,4,modelled,meets the prespecified yield gate
3964089020,ABM Industries Inc,RavenVolt Inc,2022-08-18,2022-09-01,450.00,Priv.,agreement_exhibit,EX-2.1,yes,machine_target_name_in_acquirer_filing,19,79,2,modelled,meets the prespecified yield gate
3770172020,Cirrus Logic Inc,Lion Semiconductor Inc,2021-07-08,2021-07-20,335.00,Priv.,announcement_only,,not_checked,machine_form_and_window_only,52,78,3,modelled,meets the prespecified yield gate
3937405020,Shutterstock Inc,Splash News,2022-05-31,2022-05-31,,Sub.,agreement_exhibit,EX-2.1,no,machine_form_and_window_only,42,78,4,modelled,meets the prespecified yield gate
3638083020,PagerDuty Inc,Rundeck Inc,2020-09-21,2020-10-01,100.00,Priv.,agreement_exhibit,EX-2.1,yes,machine_target_name_in_acquirer_filing,11,77,3,modelled,meets the prespecified yield gate
3733771020,Fathom Holdings Inc,LiveBy Inc,2021-04-26,2021-04-26,9.00,Priv.,agreement_exhibit,EX-2.1,no,machine_form_and_window_only,22,75,2,modelled,meets the prespecified yield gate
3705005020,Okta Inc,Auth0 Inc,2021-03-03,2021-05-03,"6,252.724",Priv.,announcement_only,,not_checked,machine_form_and_window_only,47,74,3,modelled,meets the prespecified yield gate
3618415020,Intercontinental Exchange Inc,Ellie Mae Inc,2020-08-06,2020-09-04,"10,980.88",Sub.,agreement_exhibit,EX-2.1,yes,machine_target_name_in_acquirer_filing,98,72,4,modelled,meets the prespecified yield gate
3684325040,Thryv Holdings Inc,Sensis Pty Ltd,2021-01-06,2021-03-01,200.00,,merger_proxy,,yes,machine_target_name_in_acquirer_filing,90,72,5,modelled,meets the prespecified yield gate
3644431020,Mastech Digital Inc,AmberLeaf Partners Inc,2020-10-01,2020-10-01,14.00,Priv.,announcement_only,,not_checked,machine_form_and_window_only,18,68,2,modelled,meets the prespecified yield gate
3700303020,Skyworks Solutions Inc,Silicon Labs-Analog Chip Unit,2021-04-22,2021-07-26,"2,750.00",Sub.,agreement_exhibit,EX-2.1,yes,machine_target_name_in_acquirer_filing,95,68,4,modelled,meets the prespecified yield gate
3715589040,Digital Turbine Inc,Fyber NV,2021-03-22,2021-05-25,570.00,,announcement_only,,not_checked,machine_form_and_window_only,94,68,3,modelled,meets the prespecified yield gate
3847595020,Oracle Corp,Cerner Corp,2021-12-20,2022-06-08,"28,171.86",Public,agreement_exhibit,EX-2.1,yes,machine_target_name_in_acquirer_filing,117,67,10,modelled,meets the prespecified yield gate
3680472020,CarGurus Inc,CarOffer LLC,2020-12-10,2021-01-14,145.826,Priv.,agreement_exhibit,EX-2.1,yes,machine_target_name_in_acquirer_filing,50,65,5,modelled,meets the prespecified yield gate
3696589020,Tyler Technologies Inc,NIC Inc,2021-02-10,2021-04-21,"2,328.034",Public,agreement_exhibit,EX-2.1,yes,machine_target_name_in_acquirer_filing,353,65,6,modelled,meets the prespecified yield gate
3698631040,Tenable Holdings Inc,Alsid Sas,2021-02-10,2021-04-26,98.001,,announcement_only,,not_checked,machine_form_and_window_only,29,65,4,modelled,meets the prespecified yield gate
3858410020,Digerati Technologies Inc,SkyNet Telecom LLC,2022-01-05,2022-01-05,,Priv.,announcement_only,,not_checked,machine_form_and_window_only,52,65,4,modelled,meets the prespecified yield gate
3871290020,Resideo Technologies Inc,First Alert Inc,2022-02-07,2022-04-01,593.00,Sub.,agreement_exhibit,EX-2.1,yes,machine_target_name_in_acquirer_filing,37,63,1,below_yield_gate,63 passages from 1 source documents is below the gate (10 passages from 2 documents)
3902649040,Zedge Holdings Inc,GuruShots Ltd,2022-04-13,2022-04-13,10.868,,agreement_exhibit,EX-2.1,yes,machine_target_name_in_acquirer_filing,38,63,3,modelled,meets the prespecified yield gate
3647181020,DLH Holdings Corp,Irving Burton Associates LLC,2020-09-30,2020-09-30,32.00,Priv.,agreement_exhibit,EX-2.1,yes,machine_target_name_in_acquirer_filing,285,61,3,modelled,meets the prespecified yield gate
3689728040,Verra Mobility Corp,Redflex Holdings Ltd,2021-01-22,2021-06-09,117.267,,agreement_exhibit,EX-2.1,yes,machine_target_name_in_acquirer_filing,150,61,4,modelled,meets the prespecified yield gate
3525025040,Xerox Holdings Corp,Digitex Canada Inc,2020-03-06,2020-03-06,,,merger_proxy,,no,machine_form_and_window_only,84,60,7,modelled,meets the prespecified yield gate
3695772020,Electronic Arts Inc,Glu Mobile Inc,2021-02-08,2021-04-29,"2,377.614",Public,agreement_exhibit,EX-2.1,yes,machine_target_name_in_acquirer_filing,123,60,5,modelled,meets the prespecified yield gate
3480790020,Roper Technologies Inc,Vertafore Inc,2020-08-13,2020-09-03,"5,350.00",Sub.,agreement_exhibit,EX-2.1,yes,machine_target_name_in_acquirer_filing,46,59,4,modelled,meets the prespecified yield gate
3923441020,Parsons Corp,Xator Corp,2022-05-23,2022-06-01,400.00,Priv.,agreement_exhibit,EX-2.1,yes,machine_target_name_in_acquirer_filing,27,59,1,below_yield_gate,59 passages from 1 source documents is below the gate (10 passages from 2 documents)
3973484020,Glimpse Group Inc,Brightline Interactive LLC,2022-05-26,2022-08-02,32.50,Priv.,announcement_only,,not_checked,machine_form_and_window_only,65,58,2,modelled,meets the prespecified yield gate
3680836040,Quantum Corp,Sq Box Sys Ltd,2020-12-14,2020-12-14,,,agreement_exhibit,EX-2.1,yes,machine_target_name_in_acquirer_filing,26,57,3,modelled,meets the prespecified yield gate
3715094020,Dell Technologies Inc,Mesh7 Inc,2021-03-18,2021-03-31,,Priv.,announcement_only,,not_checked,machine_form_and_window_only,163,56,4,modelled,meets the prespecified yield gate
3791317020,ON Semiconductor Corp,GTAT Corp,2021-08-25,2021-11-01,415.00,Public,agreement_exhibit,EX-2.1,yes,machine_target_name_in_acquirer_filing,124,56,3,modelled,meets the prespecified yield gate
3805188020,Progress Software Corp,Kemp Technologies Inc,2021-09-23,2021-11-01,258.00,Sub.,agreement_exhibit,EX-2.1,yes,machine_target_name_in_acquirer_filing,49,54,1,below_yield_gate,54 passages from 1 source documents is below the gate (10 passages from 2 documents)
3515714020,1-800-Flowers.com Inc,PersonalizationMall.com Inc,2020-02-18,2020-08-03,245.00,Sub.,agreement_exhibit,EX-2.1,yes,machine_target_name_in_acquirer_filing,36,53,3,modelled,meets the prespecified yield gate
3797706020,TransUnion,NeuStar Inc,2021-09-13,2021-12-01,"3,100.00",Sub.,agreement_exhibit,EX-2.1,yes,machine_target_name_in_acquirer_filing,90,52,3,modelled,meets the prespecified yield gate
3879360020,Verisk Analytics Inc,Infutor Data Solutions LLC,2022-02-11,2022-02-11,248.50,Priv.,announcement_only,,not_checked,machine_form_and_window_only,37,51,1,below_yield_gate,51 passages from 1 source documents is below the gate (10 passages from 2 documents)
3854227020,Gaia Inc,Yoga International LLC,2021-12-22,2021-12-22,18.925,Priv.,agreement_exhibit,EX-2.1,yes,machine_target_name_in_acquirer_filing,9,50,1,below_yield_gate,50 passages from 1 source documents is below the gate (10 passages from 2 documents)
3708187040,Smith Micro Software Inc,Avast Plc-Family Safety,2021-03-08,2021-04-19,65.999,,agreement_exhibit,EX-2.1,yes,machine_target_name_in_acquirer_filing,63,49,3,modelled,meets the prespecified yield gate
3745024020,Repay Holdings Corp,Electn Payment Pvdrs Inc,2021-05-10,2021-06-15,503.00,Sub.,agreement_exhibit,EX-2.1,yes,machine_target_name_in_acquirer_filing,90,49,5,modelled,meets the prespecified yield gate
3760105020,Genasys Inc,Zonehaven Inc,2021-06-07,2021-06-07,,Priv.,agreement_exhibit,EX-2.1,yes,machine_target_name_in_acquirer_filing,9,49,1,below_yield_gate,49 passages from 1 source documents is below the gate (10 passages from 2 documents)
3988539020,PLAYSTUDIOS Inc,Brainium Studios LLC,2022-10-13,2022-10-13,97.25,Priv.,agreement_exhibit,EX-2.1,yes,machine_target_name_in_acquirer_filing,31,49,2,modelled,meets the prespecified yield gate
3623613020,KBR Inc,Centauri LLC,2020-08-19,2020-10-05,827.00,Priv.,agreement_exhibit,EX-2.1,yes,machine_target_name_in_acquirer_filing,74,48,3,modelled,meets the prespecified yield gate
3969983020,AstroNova Inc,Astro Machine Corp,2022-08-09,2022-08-09,17.125,Priv.,announcement_only,,not_checked,machine_form_and_window_only,33,48,2,modelled,meets the prespecified yield gate
3781204040,Penn National Gaming Inc,Score Media & Gaming Inc,2021-08-05,2021-10-19,"1,783.401",,agreement_exhibit,EX-2.1,yes,machine_target_name_in_acquirer_filing,71,47,5,modelled,meets the prespecified yield gate
3567824020,Rapid7 Inc,Divvy Cloud Corp,2020-04-24,2020-05-01,145.00,Priv.,announcement_only,,not_checked,machine_form_and_window_only,41,46,3,modelled,meets the prespecified yield gate
3601877020,Asure Software Inc,PTM Inc-Certain Assets,2020-07-01,2020-07-01,4.25,Sub.,agreement_exhibit,EX-2.1,yes,machine_target_name_in_acquirer_filing,11,46,2,modelled,meets the prespecified yield gate
3757628020,Brady Corp,The Code Corp,2021-06-17,2021-06-17,173.00,Priv.,agreement_exhibit,EX-2.1,yes,machine_target_name_in_acquirer_filing,57,44,1,below_yield_gate,44 passages from 1 source documents is below the gate (10 passages from 2 documents)
3903514020,Intellinetics Inc,YellowFolder LLC,2022-04-05,2022-04-05,,Priv.,agreement_exhibit,EX-2.1,no,machine_form_and_window_only,57,44,2,modelled,meets the prespecified yield gate
3675428020,HealthStream Inc,myClinicalExchange LLC,2020-12-10,2020-12-10,4.50,Priv.,agreement_exhibit,EX-2.1,no,machine_form_and_window_only,25,43,3,modelled,meets the prespecified yield gate
3746026020,EQT AB,Symphony Performance Health,2021-05-26,2021-05-26,,Priv.,announcement_only,,not_checked,machine_form_and_window_only,57,43,2,modelled,meets the prespecified yield gate
3974497020,Lantronix Inc,Uplogix Inc,2022-09-12,2022-09-12,12.00,Priv.,agreement_exhibit,EX-2.1,yes,machine_target_name_in_acquirer_filing,33,42,2,modelled,meets the prespecified yield gate
3526012020,Silicon Laboratories Inc,Redpine Signals-Connectivity,2020-03-12,2020-04-29,308.00,Sub.,agreement_exhibit,EX-2.1,yes,machine_target_name_in_acquirer_filing,62,40,1,below_yield_gate,40 passages from 1 source documents is below the gate (10 passages from 2 documents)
3741286020,3D Systems Corp,Allevi Inc,2021-05-06,2021-05-06,,Priv.,announcement_only,,not_checked,machine_form_and_window_only,66,40,3,modelled,meets the prespecified yield gate
3782679020,Certara Inc,Pinnacle 21 LLC,2021-08-05,2021-10-04,310.00,Priv.,agreement_exhibit,EX-2.1,yes,machine_target_name_in_acquirer_filing,35,40,3,modelled,meets the prespecified yield gate
3659026020,ACCO Brands Corp,PowerA,2020-11-10,2020-12-17,395.00,Sub.,agreement_exhibit,EX-2.1,yes,machine_target_name_in_acquirer_filing,30,39,2,modelled,meets the prespecified yield gate
3822763020,Digi International Inc,Ventus Holdings LLC,2021-11-02,2021-11-02,374.40,Priv.,agreement_exhibit,EX-2.1,yes,machine_target_name_in_acquirer_filing,28,39,1,below_yield_gate,39 passages from 1 source documents is below the gate (10 passages from 2 documents)
3501600020,ICF International Inc,Incentive Technology Group LLC,2020-01-13,2020-01-31,255.00,Priv.,announcement_only,,not_checked,machine_form_and_window_only,65,38,1,below_yield_gate,38 passages from 1 source documents is below the gate (10 passages from 2 documents)
3710620020,HealthEquity Inc,Fort Effect Corp,2021-03-08,2021-03-08,67.227,Priv.,agreement_exhibit,EX-2.1,yes,machine_target_name_in_acquirer_filing,58,38,2,modelled,meets the prespecified yield gate
3738724020,Lantronix Inc,Transition Networks Inc,2021-04-29,2021-08-02,32.028,Sub.,agreement_exhibit,EX-2.1,yes,machine_target_name_in_acquirer_filing,49,38,3,modelled,meets the prespecified yield gate
3958349020,Roper Technologies Inc,TIP Technologies Inc,2022-07-14,2022-09-26,,Priv.,announcement_only,,not_checked,machine_form_and_window_only,58,38,2,modelled,meets the prespecified yield gate
3696776020,BGSF Inc,Momentum Solutionz LLC,2021-02-09,2021-02-09,6.00,Priv.,agreement_exhibit,EX-2.1,yes,machine_target_name_in_acquirer_filing,44,37,2,modelled,meets the prespecified yield gate
3852630020,RF Industries Ltd,Microlab LLC,2021-12-17,2022-03-02,24.25,Sub.,announcement_only,,not_checked,machine_form_and_window_only,99,37,1,below_yield_gate,37 passages from 1 source documents is below the gate (10 passages from 2 documents)
3892232040,Mitek Systems Inc,HooYu Ltd,2022-03-23,2022-03-23,129.977,,agreement_exhibit,EX-2.1,yes,machine_target_name_in_acquirer_filing,22,37,2,modelled,meets the prespecified yield gate
3899069020,Boston Omaha Corp,Undisclosed Internet Svc Pvdr,2022-04-04,2022-04-04,,J.V.,agreement_exhibit,EX-2.1; EX-2.2,yes,machine_target_name_in_acquirer_filing,26,35,3,modelled,meets the prespecified yield gate
3523484020,Intellinetics Inc,Graphic Sciences Inc,2020-03-04,2020-03-04,3.50,Priv.,agreement_exhibit,EX-2.1,yes,machine_target_name_in_acquirer_filing,61,34,3,modelled,meets the prespecified yield gate
3697310020,Data Storage Corp,Flagship Solutions LLC,2021-02-10,2021-06-03,10.50,Priv.,announcement_only,,not_checked,machine_form_and_window_only,51,34,3,modelled,meets the prespecified yield gate
3797368040,DigitalBridge Group Inc,Agile Data Ctrs,2021-09-09,2021-09-09,,,agreement_exhibit,EX-2.1,yes,machine_target_name_in_acquirer_filing,8,33,1,below_yield_gate,33 passages from 1 source documents is below the gate (10 passages from 2 documents)
3748788020,Mitek Systems Inc,ID R&D Inc,2021-06-01,2021-06-01,35.917,Priv.,agreement_exhibit,EX-2.1,no_distinctive_target_tokens,machine_form_and_window_only,30,32,3,modelled,meets the prespecified yield gate
3662022040,Nasdaq Inc,Verafin Inc,2020-11-19,2021-02-11,"2,750.00",,announcement_only,,not_checked,machine_form_and_window_only,97,31,3,modelled,meets the prespecified yield gate
3816687020,Cboe Global Markets Inc,Eris Digital Holdings LLC,2021-10-20,2022-05-02,,Sub.,announcement_only,,not_checked,machine_form_and_window_only,96,31,1,below_yield_gate,31 passages from 1 source documents is below the gate (10 passages from 2 documents)
3843851020,Xometry Inc,Thomas Publishing LLC,2021-12-08,2021-12-09,291.203,Priv.,agreement_exhibit,EX-2.1,yes,machine_target_name_in_acquirer_filing,25,31,3,modelled,meets the prespecified yield gate
3895329020,Boyd Gaming Corp,Pala Interactive LLC,2022-03-28,2022-11-01,170.00,Priv.,announcement_only,,not_checked,machine_form_and_window_only,104,30,2,modelled,meets the prespecified yield gate
3754891020,Franklin Covey Co,Strive Talent Inc,2021-04-26,2021-04-26,,Priv.,agreement_exhibit,EX-2.1,yes,machine_target_name_in_acquirer_filing,22,29,1,below_yield_gate,29 passages from 1 source documents is below the gate (10 passages from 2 documents)
3545651040,Simulations Plus Inc,Lixoft SAS,2020-03-31,2020-04-01,16.499,,agreement_exhibit,EX-2.1,yes,machine_target_name_in_acquirer_filing,36,28,2,modelled,meets the prespecified yield gate
3871833020,Digerati Technologies Inc,NextLevel Internet Inc,2022-02-08,2022-02-08,,Priv.,announcement_only,,not_checked,machine_form_and_window_only,62,28,4,modelled,meets the prespecified yield gate
3083608020,Rockwell Automation Inc,Plex Systems Inc,2021-06-25,2021-09-01,"2,220.00",Sub.,announcement_only,,not_checked,machine_form_and_window_only,44,26,1,below_yield_gate,26 passages from 1 source documents is below the gate (10 passages from 2 documents)
3774828020,Bill.com Holdings Inc,Invoice2go Inc,2021-07-19,2021-09-01,625.00,Priv.,announcement_only,,not_checked,machine_form_and_window_only,89,26,4,modelled,meets the prespecified yield gate
3827627020,CACI International Inc,SA Photonics Inc,2021-11-03,2021-12-16,275.00,Priv.,announcement_only,,not_checked,machine_form_and_window_only,27,23,1,below_yield_gate,23 passages from 1 source documents is below the gate (10 passages from 2 documents)
3586998020,BIO-key International Inc,PistolStar Inc,2020-06-10,2020-07-28,2.50,Priv.,announcement_only,,not_checked,machine_form_and_window_only,39,22,2,modelled,meets the prespecified yield gate
3857619020,SmartRent Inc,iQuue LLC,2022-01-04,2022-01-04,,Priv.,merger_proxy,,no,machine_form_and_window_only,46,22,1,below_yield_gate,22 passages from 1 source documents is below the gate (10 passages from 2 documents)
3665091020,Equifax Inc,Kount Inc,2021-01-08,2021-02-11,640.00,Priv.,announcement_only,,not_checked,machine_form_and_window_only,32,21,1,below_yield_gate,21 passages from 1 source documents is below the gate (10 passages from 2 documents)
3774506020,Vontier Corp,DRB Systems LLC,2021-07-19,2021-09-13,965.00,Sub.,announcement_only,,not_checked,machine_form_and_window_only,32,21,2,modelled,meets the prespecified yield gate
3898599020,Advanced Micro Devices Inc,Pensando Systems Inc,2022-04-04,2022-05-26,"1,900.00",Priv.,announcement_only,,not_checked,machine_form_and_window_only,90,21,3,modelled,meets the prespecified yield gate
3915952020,Advanced Drainage Systems Inc,Cultec Inc,2022-05-02,2022-05-02,,Priv.,announcement_only,,not_checked,machine_form_and_window_only,54,21,2,modelled,meets the prespecified yield gate
3521692020,CleanSpark Inc,P2klabs Inc,2020-02-06,2020-02-06,,Priv.,agreement_exhibit,EX-2.1,yes,machine_target_name_in_acquirer_filing,40,20,3,modelled,meets the prespecified yield gate
3681332020,CleanSpark Inc,ATL Data Centers LLC,2020-12-10,2020-12-10,28.083,Priv.,agreement_exhibit,EX-2.1,yes,machine_target_name_in_acquirer_filing,10,20,2,modelled,meets the prespecified yield gate
3703504040,Bentley Systems Inc,E7 Pty Ltd,2021-02-25,2021-02-25,,,announcement_only,,not_checked,machine_form_and_window_only,43,20,2,modelled,meets the prespecified yield gate
3829259020,Quantum-Si Inc,Majelac Technologies LLC,2021-11-09,2021-11-09,,Priv.,merger_proxy,,yes,machine_target_name_in_acquirer_filing,22,19,1,below_yield_gate,19 passages from 1 source documents is below the gate (10 passages from 2 documents)
3520113020,Boxlight Corp,MyStemKits Inc,2020-02-06,2020-04-21,.60,Sub.,announcement_only,,not_checked,machine_form_and_window_only,52,17,1,below_yield_gate,17 passages from 1 source documents is below the gate (10 passages from 2 documents)
3723773020,KKR & Co Inc,Therapy Brands Holdings LLC,2021-04-07,2021-05-18,,Sub.,announcement_only,,not_checked,machine_form_and_window_only,115,17,2,modelled,meets the prespecified yield gate
3771128020,ZoomInfo Technologies Inc,AffectLayer Inc,2021-07-13,2021-09-02,575.00,Priv.,merger_proxy,,no,machine_form_and_window_only,71,17,2,modelled,meets the prespecified yield gate
3848260020,HealthEquity Inc,Further Compliance,2021-11-01,2021-11-01,500.00,Priv.,agreement_exhibit,EX-2.1,yes,machine_target_name_in_acquirer_filing,25,17,3,modelled,meets the prespecified yield gate
3972098020,Wesco International Inc,Rahi Systems Inc,2022-09-07,2022-11-01,217.00,Priv.,announcement_only,,not_checked,machine_form_and_window_only,177,17,2,modelled,meets the prespecified yield gate
3764857020,Builders FirstSource Inc,WTS Paradigm LLC,2021-06-29,2021-08-17,450.00,Priv.,announcement_only,,not_checked,machine_form_and_window_only,79,16,1,below_yield_gate,16 passages from 1 source documents is below the gate (10 passages from 2 documents)
3705355020,EQT AB,Four51 Inc,2021-03-03,2021-04-01,,Priv.,announcement_only,,not_checked,machine_form_and_window_only,29,15,1,below_yield_gate,15 passages from 1 source documents is below the gate (10 passages from 2 documents)
3787010040,EPAM Systems Inc,Emakina Group SA,2021-08-18,2021-11-30,133.11,,announcement_only,,not_checked,machine_form_and_window_only,28,15,1,below_yield_gate,15 passages from 1 source documents is below the gate (10 passages from 2 documents)
3853682040,Opendoor Technologies Inc,Commeasure Pte Ltd,2021-11-05,2021-11-05,,,merger_proxy,,no,machine_form_and_window_only,45,15,2,modelled,meets the prespecified yield gate
3791099020,Advantage Solutions Inc,Strong Analytics Llc,2021-08-26,2021-08-26,,Priv.,merger_proxy,,yes,machine_target_name_in_acquirer_filing,29,14,1,below_yield_gate,14 passages from 1 source documents is below the gate (10 passages from 2 documents)
3620234020,Cerberus Cyber Sentinel Corp,Technologyville Inc,2020-05-25,2020-08-11,6.954,Priv.,announcement_only,,not_checked,machine_form_and_window_only,24,13,3,modelled,meets the prespecified yield gate
3719135040,Broadridge Finl Solutions Inc,Itiviti Group Holding AB,2021-03-29,2021-05-12,"2,527.883",,agreement_exhibit,EX-2.1,yes,machine_target_name_in_acquirer_filing,186,13,3,modelled,meets the prespecified yield gate
4005412040,NextNav Inc,Nestwave SAS,2022-11-02,2022-11-02,19.30,,merger_proxy,,yes,machine_target_name_in_acquirer_filing,34,13,2,modelled,meets the prespecified yield gate
3848871020,Stem Inc,AlsoEnergy Inc,2021-12-16,2022-02-01,695.00,Priv.,merger_proxy,,no,machine_form_and_window_only,104,11,2,modelled,meets the prespecified yield gate
3887864040,JPMorgan Chase & Co,Global Shares PLC,2022-03-15,2022-08-11,,,merger_proxy,,no,machine_form_and_window_only,2379,11,2,modelled,meets the prespecified yield gate
3898245040,Workiva Inc,Parseport ApS,2022-04-01,2022-04-01,14.878,,agreement_exhibit,EX-2.1,yes,machine_target_name_in_acquirer_filing,8,11,2,modelled,meets the prespecified yield gate
3770091020,Cerberus Cyber Sentinel Corp,Catapult Acquisition Corp,2021-07-07,2021-08-02,30.00,Priv.,announcement_only,,not_checked,machine_form_and_window_only,10,10,1,below_yield_gate,10 passages from 1 source documents is below the gate (10 passages from 2 documents)
3844424020,Iron Mountain Inc,ITRenew Inc,2021-12-10,2022-01-26,725.00,Sub.,announcement_only,,not_checked,machine_form_and_window_only,82,10,1,below_yield_gate,10 passages from 1 source documents is below the gate (10 passages from 2 documents)
3891655020,SentinelOne Inc,Attivo Networks Inc,2022-03-15,2022-05-04,529.752,Priv.,announcement_only,,not_checked,machine_form_and_window_only,100,10,2,modelled,meets the prespecified yield gate
3508567020,World Health Energy Holdings,SG 77 Inc,2020-01-27,2020-04-29,38.70,Sub.,agreement_exhibit,EX-2.1,no_distinctive_target_tokens,machine_form_and_window_only,14,9,3,below_yield_gate,9 passages from 3 source documents is below the gate (10 passages from 2 documents)
3750337040,Brady Corp,Magicard Ltd,2021-05-21,2021-05-21,59.594,,agreement_exhibit,EX-2.1,yes,machine_target_name_in_acquirer_filing,32,9,1,below_yield_gate,9 passages from 1 source documents is below the gate (10 passages from 2 documents)
3786837020,EQT AB,Workforce Logiq,2021-08-17,2021-10-20,,Sub.,merger_proxy,,no,machine_form_and_window_only,79,8,1,below_yield_gate,8 passages from 1 source documents is below the gate (10 passages from 2 documents)
3920247020,Apollo Global Management Inc,Harvest Energy Services LLC,2022-05-03,2022-05-03,,Priv.,announcement_only,,not_checked,machine_form_and_window_only,67,8,1,below_yield_gate,8 passages from 1 source documents is below the gate (10 passages from 2 documents)
3942920020,WM Technology Inc,Eyechronic LLC,2022-01-14,2022-01-14,29.40,Priv.,merger_proxy,,no,machine_form_and_window_only,14,8,1,below_yield_gate,8 passages from 1 source documents is below the gate (10 passages from 2 documents)
3665297040,Citigroup Inc,OilX Ltd,2020-01-24,2020-01-24,,,merger_proxy,,no,machine_form_and_window_only,119,7,2,below_yield_gate,7 passages from 2 source documents is below the gate (10 passages from 2 documents)
3698284020,Zillow Group Inc,Showingtime.Com Inc,2021-02-10,2021-10-01,500.00,Priv.,announcement_only,,not_checked,machine_form_and_window_only,114,7,2,below_yield_gate,7 passages from 2 source documents is below the gate (10 passages from 2 documents)
3722763020,Brinks Co,PAI Inc,2021-04-01,2021-04-01,213.00,Sub.,announcement_only,,not_checked,machine_form_and_window_only,79,7,1,below_yield_gate,7 passages from 1 source documents is below the gate (10 passages from 2 documents)
3832996020,Bentley Systems Inc,Power Line Systems LLC,2021-11-16,2022-01-31,700.00,Sub.,announcement_only,,not_checked,machine_form_and_window_only,53,7,1,below_yield_gate,7 passages from 1 source documents is below the gate (10 passages from 2 documents)
3871813020,Fiserv Inc,Finxact LLC,2022-02-07,2022-04-01,650.00,Priv.,announcement_only,,not_checked,machine_form_and_window_only,38,7,1,below_yield_gate,7 passages from 1 source documents is below the gate (10 passages from 2 documents)
3741298020,Twilio Inc,Zipwhip Inc,2021-05-17,2021-07-14,850.00,Priv.,announcement_only,,not_checked,machine_form_and_window_only,60,6,2,below_yield_gate,6 passages from 2 source documents is below the gate (10 passages from 2 documents)
3889580020,The Carlyle Group Inc,EverWatch Corp,2022-03-16,2022-10-14,,Sub.,merger_proxy,,no,machine_form_and_window_only,231,6,1,below_yield_gate,6 passages from 1 source documents is below the gate (10 passages from 2 documents)
3929832020,Becton Dickinson & Co,Parata Systems LLC,2022-06-06,2022-07-18,"1,525.00",Sub.,announcement_only,,not_checked,machine_form_and_window_only,33,6,1,below_yield_gate,6 passages from 1 source documents is below the gate (10 passages from 2 documents)
3517988020,Fox Corp,Tubi Inc,2020-03-17,2020-04-20,440.00,Priv.,merger_proxy,,no,machine_form_and_window_only,61,5,2,below_yield_gate,5 passages from 2 source documents is below the gate (10 passages from 2 documents)
3699277020,iHeartMedia Inc,Triton Digital Inc,2021-02-17,2021-03-31,230.00,Sub.,announcement_only,,not_checked,machine_form_and_window_only,50,5,1,below_yield_gate,5 passages from 1 source documents is below the gate (10 passages from 2 documents)
3700032040,Workday Inc,Peakon ApS,2021-01-28,2021-03-09,700.00,,announcement_only,,not_checked,machine_form_and_window_only,30,5,1,below_yield_gate,5 passages from 1 source documents is below the gate (10 passages from 2 documents)
3752896020,AMN Healthcare Services Inc,Synzi Holdings Inc,2021-05-06,2021-05-06,42.50,Priv.,announcement_only,,not_checked,machine_form_and_window_only,29,5,1,below_yield_gate,5 passages from 1 source documents is below the gate (10 passages from 2 documents)
3851292040,Joby Aviation Inc,Inras Gmbh,2021-12-21,2021-12-21,,,merger_proxy,,no,machine_form_and_window_only,55,5,1,below_yield_gate,5 passages from 1 source documents is below the gate (10 passages from 2 documents)
3510405040,Xerox Holdings Corp,Arena Group Ltd,2020-01-30,2020-01-30,,,announcement_only,,not_checked,machine_form_and_window_only,39,4,2,below_yield_gate,4 passages from 2 source documents is below the gate (10 passages from 2 documents)
3522125040,Align Technology Inc,exocad GmbH,2020-03-04,2020-04-02,420.03,,announcement_only,,not_checked,machine_form_and_window_only,33,4,1,below_yield_gate,4 passages from 1 source documents is below the gate (10 passages from 2 documents)
3646630020,Twilio Inc,Segment.io Inc,2020-10-12,2020-11-02,"3,200.00",Priv.,announcement_only,,not_checked,machine_form_and_window_only,29,4,1,below_yield_gate,4 passages from 1 source documents is below the gate (10 passages from 2 documents)
3676252020,Citigroup Inc,Acima Credit LLC,2020-12-20,2021-02-17,"1,653.376",Priv.,merger_proxy,,yes,machine_target_name_in_acquirer_filing,243,4,3,below_yield_gate,4 passages from 3 source documents is below the gate (10 passages from 2 documents)
3696120020,Nelnet Inc,Catholic Faith Technologies,2021-01-26,2021-01-26,,Priv.,announcement_only,,not_checked,machine_form_and_window_only,52,4,1,below_yield_gate,4 passages from 1 source documents is below the gate (10 passages from 2 documents)
3701044040,Verizon Communications Inc,Incubed IT GmbH,2021-02-15,2021-05-21,,,merger_proxy,,no,machine_form_and_window_only,107,4,2,below_yield_gate,4 passages from 2 source documents is below the gate (10 passages from 2 documents)
3722325020,Graham Holdings Co,Leaf Group Ltd,2021-04-05,2021-06-14,321.278,Public,announcement_only,,not_checked,machine_form_and_window_only,33,4,2,below_yield_gate,4 passages from 2 source documents is below the gate (10 passages from 2 documents)
3839598020,Mercury Systems Inc,Atlanta Micro Inc,2021-11-29,2021-11-29,,Priv.,announcement_only,,not_checked,machine_form_and_window_only,147,4,2,below_yield_gate,4 passages from 2 source documents is below the gate (10 passages from 2 documents)
3947466040,IBM Corp,Databand.ai Ltd,2022-07-06,2022-07-06,,,merger_proxy,,no,machine_form_and_window_only,82,4,1,below_yield_gate,4 passages from 1 source documents is below the gate (10 passages from 2 documents)
3974142040,AvePoint Inc,tyGraph Ltd,2022-09-13,2022-09-13,,,merger_proxy,,no,machine_form_and_window_only,8,4,1,below_yield_gate,4 passages from 1 source documents is below the gate (10 passages from 2 documents)
3991430020,Crexendo Inc,Allegiant Networks LLC,2022-10-21,2022-11-01,9.328,Priv.,merger_proxy,,no,machine_form_and_window_only,35,4,2,below_yield_gate,4 passages from 2 source documents is below the gate (10 passages from 2 documents)
3560444020,MVB Financial Corp,Paladin Group Inc,2020-04-17,2020-04-17,,Priv.,announcement_only,,not_checked,machine_form_and_window_only,217,3,2,below_yield_gate,3 passages from 2 source documents is below the gate (10 passages from 2 documents)
3645132020,10X Genomics Inc,ReadCoor Inc,2020-10-05,2020-11-10,350.00,Priv.,announcement_only,,not_checked,machine_form_and_window_only,29,3,1,below_yield_gate,3 passages from 1 source documents is below the gate (10 passages from 2 documents)
3647386020,HealthStream Inc,ShiftWizard Inc,2020-10-12,2020-10-12,32.00,Priv.,announcement_only,,not_checked,machine_form_and_window_only,23,3,1,below_yield_gate,3 passages from 1 source documents is below the gate (10 passages from 2 documents)
3683511020,UnitedHealth Group Inc,Change Healthcare Inc,2021-01-06,2022-10-03,"8,712.514",Public,announcement_only,,not_checked,machine_form_and_window_only,277,3,1,below_yield_gate,3 passages from 1 source documents is below the gate (10 passages from 2 documents)
3689744020,IBM Corp,StackRox Inc,2021-01-07,2021-02-22,,Priv.,announcement_only,,not_checked,machine_form_and_window_only,110,3,1,below_yield_gate,3 passages from 1 source documents is below the gate (10 passages from 2 documents)
3812478020,Acacia Research Corp,Printronix LLC,2021-10-07,2021-10-07,33.00,Sub.,announcement_only,,not_checked,machine_form_and_window_only,15,3,1,below_yield_gate,3 passages from 1 source documents is below the gate (10 passages from 2 documents)
3830602020,SEI Investments Co,Novus Partners Inc,2021-11-12,2021-11-12,,Priv.,announcement_only,,not_checked,machine_form_and_window_only,71,3,1,below_yield_gate,3 passages from 1 source documents is below the gate (10 passages from 2 documents)
3857367020,Omnicell Inc,MarkeTouch Media LLC,2021-12-31,2021-12-31,82.00,Priv.,announcement_only,,not_checked,machine_form_and_window_only,48,3,1,below_yield_gate,3 passages from 1 source documents is below the gate (10 passages from 2 documents)
3307784020,HP Inc,Plantronics Inc,2022-03-28,2022-08-29,"1,909.10",Public,announcement_only,,not_checked,machine_form_and_window_only,128,2,1,below_yield_gate,2 passages from 1 source documents is below the gate (10 passages from 2 documents)
3520778020,Smith Micro Software Inc,Circle Media Labs-Assets,2020-02-13,2020-02-13,,Sub.,agreement_exhibit,EX-2.1,yes,machine_target_name_in_acquirer_filing,9,2,1,below_yield_gate,2 passages from 1 source documents is below the gate (10 passages from 2 documents)
3590925020,iQSTEL Inc,itsBchain LLC,2020-02-24,2020-02-24,,Priv.,agreement_exhibit,EX-2.1,yes,machine_target_name_in_acquirer_filing,54,2,1,below_yield_gate,2 passages from 1 source documents is below the gate (10 passages from 2 documents)
3593724020,Tandem Diabetes Care Inc,Sugarmate Inc,2020-06-24,2020-06-24,,Priv.,announcement_only,,not_checked,machine_form_and_window_only,54,2,1,below_yield_gate,2 passages from 1 source documents is below the gate (10 passages from 2 documents)
3614604040,Clarivate PLC,CPA Global Ltd,2020-07-29,2020-10-01,"7,069.501",,announcement_only,,not_checked,machine_form_and_window_only,18,2,1,below_yield_gate,2 passages from 1 source documents is below the gate (10 passages from 2 documents)
3626914020,Health Catalyst Inc,Vitalware LLC,2020-08-11,2020-09-01,120.00,Priv.,announcement_only,,not_checked,machine_form_and_window_only,16,2,2,below_yield_gate,2 passages from 2 source documents is below the gate (10 passages from 2 documents)
3628930020,CleanSpark Inc,GridFabric LLC,2020-08-31,2020-08-31,,Priv.,announcement_only,,not_checked,machine_form_and_window_only,13,2,2,below_yield_gate,2 passages from 2 source documents is below the gate (10 passages from 2 documents)
3659168020,ShotSpotter Inc,Leeds LLC,2020-11-09,2020-11-24,22.00,Priv.,announcement_only,,not_checked,machine_form_and_window_only,27,2,1,below_yield_gate,2 passages from 1 source documents is below the gate (10 passages from 2 documents)
3659942020,Palo Alto Networks Inc,Expanse Inc,2020-11-11,2020-12-15,800.00,Priv.,announcement_only,,not_checked,machine_form_and_window_only,51,2,2,below_yield_gate,2 passages from 2 source documents is below the gate (10 passages from 2 documents)
3702377020,AeroVironment Inc,Integrated Systems Group,2021-02-23,2021-02-23,36.00,Sub.,announcement_only,,not_checked,machine_form_and_window_only,48,2,1,below_yield_gate,2 passages from 1 source documents is below the gate (10 passages from 2 documents)
3718314020,News Corp,Investor's Business Daily Inc,2021-03-25,2021-05-05,275.00,Sub.,announcement_only,,not_checked,machine_form_and_window_only,64,2,1,below_yield_gate,2 passages from 1 source documents is below the gate (10 passages from 2 documents)
3751041020,Blackstone Group Inc,QTS Realty Trust Inc,2021-06-07,2021-08-31,"10,000.00",Public,announcement_only,,not_checked,machine_form_and_window_only,55,2,1,below_yield_gate,2 passages from 1 source documents is below the gate (10 passages from 2 documents)
3754253020,Unisys Corp,Unify Square Inc,2021-06-03,2021-06-03,152.50,Priv.,announcement_only,,not_checked,machine_form_and_window_only,32,2,1,below_yield_gate,2 passages from 1 source documents is below the gate (10 passages from 2 documents)
3782956020,Equifax Inc,Appriss Insights LLC,2021-08-10,2021-09-30,"1,825.00",Sub.,announcement_only,,not_checked,machine_form_and_window_only,35,2,1,below_yield_gate,2 passages from 1 source documents is below the gate (10 passages from 2 documents)
3808473040,Akamai Technologies Inc,Guardicore Ltd,2021-09-29,2021-10-21,600.00,,announcement_only,,not_checked,machine_form_and_window_only,20,2,1,below_yield_gate,2 passages from 1 source documents is below the gate (10 passages from 2 documents)
2647141020,Microsoft Corp,Nuance Communications Inc,2021-04-12,2022-03-04,"16,351.497",Public,announcement_only,,not_checked,machine_form_and_window_only,140,1,1,below_yield_gate,1 passages from 1 source documents is below the gate (10 passages from 2 documents)
3510982020,AMETEK Inc,IntelliPower Inc,2020-02-05,2020-02-05,115.00,Priv.,announcement_only,,not_checked,machine_form_and_window_only,30,1,1,below_yield_gate,1 passages from 1 source documents is below the gate (10 passages from 2 documents)
3571964020,Microsoft Corp,CyberX Inc,2020-05-05,2020-06-22,,Priv.,merger_proxy,,no,machine_form_and_window_only,98,1,1,below_yield_gate,1 passages from 1 source documents is below the gate (10 passages from 2 documents)
3584303020,Chegg Inc,Mathway LLC,2020-06-04,2020-06-04,115.00,Priv.,announcement_only,,not_checked,machine_form_and_window_only,27,1,1,below_yield_gate,1 passages from 1 source documents is below the gate (10 passages from 2 documents)
3637667020,Microsoft Corp,ZeniMax Media Inc,2020-09-21,2021-03-09,"7,500.00",Priv.,merger_proxy,,no,machine_form_and_window_only,85,1,1,below_yield_gate,1 passages from 1 source documents is below the gate (10 passages from 2 documents)
3654636020,Assurant Inc,HYLA Inc,2020-10-28,2020-12-01,325.00,Priv.,announcement_only,,not_checked,machine_form_and_window_only,50,1,1,below_yield_gate,1 passages from 1 source documents is below the gate (10 passages from 2 documents)
3709776040,Bentley Systems Inc,Seequent Ltd,2021-03-12,2021-06-17,"1,040.733",,announcement_only,,not_checked,machine_form_and_window_only,68,1,1,below_yield_gate,1 passages from 1 source documents is below the gate (10 passages from 2 documents)
3758688020,ZoomInfo Technologies Inc,Insent Inc,2021-06-08,2021-06-08,,Priv.,merger_proxy,,no,machine_form_and_window_only,10,1,1,below_yield_gate,1 passages from 1 source documents is below the gate (10 passages from 2 documents)
3765944040,JFrog Ltd,Vdoo Connected Trust Ltd,2021-06-29,2021-07-19,294.821,,announcement_only,,not_checked,machine_form_and_window_only,21,1,1,below_yield_gate,1 passages from 1 source documents is below the gate (10 passages from 2 documents)
3766435040,Hewlett Packard Enterprise Co,Zerto Ltd,2021-07-01,2021-09-01,374.00,,announcement_only,,not_checked,machine_form_and_window_only,32,1,1,below_yield_gate,1 passages from 1 source documents is below the gate (10 passages from 2 documents)
3776705020,Omnicell Inc,FDS Inc,2021-07-26,2021-09-09,177.00,Priv.,announcement_only,,not_checked,machine_form_and_window_only,41,1,1,below_yield_gate,1 passages from 1 source documents is below the gate (10 passages from 2 documents)
3867902020,Blackline Inc,FourQ Systems Inc,2022-01-26,2022-01-26,240.00,Priv.,announcement_only,,not_checked,machine_form_and_window_only,22,1,1,below_yield_gate,1 passages from 1 source documents is below the gate (10 passages from 2 documents)
3888463040,Zebra Technologies Corp,Matrox Electronic Systems Ltd,2022-03-15,2022-06-06,875.00,,announcement_only,,not_checked,machine_form_and_window_only,42,1,1,below_yield_gate,1 passages from 1 source documents is below the gate (10 passages from 2 documents)
3894563020,Ondas Holdings Inc,Ardenna Inc,2022-03-21,2022-04-06,,Priv.,announcement_only,,not_checked,machine_form_and_window_only,77,1,1,below_yield_gate,1 passages from 1 source documents is below the gate (10 passages from 2 documents)
3986288020,Light & Wonder Inc,House Advantage LLC,2022-10-06,2022-10-06,,Priv.,announcement_only,,not_checked,machine_form_and_window_only,32,1,1,below_yield_gate,1 passages from 1 source documents is below the gate (10 passages from 2 documents)
3500925040,Hilan Ltd,CassaCloud Sro,2020-01-08,2020-01-08,,,announcement_only,,not_checked,machine_form_and_window_only,81,0,0,zero_yield_reported_not_modelled,documents retrieved but no passage passed the employee screen
3502353020,Equinix Inc,Packet Host Inc,2020-01-14,2020-03-02,336.60,Priv.,announcement_only,,not_checked,machine_form_and_window_only,61,0,0,zero_yield_reported_not_modelled,documents retrieved but no passage passed the employee screen
3502366020,Goldman Sachs Group Inc,Aptos Inc,2020-01-13,2020-03-09,,Sub.,merger_proxy,,no,machine_form_and_window_only,365,0,0,zero_yield_reported_not_modelled,documents retrieved but no passage passed the employee screen
3506852040,Broadridge Finl Solutions Inc,Fundslibrary Ltd,2020-01-21,2020-03-02,,,announcement_only,,not_checked,machine_form_and_window_only,145,0,0,zero_yield_reported_not_modelled,documents retrieved but no passage passed the employee screen
3508312020,Entegris Inc,Sinmat Inc,2020-01-10,2020-01-10,75.00,Priv.,announcement_only,,not_checked,machine_form_and_window_only,54,0,0,zero_yield_reported_not_modelled,documents retrieved but no passage passed the employee screen
3509141040,Qorvo Inc,Decawave Ltd,2020-01-30,2020-02-24,,,announcement_only,,not_checked,machine_form_and_window_only,44,0,0,zero_yield_reported_not_modelled,documents retrieved but no passage passed the employee screen
3510168020,Qorvo Inc,Custom MMIC Design Services,2020-01-29,2020-02-19,105.00,Priv.,announcement_only,,not_checked,machine_form_and_window_only,44,0,0,zero_yield_reported_not_modelled,documents retrieved but no passage passed the employee screen
3511923020,Upland Software Inc,Char Software Inc,2020-02-07,2020-02-07,67.70,Priv.,announcement_only,,not_checked,machine_form_and_window_only,36,0,0,zero_yield_reported_not_modelled,documents retrieved but no passage passed the employee screen
3512784020,Dell Technologies Inc,Nyansa Inc,2020-01-21,2020-02-04,,Priv.,announcement_only,,not_checked,machine_form_and_window_only,33,0,0,zero_yield_reported_not_modelled,documents retrieved but no passage passed the employee screen
3516444020,KKR & Co Inc,Transphorm Inc,2020-01-29,2020-02-12,,Priv.,announcement_only,,not_checked,machine_form_and_window_only,40,0,0,zero_yield_reported_not_modelled,documents retrieved but no passage passed the employee screen
3517025040,Rockwell Automation Inc,Asem SpA,2020-02-19,2020-05-04,,,announcement_only,,not_checked,machine_form_and_window_only,52,0,0,zero_yield_reported_not_modelled,documents retrieved but no passage passed the employee screen
3519064020,Five9 Inc,Virtual Observer,2020-02-19,2020-04-01,32.00,Priv.,announcement_only,,not_checked,machine_form_and_window_only,26,0,0,zero_yield_reported_not_modelled,documents retrieved but no passage passed the employee screen
3520676020,KKR & Co Inc,Compuware Corp,2020-03-02,2020-06-01,,Sub.,announcement_only,,not_checked,machine_form_and_window_only,67,0,0,zero_yield_reported_not_modelled,documents retrieved but no passage passed the employee screen
3528453020,HealthStream Inc,HCT2 Co,2020-03-09,2020-03-09,25.00,Priv.,announcement_only,,not_checked,machine_form_and_window_only,24,0,0,zero_yield_reported_not_modelled,documents retrieved but no passage passed the employee screen
3549838020,AT&T Inc,Canopy Crest Corp,2020-04-07,2020-04-07,,Priv.,announcement_only,,not_checked,machine_form_and_window_only,43,0,0,zero_yield_reported_not_modelled,documents retrieved but no passage passed the employee screen
3550495020,Zoetis Inc,Performance Livestock,2020-04-08,2020-04-08,,Priv.,merger_proxy,,yes,machine_target_name_in_acquirer_filing,13,0,0,zero_yield_reported_not_modelled,documents retrieved but no passage passed the employee screen
3558349020,Verizon Communications Inc,Blue Jeans Network Inc,2020-04-16,2020-05-18,,Priv.,announcement_only,,not_checked,machine_form_and_window_only,59,0,0,zero_yield_reported_not_modelled,documents retrieved but no passage passed the employee screen
3571467020,SS&C Technologies Holdings Inc,Innovest Systems LLC,2020-04-30,2020-05-18,120.00,Priv.,announcement_only,,not_checked,machine_form_and_window_only,58,0,0,zero_yield_reported_not_modelled,documents retrieved but no passage passed the employee screen
3571601020,Cognizant Technology Solutions,Collaborative Solutions LLC,2020-05-05,2020-06-10,,Priv.,announcement_only,,not_checked,machine_form_and_window_only,58,0,0,zero_yield_reported_not_modelled,documents retrieved but no passage passed the employee screen
3573821040,iQSTEL Inc,IoT Labs MX SAPI,2020-05-11,2020-05-11,.55,,agreement_exhibit,EX-2.1,yes,machine_target_name_in_acquirer_filing,216,0,0,zero_yield_reported_not_modelled,documents retrieved but no passage passed the employee screen
3575764040,Microsoft Corp,Metaswitch Networks Ltd,2020-05-14,2020-07-15,,,merger_proxy,,no,machine_form_and_window_only,106,0,0,zero_yield_reported_not_modelled,documents retrieved but no passage passed the employee screen
3579765040,Microsoft Corp,Softomotive Ltd,2020-05-19,2020-05-19,,,merger_proxy,,no,machine_form_and_window_only,68,0,0,zero_yield_reported_not_modelled,documents retrieved but no passage passed the employee screen
3580165020,Expeditors International of WA,Fleet Logistics Inc-Digital,2020-05-26,2020-05-26,,Sub.,announcement_only,,not_checked,machine_form_and_window_only,28,0,0,zero_yield_reported_not_modelled,documents retrieved but no passage passed the employee screen
3580623020,Cisco Systems Inc,ThousandEyes Inc,2020-05-28,2020-08-07,,Priv.,announcement_only,,not_checked,machine_form_and_window_only,28,0,0,zero_yield_reported_not_modelled,documents retrieved but no passage passed the employee screen
3582055040,Equinix Inc,BCE Inc-Bell Data Center(25),2020-06-01,2020-10-01,756.046,,announcement_only,,not_checked,machine_form_and_window_only,132,0,0,zero_yield_reported_not_modelled,documents retrieved but no passage passed the employee screen
3583684040,NetApp Inc,Spotinst Ltd,2020-06-03,2020-07-13,,,announcement_only,,not_checked,machine_form_and_window_only,37,0,0,zero_yield_reported_not_modelled,documents retrieved but no passage passed the employee screen
3585571020,Fidelity Natl Info Svcs Inc,Zenmonics Inc,2020-05-04,2020-06-02,,Priv.,announcement_only,,not_checked,machine_form_and_window_only,38,0,0,zero_yield_reported_not_modelled,documents retrieved but no passage passed the employee screen
3592745020,Mastercard Inc,Finicity Corp,2020-06-23,2020-11-19,985.00,Priv.,announcement_only,,not_checked,machine_form_and_window_only,98,0,0,zero_yield_reported_not_modelled,documents retrieved but no passage passed the employee screen
3599461020,Synaptics Inc,Broadcom Inc-Cert Asts,2020-07-07,2020-07-23,,Sub.,announcement_only,,not_checked,machine_form_and_window_only,45,0,0,zero_yield_reported_not_modelled,documents retrieved but no passage passed the employee screen
3610540020,Synaptics Inc,DisplayLink Corp,2020-07-20,2020-07-31,305.00,Priv.,announcement_only,,not_checked,machine_form_and_window_only,51,0,0,zero_yield_reported_not_modelled,documents retrieved but no passage passed the employee screen
3615045020,Analog Devices Inc,INVECAS Inc-HDMI Business,2020-07-27,2020-07-27,,Sub.,agreement_exhibit,EX-2.1,yes,machine_target_name_in_acquirer_filing,61,0,0,zero_yield_reported_not_modelled,documents retrieved but no passage passed the employee screen
3616565020,Roper Technologies Inc,Allscripts Healthcare-Epsi,2020-07-30,2020-10-15,365.00,Sub.,agreement_exhibit,EX-2.1,no,machine_form_and_window_only,64,0,0,zero_yield_reported_not_modelled,documents retrieved but no passage passed the employee screen
3619266020,Goldman Sachs Group Inc,Revionics Inc,2020-08-05,2020-09-09,,Priv.,announcement_only,,not_checked,machine_form_and_window_only,52,0,0,zero_yield_reported_not_modelled,documents retrieved but no passage passed the employee screen
3620248040,Equinix Inc,GPX india Pvt Ltd,2020-08-10,2021-09-01,161.00,,announcement_only,,not_checked,machine_form_and_window_only,311,0,0,zero_yield_reported_not_modelled,documents retrieved but no passage passed the employee screen
3627192020,Emerson Electric Co,Open Systems International Inc,2020-08-27,2020-10-01,"1,600.00",Priv.,announcement_only,,not_checked,machine_form_and_window_only,79,0,0,zero_yield_reported_not_modelled,documents retrieved but no passage passed the employee screen
3628507020,Cisco Systems Inc,Babblelabs Inc,2020-08-25,2020-10-01,,Priv.,announcement_only,,not_checked,machine_form_and_window_only,27,0,0,zero_yield_reported_not_modelled,documents retrieved but no passage passed the employee screen
3632358020,Microsoft Corp,ADRM Software Inc,2020-06-18,2020-06-18,,Priv.,merger_proxy,,no,machine_form_and_window_only,36,0,0,zero_yield_reported_not_modelled,documents retrieved but no passage passed the employee screen
3633524040,KKR & Co Inc,Alderstone Consulting,2020-09-08,2020-09-08,,,announcement_only,,not_checked,machine_form_and_window_only,43,0,0,zero_yield_reported_not_modelled,documents retrieved but no passage passed the employee screen
3644252040,Emerson Electric Co,Progea Srl,2020-10-01,2020-10-01,,,announcement_only,,not_checked,machine_form_and_window_only,44,0,0,zero_yield_reported_not_modelled,documents retrieved but no passage passed the employee screen
3648517020,Blackstone Group Inc,AlgoLift Inc,2020-10-13,2020-10-13,,Priv.,announcement_only,,not_checked,machine_form_and_window_only,78,0,0,zero_yield_reported_not_modelled,documents retrieved but no passage passed the employee screen
3649503020,EQT AB,Health Platforms Group Inc,2020-10-13,2020-10-13,,Priv.,announcement_only,,not_checked,machine_form_and_window_only,42,0,0,zero_yield_reported_not_modelled,documents retrieved but no passage passed the employee screen
3653963020,First American Financial Corp,ServiceMac LLC,2020-10-26,2021-10-25,,Priv.,announcement_only,,not_checked,machine_form_and_window_only,94,0,0,zero_yield_reported_not_modelled,documents retrieved but no passage passed the employee screen
3657408020,Shift4 Payments Inc,Infomart2000 Corp,2020-11-05,2020-11-05,,Priv.,announcement_only,,not_checked,machine_form_and_window_only,42,0,0,zero_yield_reported_not_modelled,documents retrieved but no passage passed the employee screen
3659467040,Qorvo Inc,7Hugs Labs SAS,2020-10-05,2020-10-05,,,announcement_only,,not_checked,machine_form_and_window_only,55,0,0,zero_yield_reported_not_modelled,documents retrieved but no passage passed the employee screen
3660894040,Lam Research Corp,Talus Manufacturing Ltd,2020-11-11,2021-01-26,,,announcement_only,,not_checked,machine_form_and_window_only,45,0,0,zero_yield_reported_not_modelled,documents retrieved but no passage passed the employee screen
3664053040,TransDigm Group Inc,Chelton Ltd,2020-11-24,2021-01-05,965.00,,announcement_only,,not_checked,machine_form_and_window_only,66,0,0,zero_yield_reported_not_modelled,documents retrieved but no passage passed the employee screen
3666253020,Meta Platforms Inc,Kustomer Inc,2022-02-16,2022-02-16,,Priv.,announcement_only,,not_checked,machine_form_and_window_only,29,0,0,zero_yield_reported_not_modelled,documents retrieved but no passage passed the employee screen
3666601040,Wynn Resorts Ltd,Vivaro Ltd,2020-11-05,2020-11-05,,,announcement_only,,not_checked,machine_form_and_window_only,34,0,0,zero_yield_reported_not_modelled,documents retrieved but no passage passed the employee screen
3667802040,Autodesk Inc,Spacemaker As,2020-11-17,2020-11-24,240.00,,announcement_only,,not_checked,machine_form_and_window_only,26,0,0,zero_yield_reported_not_modelled,documents retrieved but no passage passed the employee screen
3672500040,Rockwell Automation Inc,Fiix Inc,2020-11-17,2020-12-31,,,announcement_only,,not_checked,machine_form_and_window_only,46,0,0,zero_yield_reported_not_modelled,documents retrieved but no passage passed the employee screen
3675354020,Mercury Systems Inc,Physical Optics Corp,2020-12-07,2020-12-30,310.00,Priv.,announcement_only,,not_checked,machine_form_and_window_only,51,0,0,zero_yield_reported_not_modelled,documents retrieved but no passage passed the employee screen
3677382040,IBM Corp,Nordcloud Oy,2020-12-21,2021-02-16,,,announcement_only,,not_checked,machine_form_and_window_only,103,0,0,zero_yield_reported_not_modelled,documents retrieved but no passage passed the employee screen
3679210040,Cisco Systems Inc,Slido SRL,2020-12-07,2021-05-03,,,announcement_only,,not_checked,machine_form_and_window_only,81,0,0,zero_yield_reported_not_modelled,documents retrieved but no passage passed the employee screen
3679923040,AT&T Inc,YOUi Labs Inc,2020-12-17,2020-12-17,78.481,,announcement_only,,not_checked,machine_form_and_window_only,47,0,0,zero_yield_reported_not_modelled,documents retrieved but no passage passed the employee screen
3680339020,PDF Solutions Inc,Cimetrix Inc,2020-11-17,2020-12-01,35.00,Priv.,announcement_only,,not_checked,machine_form_and_window_only,45,0,0,zero_yield_reported_not_modelled,documents retrieved but no passage passed the employee screen
3680562040,JPMorgan Chase & Co,Tavisca Solutions Pvt Ltd,2020-12-28,2021-07-30,,,merger_proxy,,no,machine_form_and_window_only,1596,0,0,zero_yield_reported_not_modelled,documents retrieved but no passage passed the employee screen
3685525020,The Carlyle Group Inc,Tracepoint LLC,2021-01-08,2021-09-10,120.00,Sub.,announcement_only,,not_checked,machine_form_and_window_only,221,0,0,zero_yield_reported_not_modelled,documents retrieved but no passage passed the employee screen
3689201020,CareDx Inc,TransChart LLC,2021-01-08,2021-01-31,,Priv.,announcement_only,,not_checked,machine_form_and_window_only,38,0,0,zero_yield_reported_not_modelled,documents retrieved but no passage passed the employee screen
3691525020,Wells Fargo & Co,NoviSci Inc,2021-01-15,2021-01-15,,Priv.,announcement_only,,not_checked,machine_form_and_window_only,158,0,0,zero_yield_reported_not_modelled,documents retrieved but no passage passed the employee screen
3696998040,Bally's Corp,SportCaller Ltd,2021-02-08,2021-02-08,,,announcement_only,,not_checked,machine_form_and_window_only,79,0,0,zero_yield_reported_not_modelled,documents retrieved but no passage passed the employee screen
3697201020,Cisco Systems Inc,Dashbase Inc,2020-12-22,2021-01-25,,Priv.,announcement_only,,not_checked,machine_form_and_window_only,33,0,0,zero_yield_reported_not_modelled,documents retrieved but no passage passed the employee screen
3700422040,CrowdStrike Holdings Inc,Humio Ltd,2021-02-18,2021-03-07,400.00,,announcement_only,,not_checked,machine_form_and_window_only,33,0,0,zero_yield_reported_not_modelled,documents retrieved but no passage passed the employee screen
3702045020,HP Inc,Kingston Tech Co Inc-HyperX,2021-02-24,2021-06-01,425.00,Sub.,announcement_only,,not_checked,machine_form_and_window_only,85,0,0,zero_yield_reported_not_modelled,documents retrieved but no passage passed the employee screen
3703824020,Cardlytics Inc,Dosh Holdings Inc,2021-03-01,2021-03-09,275.00,Priv.,announcement_only,,not_checked,machine_form_and_window_only,62,0,0,zero_yield_reported_not_modelled,documents retrieved but no passage passed the employee screen
3706568040,IQVIA Hldg Inc,Kairos Gmbh,2021-03-01,2021-03-01,,,announcement_only,,not_checked,machine_form_and_window_only,30,0,0,zero_yield_reported_not_modelled,documents retrieved but no passage passed the employee screen
3707088020,AeroVironment Inc,Intelligent Systems Group,2021-02-24,2021-02-24,36.00,Sub.,announcement_only,,not_checked,machine_form_and_window_only,59,0,0,zero_yield_reported_not_modelled,documents retrieved but no passage passed the employee screen
3712459020,Microsoft Corp,The Marsden Group Inc,2021-03-16,2021-03-16,,Priv.,merger_proxy,,no,machine_form_and_window_only,90,0,0,zero_yield_reported_not_modelled,documents retrieved but no passage passed the employee screen
3714169020,Palo Alto Networks Inc,Bridgecrew Inc,2021-02-16,2021-03-02,156.00,Priv.,announcement_only,,not_checked,machine_form_and_window_only,28,0,0,zero_yield_reported_not_modelled,documents retrieved but no passage passed the employee screen
3715187020,AMETEK Inc,Abaco Systems Inc,2021-03-22,2021-04-29,"1,350.00",Sub.,announcement_only,,not_checked,machine_form_and_window_only,70,0,0,zero_yield_reported_not_modelled,documents retrieved but no passage passed the employee screen
3722440040,Ares Management Corp,Seal Telecom Comercio E,2021-04-01,2021-04-01,,,announcement_only,,not_checked,machine_form_and_window_only,94,0,0,zero_yield_reported_not_modelled,documents retrieved but no passage passed the employee screen
3727844020,Cardlytics Inc,Bridg Inc,2021-04-13,2021-05-05,650.00,Priv.,announcement_only,,not_checked,machine_form_and_window_only,54,0,0,zero_yield_reported_not_modelled,documents retrieved but no passage passed the employee screen
3727871020,KKR & Co Inc,Ensono LP,2021-04-14,2021-06-04,,Priv.,announcement_only,,not_checked,machine_form_and_window_only,122,0,0,zero_yield_reported_not_modelled,documents retrieved but no passage passed the employee screen
3728747020,WEX Inc,Benefit Express Services LLC,2021-04-14,2021-06-02,275.00,Priv.,announcement_only,,not_checked,machine_form_and_window_only,98,0,0,zero_yield_reported_not_modelled,documents retrieved but no passage passed the employee screen
3729339040,GoDaddy Inc,Minds + Mach Grp Ltd-Asts,2021-04-08,2021-08-11,120.00,,announcement_only,,not_checked,machine_form_and_window_only,59,0,0,zero_yield_reported_not_modelled,documents retrieved but no passage passed the employee screen
3735063020,IBM Corp,Turbonomic Inc,2021-04-29,2021-06-17,,Priv.,announcement_only,,not_checked,machine_form_and_window_only,86,0,0,zero_yield_reported_not_modelled,documents retrieved but no passage passed the employee screen
3736825020,AMETEK Inc,NSI-MI Technologies LLC,2021-05-04,2021-05-04,230.00,Sub.,announcement_only,,not_checked,machine_form_and_window_only,48,0,0,zero_yield_reported_not_modelled,documents retrieved but no passage passed the employee screen
3737192020,The Carlyle Group Inc,Liberty IT Solutions LLC,2021-05-04,2021-06-11,725.00,Priv.,announcement_only,,not_checked,machine_form_and_window_only,88,0,0,zero_yield_reported_not_modelled,documents retrieved but no passage passed the employee screen
3740918040,Vertex Inc,Taxamo Group AS,2021-05-13,2021-05-13,241.38,,announcement_only,,not_checked,machine_form_and_window_only,14,0,0,zero_yield_reported_not_modelled,documents retrieved but no passage passed the employee screen
3747112040,Synopsys Inc,MorethanIP GmbH,2021-04-12,2021-05-04,,,announcement_only,,not_checked,machine_form_and_window_only,27,0,0,zero_yield_reported_not_modelled,documents retrieved but no passage passed the employee screen
3747136040,EQT AB,Moosend Ltd,2021-05-06,2021-05-26,,,agreement_exhibit,EX-2.1,no,machine_form_and_window_only,63,0,0,zero_yield_reported_not_modelled,documents retrieved but no passage passed the employee screen
3747997020,Mercury Systems Inc,Pentek Inc,2021-05-27,2021-05-27,20.00,Priv.,announcement_only,,not_checked,machine_form_and_window_only,88,0,0,zero_yield_reported_not_modelled,documents retrieved but no passage passed the employee screen
3748484040,Grid Dynamics Holdings Inc,Tacit Knowledge Ltd,2021-05-28,2021-05-28,,,announcement_only,,not_checked,machine_form_and_window_only,54,0,0,zero_yield_reported_not_modelled,documents retrieved but no passage passed the employee screen
3749750020,Tyler Technologies Inc,VendEngine Inc,2021-06-03,2021-09-01,84.00,Priv.,announcement_only,,not_checked,machine_form_and_window_only,58,0,0,zero_yield_reported_not_modelled,documents retrieved but no passage passed the employee screen
3751722040,Honeywell International Inc,Cambridge Quantum Computing,2021-06-08,2021-11-30,,,announcement_only,,not_checked,machine_form_and_window_only,66,0,0,zero_yield_reported_not_modelled,documents retrieved but no passage passed the employee screen
3755243020,Blackstone Inc,Ellucian Co LP,2021-06-14,2021-09-15,,Sub.,announcement_only,,not_checked,machine_form_and_window_only,55,0,0,zero_yield_reported_not_modelled,documents retrieved but no passage passed the employee screen
3759091020,Blackstone Group Inc,JetFuel LLC,2021-06-15,2021-07-19,,Sub.,announcement_only,,not_checked,machine_form_and_window_only,55,0,0,zero_yield_reported_not_modelled,documents retrieved but no passage passed the employee screen
3760078020,Everything Blockchain Inc,832 Energy Tech Consultants,2021-06-21,2021-06-21,,Priv.,announcement_only,,not_checked,machine_form_and_window_only,16,0,0,zero_yield_reported_not_modelled,documents retrieved but no passage passed the employee screen
3760222020,Nvidia Corp,DeepMap Inc,2021-06-10,2021-08-28,,Priv.,announcement_only,,not_checked,machine_form_and_window_only,48,0,0,zero_yield_reported_not_modelled,documents retrieved but no passage passed the employee screen
3760795040,AptarGroup Inc,Voluntis SA,2021-06-22,2021-09-02,59.915,,announcement_only,,not_checked,machine_form_and_window_only,20,0,0,zero_yield_reported_not_modelled,documents retrieved but no passage passed the employee screen
3764974040,Advent Technologies Holdings,SerEnergy A/S,2021-06-25,2021-09-01,62.036,,merger_proxy,,no,machine_form_and_window_only,147,0,0,zero_yield_reported_not_modelled,documents retrieved but no passage passed the employee screen
3766151040,Goldman Sachs Group Inc,Nettitude Ltd,2021-06-29,2021-06-29,,,merger_proxy,,no,machine_form_and_window_only,147,0,0,zero_yield_reported_not_modelled,documents retrieved but no passage passed the employee screen
3770452020,Fortive Corp,ServiceChannel.com Inc,2021-07-12,2021-09-01,"1,200.00",Priv.,announcement_only,,not_checked,machine_form_and_window_only,23,0,0,zero_yield_reported_not_modelled,documents retrieved but no passage passed the employee screen
3771565040,Morningstar Inc,Praemium Ltd-Intl Bus,2021-12-21,2022-06-30,46.225,,announcement_only,,not_checked,machine_form_and_window_only,232,0,0,zero_yield_reported_not_modelled,documents retrieved but no passage passed the employee screen
3775433040,Visa Inc,The Currency Cloud Ltd,2021-07-22,2021-12-20,959.70,,announcement_only,,not_checked,machine_form_and_window_only,79,0,0,zero_yield_reported_not_modelled,documents retrieved but no passage passed the employee screen
3781439020,Deere & Co,Bear Flag Robotics Inc,2021-08-05,2021-08-05,250.00,Priv.,announcement_only,,not_checked,machine_form_and_window_only,67,0,0,zero_yield_reported_not_modelled,documents retrieved but no passage passed the employee screen
3783751040,Chargepoint Holdings Inc,ViriCiti BV,2021-08-11,2021-08-11,87.885,,merger_proxy,,yes,machine_target_name_in_acquirer_filing,28,0,0,zero_yield_reported_not_modelled,documents retrieved but no passage passed the employee screen
3784761040,ServiceNow Inc,Mapwize Contexeo SAS,2021-08-11,2021-09-02,,,announcement_only,,not_checked,machine_form_and_window_only,28,0,0,zero_yield_reported_not_modelled,documents retrieved but no passage passed the employee screen
3787424020,Adobe Inc,Frame.io Inc,2021-08-19,2021-10-07,"1,275.00",Priv.,announcement_only,,not_checked,machine_form_and_window_only,25,0,0,zero_yield_reported_not_modelled,documents retrieved but no passage passed the employee screen
3789117040,Blackstone Inc,Interplex Holdings Pte Ltd,2022-01-19,2022-01-19,"1,600.00",,announcement_only,,not_checked,machine_form_and_window_only,45,0,0,zero_yield_reported_not_modelled,documents retrieved but no passage passed the employee screen
3789458040,Crawford & Co,edjuster Canada Inc,2021-08-23,2021-08-23,33.071,,announcement_only,,not_checked,machine_form_and_window_only,164,0,0,zero_yield_reported_not_modelled,documents retrieved but no passage passed the employee screen
3790079020,Comcast Corp,Masergy Communications Inc,2021-08-25,2021-10-08,,Sub.,announcement_only,,not_checked,machine_form_and_window_only,69,0,0,zero_yield_reported_not_modelled,documents retrieved but no passage passed the employee screen
3793332020,Twilio Inc,Ionic Security Inc,2021-05-17,2021-05-17,,Priv.,announcement_only,,not_checked,machine_form_and_window_only,29,0,0,zero_yield_reported_not_modelled,documents retrieved but no passage passed the employee screen
3797871020,Fortive Corp,TeamSense Inc,2021-07-07,2021-07-07,,Priv.,announcement_only,,not_checked,machine_form_and_window_only,32,0,0,zero_yield_reported_not_modelled,documents retrieved but no passage passed the employee screen
3798943040,ServiceNow Inc,Swarm64 AS Zweigstelle Hive,2021-08-05,2021-08-20,,,announcement_only,,not_checked,machine_form_and_window_only,28,0,0,zero_yield_reported_not_modelled,documents retrieved but no passage passed the employee screen
3801824020,Coinbase Global Inc,Fingo Inc,2021-06-21,2021-06-21,,Priv.,merger_proxy,,no,machine_form_and_window_only,18,0,0,zero_yield_reported_not_modelled,documents retrieved but no passage passed the employee screen
3801902040,Elastic BV,CmdWatch Security Inc,2021-08-25,2021-09-21,,,announcement_only,,not_checked,machine_form_and_window_only,31,0,0,zero_yield_reported_not_modelled,documents retrieved but no passage passed the employee screen
3803411020,BTCS Inc,Avalanche,2021-09-17,2021-09-17,,Sub.,announcement_only,,not_checked,machine_form_and_window_only,61,0,0,zero_yield_reported_not_modelled,documents retrieved but no passage passed the employee screen
3804551040,Moody's Corp,realXdata GmbH,2021-09-24,2021-09-24,,,agreement_exhibit,EX-2.2,no,machine_form_and_window_only,10,0,0,zero_yield_reported_not_modelled,documents retrieved but no passage passed the employee screen
3818482020,Capital One Financial Corp,Lola Travel Co,2021-10-08,2021-10-08,,Priv.,announcement_only,,not_checked,machine_form_and_window_only,75,0,0,zero_yield_reported_not_modelled,documents retrieved but no passage passed the employee screen
3818911040,KKR & Co Inc,Yayoi Bus Preparation Co,2021-12-17,2022-03-01,,,announcement_only,,not_checked,machine_form_and_window_only,105,0,0,zero_yield_reported_not_modelled,documents retrieved but no passage passed the employee screen
3820894020,IBM Corp,Volta Networks Inc,2021-10-19,2021-10-19,,Priv.,announcement_only,,not_checked,machine_form_and_window_only,220,0,0,zero_yield_reported_not_modelled,documents retrieved but no passage passed the employee screen
3830133040,FuboTV Inc,Edisn Media & Tech Solutions,2021-11-09,2021-12-01,20.00,,announcement_only,,not_checked,machine_form_and_window_only,31,0,0,zero_yield_reported_not_modelled,documents retrieved but no passage passed the employee screen
3841674040,Unisys Corp,Mobinergy Sas,2021-11-18,2021-11-18,,,announcement_only,,not_checked,machine_form_and_window_only,30,0,0,zero_yield_reported_not_modelled,documents retrieved but no passage passed the employee screen
3850363040,Blackstone Inc,LeadSift Inc,2021-12-14,2021-12-14,,,announcement_only,,not_checked,machine_form_and_window_only,44,0,0,zero_yield_reported_not_modelled,documents retrieved but no passage passed the employee screen
3850381020,Mastercard Inc,Dynamic Yield Inc,2021-12-21,2022-04-04,,Sub.,announcement_only,,not_checked,machine_form_and_window_only,89,0,0,zero_yield_reported_not_modelled,documents retrieved but no passage passed the employee screen
3856260020,Oracle Corp,Federos LLC,2021-12-21,2021-12-21,,Priv.,agreement_exhibit,EX-2.1,no,machine_form_and_window_only,37,0,0,zero_yield_reported_not_modelled,documents retrieved but no passage passed the employee screen
3859553020,EQT AB,LiveSource Inc,2022-01-01,2022-01-01,,Priv.,announcement_only,,not_checked,machine_form_and_window_only,38,0,0,zero_yield_reported_not_modelled,documents retrieved but no passage passed the employee screen
3860700020,Blackstone Inc,CampusLogic Inc,2022-01-11,2022-04-19,,Priv.,announcement_only,,not_checked,machine_form_and_window_only,64,0,0,zero_yield_reported_not_modelled,documents retrieved but no passage passed the employee screen
3861053040,IBM Corp,Envizi Pty Ltd,2022-01-11,2022-01-11,,,merger_proxy,,no,machine_form_and_window_only,122,0,0,zero_yield_reported_not_modelled,documents retrieved but no passage passed the employee screen
3863982020,Radiant Logistics Inc,Navegate Inc,2021-12-03,2021-12-03,35.00,Priv.,announcement_only,,not_checked,machine_form_and_window_only,35,0,0,zero_yield_reported_not_modelled,documents retrieved but no passage passed the employee screen
3868567020,CACI International Inc,ID Technologies LLC,2021-12-29,2021-12-29,225.00,Sub.,announcement_only,,not_checked,machine_form_and_window_only,21,0,0,zero_yield_reported_not_modelled,documents retrieved but no passage passed the employee screen
3871250040,Walker & Dunlop Inc,GeoPhy BV,2022-02-07,2022-02-28,331.934,,announcement_only,,not_checked,machine_form_and_window_only,23,0,0,zero_yield_reported_not_modelled,documents retrieved but no passage passed the employee screen
3871384040,Xerox Holdings Corp,Powerland Computers Ltd,2022-02-02,2022-02-02,,,announcement_only,,not_checked,machine_form_and_window_only,40,0,0,zero_yield_reported_not_modelled,documents retrieved but no passage passed the employee screen
3872837020,Oracle Corp,Verenia LLC-NetSuite CPQ Bus,2022-01-04,2022-01-26,,Sub.,agreement_exhibit,EX-2.1,no,machine_form_and_window_only,56,0,0,zero_yield_reported_not_modelled,documents retrieved but no passage passed the employee screen
3872916040,EQT AB,Forsta Woldwide Ltd,2022-02-07,2022-04-26,,,announcement_only,,not_checked,machine_form_and_window_only,56,0,0,zero_yield_reported_not_modelled,documents retrieved but no passage passed the employee screen
3874827020,Akamai Technologies Inc,Linode LLC,2022-02-15,2022-03-21,900.00,Priv.,announcement_only,,not_checked,machine_form_and_window_only,23,0,0,zero_yield_reported_not_modelled,documents retrieved but no passage passed the employee screen
3876737020,IBM Corp,Neudesic LLC,2022-02-15,2022-02-15,,Priv.,merger_proxy,,no,machine_form_and_window_only,90,0,0,zero_yield_reported_not_modelled,documents retrieved but no passage passed the employee screen
3878491040,Equinix Inc,ENTEL-Data Centers(4),2022-02-17,2022-05-03,736.00,,announcement_only,,not_checked,machine_form_and_window_only,98,0,0,zero_yield_reported_not_modelled,documents retrieved but no passage passed the employee screen
3882163040,Verisk Analytics Inc,Opta Info Intelligence Inc,2022-03-01,2022-03-01,,,announcement_only,,not_checked,machine_form_and_window_only,29,0,0,zero_yield_reported_not_modelled,documents retrieved but no passage passed the employee screen
3884563020,Alphabet Inc,Mandiant Inc,2022-03-08,2022-09-12,"5,914.604",Public,announcement_only,,not_checked,machine_form_and_window_only,42,0,0,zero_yield_reported_not_modelled,documents retrieved but no passage passed the employee screen
3886337040,BIO-key International Inc,Swivel Secure Europe Sa,2022-03-09,2022-03-09,,,agreement_exhibit,EX-2.1,yes,machine_target_name_in_acquirer_filing,19,0,0,zero_yield_reported_not_modelled,documents retrieved but no passage passed the employee screen
3887387020,Adobe Inc,Elastic Projects-Notebooks,2022-01-10,2022-01-10,,Sub.,announcement_only,,not_checked,machine_form_and_window_only,48,0,0,zero_yield_reported_not_modelled,documents retrieved but no passage passed the employee screen
3889427020,Diodes Inc,Onsemi-Water Fabrication,2022-02-28,2022-06-03,,Sub.,announcement_only,,not_checked,machine_form_and_window_only,134,0,0,zero_yield_reported_not_modelled,documents retrieved but no passage passed the employee screen
3889973020,Thor Industries Inc,TH2connect LLC,2022-03-17,2022-03-17,16.336,J.V.,announcement_only,,not_checked,machine_form_and_window_only,42,0,0,zero_yield_reported_not_modelled,documents retrieved but no passage passed the employee screen
3891770020,System1 Inc,RoadWarrior LLC,2021-12-09,2022-02-10,,Priv.,merger_proxy,,no,machine_form_and_window_only,136,0,0,zero_yield_reported_not_modelled,documents retrieved but no passage passed the employee screen
3899100040,Intel Corp,Optoscribe Ltd,2022-01-27,2022-01-27,,,announcement_only,,not_checked,machine_form_and_window_only,166,0,0,zero_yield_reported_not_modelled,documents retrieved but no passage passed the employee screen
3902069020,KKR & Co Inc,Barracuda Networks Inc,2022-04-12,2022-08-16,,Sub.,announcement_only,,not_checked,machine_form_and_window_only,206,0,0,zero_yield_reported_not_modelled,documents retrieved but no passage passed the employee screen
3902536040,Aviat Networks Inc,Redline Commun Group Inc,2022-04-13,2022-07-05,12.254,,announcement_only,,not_checked,machine_form_and_window_only,179,0,0,zero_yield_reported_not_modelled,documents retrieved but no passage passed the employee screen
3911400040,PTC Inc,Intland Software GmbH,2022-04-20,2022-05-03,280.00,,announcement_only,,not_checked,machine_form_and_window_only,27,0,0,zero_yield_reported_not_modelled,documents retrieved but no passage passed the employee screen
3917607020,Concentrix Corp,ServiceSource Intl Inc,2022-05-09,2022-07-20,163.42,Public,announcement_only,,not_checked,machine_form_and_window_only,27,0,0,zero_yield_reported_not_modelled,documents retrieved but no passage passed the employee screen
3919137020,The Carlyle Group Inc,Thresher Ventures Llc,2022-05-02,2022-05-02,,Priv.,announcement_only,,not_checked,machine_form_and_window_only,70,0,0,zero_yield_reported_not_modelled,documents retrieved but no passage passed the employee screen
3919819020,The Carlyle Group Inc,ManTech International Corp,2022-05-16,2022-09-14,"3,948.641",Public,merger_proxy,,no,machine_form_and_window_only,145,0,0,zero_yield_reported_not_modelled,documents retrieved but no passage passed the employee screen
3920263020,The Carlyle Group Inc,River Loop Sec Llc,2022-04-04,2022-04-04,,Priv.,merger_proxy,,yes,machine_target_name_in_acquirer_filing,83,0,0,zero_yield_reported_not_modelled,documents retrieved but no passage passed the employee screen
3923067020,Fastly Inc,Glitch Inc,2022-05-19,2022-05-19,,Priv.,announcement_only,,not_checked,machine_form_and_window_only,28,0,0,zero_yield_reported_not_modelled,documents retrieved but no passage passed the employee screen
3925026020,The Carlyle Group Inc,SIMON Markets LLC,2022-05-25,2022-08-02,,Priv.,merger_proxy,,yes,machine_target_name_in_acquirer_filing,145,0,0,zero_yield_reported_not_modelled,documents retrieved but no passage passed the employee screen
3925169020,Apptech Payments Corp,Hothand Inc,2022-05-24,2022-05-24,,Priv.,announcement_only,,not_checked,machine_form_and_window_only,32,0,0,zero_yield_reported_not_modelled,documents retrieved but no passage passed the employee screen
3925669020,Truist Financial Corp,Long Game Savings Inc,2022-05-03,2022-05-03,,Priv.,merger_proxy,,yes,machine_target_name_in_acquirer_filing,82,0,0,zero_yield_reported_not_modelled,documents retrieved but no passage passed the employee screen
3926693040,Pegasystems Inc,Everflow,2022-05-24,2022-05-24,,,announcement_only,,not_checked,machine_form_and_window_only,60,0,0,zero_yield_reported_not_modelled,documents retrieved but no passage passed the employee screen
3927285040,KKR & Co Inc,Frontmatec A/S,2022-05-24,2022-11-09,,,announcement_only,,not_checked,machine_form_and_window_only,263,0,0,zero_yield_reported_not_modelled,documents retrieved but no passage passed the employee screen
3928653040,Nasdaq Inc,Metrio Inc,2022-06-02,2022-10-07,,,announcement_only,,not_checked,machine_form_and_window_only,75,0,0,zero_yield_reported_not_modelled,documents retrieved but no passage passed the employee screen
3932944020,Oracle Corp,Adi Insights Inc,2022-05-06,2022-05-06,,Priv.,merger_proxy,,no,machine_form_and_window_only,12,0,0,zero_yield_reported_not_modelled,documents retrieved but no passage passed the employee screen
3933348040,Trinity Industries Inc,Quasar Platform Inc,2022-05-26,2022-05-26,,,announcement_only,,not_checked,machine_form_and_window_only,110,0,0,zero_yield_reported_not_modelled,documents retrieved but no passage passed the employee screen
3943595040,Morningstar Inc,Praemium Ltd-Intl Bus,2022-06-30,2022-06-30,42.438,,announcement_only,,not_checked,machine_form_and_window_only,63,0,0,zero_yield_reported_not_modelled,documents retrieved but no passage passed the employee screen
3943961020,Roper Technologies Inc,MGA Systems Inc,2022-06-28,2022-06-28,,Priv.,announcement_only,,not_checked,machine_form_and_window_only,43,0,0,zero_yield_reported_not_modelled,documents retrieved but no passage passed the employee screen
3953599020,KKR & Co Inc,AndPlus Inc,2022-07-13,2022-07-13,,Priv.,announcement_only,,not_checked,machine_form_and_window_only,91,0,0,zero_yield_reported_not_modelled,documents retrieved but no passage passed the employee screen
3954002020,Cadence Design Systems Inc,OpenEye Scientific Software,2022-07-25,2022-09-01,500.00,Priv.,announcement_only,,not_checked,machine_form_and_window_only,30,0,0,zero_yield_reported_not_modelled,documents retrieved but no passage passed the employee screen
3958047020,BorgWarner Inc,Rhombus Energy Solutions Inc,2022-08-03,2022-08-03,185.00,Priv.,announcement_only,,not_checked,machine_form_and_window_only,29,0,0,zero_yield_reported_not_modelled,documents retrieved but no passage passed the employee screen
3958728020,Becton Dickinson & Co,MedKeeper LLC,2022-07-28,2022-07-28,93.00,Sub.,announcement_only,,not_checked,machine_form_and_window_only,54,0,0,zero_yield_reported_not_modelled,documents retrieved but no passage passed the employee screen
3959361020,Walmart Inc,Volt Systems LLC,2022-08-05,2022-08-05,,Priv.,announcement_only,,not_checked,machine_form_and_window_only,61,0,0,zero_yield_reported_not_modelled,documents retrieved but no passage passed the employee screen
3959875020,Truist Financial Corp,BenefitMall Inc,2022-08-08,2022-09-06,,Sub.,merger_proxy,,no,machine_form_and_window_only,93,0,0,zero_yield_reported_not_modelled,documents retrieved but no passage passed the employee screen
3965041020,Truist Financial Corp,Zaloni Inc,2022-08-22,2022-08-22,,Priv.,merger_proxy,,no,machine_form_and_window_only,44,0,0,zero_yield_reported_not_modelled,documents retrieved but no passage passed the employee screen
3966488020,Blackbaud Inc,Kilter Inc,2022-08-22,2022-08-22,,Priv.,announcement_only,,not_checked,machine_form_and_window_only,39,0,0,zero_yield_reported_not_modelled,documents retrieved but no passage passed the employee screen
3967872020,S&P Global Inc,Private Market Connect LLC,2022-08-29,2022-08-29,,Priv.,announcement_only,,not_checked,machine_form_and_window_only,27,0,0,zero_yield_reported_not_modelled,documents retrieved but no passage passed the employee screen
3968186020,Roper Technologies Inc,Frontline Technologies Group,2022-08-30,2022-10-04,"3,738.00",Sub.,agreement_exhibit,EX-2.1,yes,machine_target_name_in_acquirer_filing,23,0,0,zero_yield_reported_not_modelled,documents retrieved but no passage passed the employee screen
3968891020,Goldman Sachs Group Inc,Sensata Technologies-Qinex,2022-07-01,2022-07-01,219.00,Sub.,merger_proxy,,no,machine_form_and_window_only,128,0,0,zero_yield_reported_not_modelled,documents retrieved but no passage passed the employee screen
