deal_id,source_url,source_quality,publisher,publication_date,source_title,review_status,notes,approved_excerpt
3045947020,https://boeing.mediaroom.com/2016-12-06-Boeing-to-Acquire-Liquid-Robotics-to-Enhance-Autonomous-Seabed-to-Space-Information-Services,official_company_announcement,Boeing,2016-12-06,Boeing to Acquire Liquid Robotics to Enhance Autonomous Seabed-to-Space Information Services,approved_for_machine_screening,Official buyer announcement
3078525020,https://blog.google/innovation-and-ai/infrastructure-and-cloud/google-cloud/100-announcements-google-cloud-next-17/,official_company_announcement,Google,2017-03-10,100 announcements from Google Cloud Next 2017,approved_for_machine_screening,Official buyer post announcing the Kaggle acquisition
3153170020,https://www.hubspot.com/company-news/hubspot-acquires-motion-ai-one-of-the-top-visual-chatbot-builders,official_company_announcement,HubSpot,2017-09-20,HubSpot Acquires Motion AI One of the Top Visual Chatbot Builders,approved_for_machine_screening,Official buyer announcement
3201487020,https://www.smartsheet.com/content-center/news/smartsheet-announces-converseai-natural-language-automation-acquisition,official_company_announcement,Smartsheet,2018-01-16,Smartsheet Announces Converse.AI Natural Language Automation Acquisition,approved_for_machine_screening,Official buyer announcement
3257183040,https://www.prnewswire.com/news-releases/leanplum-acquires-connecto-a-conversational-marketing-company-300668664.html,official_company_press_release_distributor,Leanplum via PR Newswire,2018-06-19,Leanplum Acquires Connecto a Conversational Marketing Company,approved_for_machine_screening,Company-issued announcement on a press-release distributor
3261765040,https://www.totango.com/press/totango-extends-product-leadership-in-enterprise-customer-success-with-the-acqusition-of-personality-ai,official_company_announcement,Totango,2018-06-28,Totango Extends Product Leadership with the Acquisition of Personality.ai,approved_for_machine_screening,Official buyer announcement; page body also spells target Personity.ai
3312269020,https://blogs.microsoft.com/blog/2018/09/13/microsoft-acquires-lobe-to-help-bring-ai-development-capability-to-everyone/,official_company_announcement,Microsoft,2018-09-13,Microsoft acquires Lobe to help bring AI development capability to everyone,approved_for_machine_screening,Official buyer announcement; excerpt fallback checked against official page,"Today, we’re excited to announce the acquisition of Lobe. Based in San Francisco, Lobe is working to make deep learning simple, understandable and accessible to everyone."
3348911020,https://sensory.com/news/sensory-acquires-vocalize-ai-for-speech-technology-testing-capabilities/,official_company_announcement,Sensory,2019-02-13,Sensory Acquires Vocalize.ai for Speech Technology Testing Capabilities,approved_for_machine_screening,Official buyer announcement
3420608020,https://media.irobot.com/2019-06-20-iRobot-Introduces-the-Root-Coding-Robot-Through-Acquisition-of-Root-Robotics,official_company_announcement,iRobot,2019-06-20,iRobot Introduces the Root Coding Robot Through Acquisition of Root Robotics,approved_for_machine_screening,Official buyer announcement
3434593020,https://www.sec.gov/Archives/edgar/data/1745317/000162828022004461/vldr-20211231.htm,primary_sec_filing,Velodyne Lidar,2022-03-01,Velodyne Lidar 2021 Form 10-K,approved_for_machine_screening,Later SEC filing describes acquired technology workforce and assets
3439275020,https://www.siemens-healthineers.com/en-us/press-room/press-releases/corindus.html,official_company_announcement,Siemens Healthineers,2019-10-30,Siemens Healthineers completes acquisition of Corindus Vascular Robotics,approved_for_machine_screening,Official buyer closing announcement
3456854020,https://about.fb.com/news/2021/03/inside-facebook-reality-labs-wrist-based-interaction-for-the-next-computing-platform/amp/,official_company_announcement,Meta,2021-03-18,Inside Facebook Reality Labs wrist-based interaction,approved_for_machine_screening,Official buyer retrospective identifying the CTRL-labs acquisition and team
3535746020,https://www.nylas.com/blog/nylas-juneai-acquisition/,official_company_announcement,Nylas,2020-03-17,Nylas Acquires June.ai,approved_for_machine_screening,Official buyer announcement,
3541403020,https://medium.com/6d-ai/6d-ai-joins-niantic-making-a-major-step-toward-building-the-ar-cloud-1594be62e85f,official_company_announcement,6D.ai,2020-03-31,6D.ai Joins Niantic Making A Major Step Toward Building The AR Cloud,approved_for_machine_screening,Official target-company announcement; excerpt fallback checked against company post,"When Victor and I first started 6D.ai, our mission was to solve the hardest computer vision software problems preventing developers from building engaging AR applications."
3623364020,https://365retailmarkets.com/blog/365-retail-markets-acquires-stockwell,official_company_announcement,365 Retail Markets,2020-08-13,365 Retail Markets Acquires Stockwell,approved_for_machine_screening,Official buyer announcement
3701621020,https://www.algolia.com/blog/algolia/i-co-founded-the-ai-company-that-joined-algolia,official_company_announcement,Algolia,2021-01-26,I co-founded the AI company that joined Algolia,approved_for_machine_screening,Official buyer post from the MorphL co-founder
3701621020,https://www.globenewswire.com/news-release/2021/01/26/2164201/0/en/Algolia-Acquires-MorphL-Launches-AI-Powered-Predictive-Experiences-and-Personalization.html,official_company_press_release_distributor,Algolia via GlobeNewswire,2021-01-26,Algolia Acquires MorphL and Launches AI-Powered Predictive Experiences,approved_for_machine_screening,Company-issued announcement on a press-release distributor
3708541020,https://www.thetorocompany.com/news-releases/news-release-details/toro-company-acquires-left-hand-robotics-inc,official_company_announcement,The Toro Company,2021-03-02,The Toro Company Acquires Left Hand Robotics,approved_for_machine_screening,Official buyer announcement
3727571020,https://www.globenewswire.com/news-release/2021/04/08/2206486/0/en/appharvest-acquires-agricultural-robotics-and-artificial-intelligence-company-root-ai-to-increase-efficiency.html,official_company_press_release_distributor,AppHarvest via GlobeNewswire,2021-04-08,AppHarvest Acquires Agricultural Robotics and Artificial Intelligence Company Root AI,approved_for_machine_screening,Company-issued announcement on a press-release distributor
3754779020,https://www.liveaction.com/press/liveaction-acquires-counterflow-ai-to-expand-network-security-offerings/,official_company_announcement,LiveAction,2021-05-04,LiveAction Acquires CounterFlow AI to Expand Network Security Offerings,approved_for_machine_screening,Official buyer announcement; excerpt fallback checked against official page,"CounterFlow AI’s unique security portfolio will help LiveAction partners and customers gain end-to-end network visibility. Its Streaming Machine Learning Engine processes packet data in real-time."
3759466020,https://developer.hpe.com/blog/determined-ai-is-joining-hewlett-packard-enterprise/,official_company_announcement,Hewlett Packard Enterprise,2021-06-21,Determined AI is joining Hewlett Packard Enterprise,approved_for_machine_screening,Official buyer post
3767523020,https://www.zebra.com/us/en/about-zebra/newsroom/press-releases/2021/zebra-technologies-to-acquire-fetch-robotics.html,official_company_announcement,Zebra Technologies,2021-07-01,Zebra Technologies to Acquire Fetch Robotics,approved_for_machine_screening,Official buyer announcement
3769973020,https://www.fortinet.com/blog/business-and-technology/fortinet-acquires-application-security-innovator-skenai-to-accelerate-devsecops,official_company_announcement,Fortinet,2021-07-07,Fortinet Acquires Application Security Innovator Sken.ai,approved_for_machine_screening,Official buyer announcement
3803400020,https://locusrobotics.com/blog/locusway,official_company_announcement,Locus Robotics,2021-09-20,Locus Robotics Acquires Waypoint Robotics,approved_for_machine_screening,Official buyer announcement
3824154020,https://company.instacart.com/pressreleases/instacart-acquires-caper-ai-a-leader-in-smart-cart-and-smart-checkout-technology-creating-a-unified-online-and-in-store-commerce-solution-for-retailers,official_company_announcement,Instacart,2021-10-19,Instacart Acquires Caper AI a Leader in Smart Cart and Smart Checkout Technology,approved_for_machine_screening,Official buyer announcement; excerpt fallback checked against official page,"Instacart, the leading online grocery platform in North America, today announced its acquisition of Caper AI (“Caper”), a leading AI-powered shopping cart and checkout technology platform."
3939905020,https://www.glia.com/news/glia-acquires-finn-ai,official_company_announcement,Glia,2022-06-23,Glia Acquires Finn AI,approved_for_machine_screening,Official buyer announcement
3947466040,https://newsroom.ibm.com/2022-07-06-IBM-Aims-to-Capture-Growing-Market-Opportunity-for-Data-Observability-with-Databand-ai-Acquisition,official_company_announcement,IBM,2022-07-06,IBM Aims to Capture Growing Market Opportunity with Databand.ai Acquisition,approved_for_machine_screening,Official buyer announcement
3963056020,https://www.globenewswire.com/news-release/2022/08/17/2500216/0/en/Eltropy-Acquires-Marsview-AI-Empowering-Financial-Institutions-to-Automate-the-Contact-Center.html,official_company_press_release_distributor,Eltropy via GlobeNewswire,2022-08-17,Eltropy Acquires Marsview AI,approved_for_machine_screening,Company-issued announcement on a press-release distributor,"Eltropy, the industry-leading Digital Communications platform for financial institutions, today announced the acquisition of Marsview.ai, the AI platform for conversational intelligence."
3984774040,https://www.sec.gov/Archives/edgar/data/1745317/000119312522281315/d413040d425.htm,primary_sec_filing,Velodyne Lidar,2022-11-08,Velodyne Lidar special meeting filing,approved_for_machine_screening,SEC filing identifies Bluecity as a Canadian AI software company
3984774040,https://www.nasdaq.com/press-release/velodyne-lidar-acquires-ai-software-company-bluecity-2022-10-04,official_company_press_release_distributor,Velodyne Lidar via Business Wire,2022-10-04,Velodyne Lidar Acquires AI Software Company Bluecity,approved_for_machine_screening,Company-issued announcement syndicated by Nasdaq
3844957040,https://fieldin.com/blog/fieldin-wins-agriculture-robotics-solution-of-the-year-2023/,official_company_announcement,Fieldin,2023-08-17,Fieldin Wins Overall Agriculture Robotics Solution of the Year,approved_for_machine_screening,Official buyer retrospective identifying the Midnight Robotics acquisition
3529115020,https://www.techtarget.com/press-release/techtarget-acquires-data-science-central-a-leading-online-resource-for-data-scientists-and-big-data-practitioners/,official_company_announcement,TechTarget,2020-03-04,TechTarget Acquires Data Science Central,excluded_ai_media_not_ai_product_or_team,Excluded by AI-scope audit: acquired media/community resource rather than an AI product or technical team,
3508418020,https://www.hitachivantara.com/pt-br/news-old/gl200122,official_company_announcement,Hitachi Vantara,2020-01-22,Hitachi Vantara Announces Intent To Acquire Waterline Data,approved_for_machine_screening,Official buyer announcement,"Waterline Data delivers catalog technology enabled by machine learning (ML) that automates metadata discovery to solve modern data challenges for analytics and governance."
3268975020,https://blog.box.com/welcome-butter-ai-team-Box,official_company_announcement,Box,2018-07-10,Welcoming the Butter.ai team to Box,approved_for_machine_screening,Official buyer announcement of team transfer,"We're incredibly excited to share that the team from Butter.ai is joining Box to help us execute on our vision to bring intelligent search to the enterprise. Butter.ai, a member of All Turtles, has been focused on using machine learning to solve everyday problems."
3263747040,https://about.fb.com/news/2018/07/facebook-ai-research-expands/,official_company_announcement,Facebook,2018-07-27,Facebook AI Research Expands With New Academic Collaborations,approved_for_machine_screening,Official buyer announcement of team transfer,"Also joining us in London is the team behind Bloomsbury AI, which we announced earlier this month. They have a strong background in natural language processing."
3426068020,https://www.waystar.com/news/waystar-acquires-digitize-ai-to-automate-prior-authorization/,official_company_announcement,Waystar,2019-07-10,Waystar acquires Digitize.AI to automate prior authorization,approved_for_machine_screening,Official buyer announcement,"Waystar announced the acquisition of Digitize.AI, an artificial intelligence technology firm. Digitize.AI leverages artificial intelligence and machine learning to automate prior authorizations."
3688880020,https://swoop.com/blog/w2o-acquires-swoop/,official_company_announcement,Swoop,2021-01-07,W2O Acquires Swoop Fueling New Health Technology Business,approved_for_machine_screening,Official target announcement,"W2O announced it acquired Swoop and IPM.ai. Swoop and IPM.ai are pioneers in using artificial intelligence and real world data to solve healthcare challenges."
3701573020,https://www.corpay.com/corporate-newsroom/14201/fleetcor-acquires-cloud-software-platform-provider-of-b2b-online-bill-payment,official_company_announcement,FLEETCOR,2021-01-28,FLEETCOR Acquires Cloud Software Platform Provider of B2B Online Bill Payment,approved_for_machine_screening,Official buyer announcement,"FLEETCOR announced it acquired Roger, an accounts-payable cloud platform. Roger eliminates manual data entry using machine learning technology."
3728982040,https://www.globenewswire.com/news-release/2021/04/06/2204941/0/en/Life-Clips-Closes-Transaction-to-Acquire-Cognitive-Apps-Software-Solutions-Inc.html,official_company_press_release_distributor,Life Clips via GlobeNewswire,2021-04-06,Life Clips Closes Transaction to Acquire Cognitive Apps Software Solutions,approved_for_machine_screening,Company-issued announcement on a press-release distributor,"Life Clips closed the acquisition of Cognitive Apps Software Solutions, a developer of artificial intelligence applications for healthcare and psychedelic research."
3742169040,https://skyspecs.com/blog/skyspecs-acquires-fincovi-and-vertikal-ai/,official_company_announcement,SkySpecs,2021-05-17,SkySpecs acquires Fincovi and Vertikal AI,approved_for_machine_screening,Official buyer announcement,"SkySpecs acquired Vertikal AI, a pioneer in predictive maintenance for wind energy. Vertikal AI uses data analytics and applied AI to optimize wind-turbine health."
3763322020,https://www.sighthound.com/news/sighthound-acquires-boulder-ai-to-move-computer-vision-to-the-edge-for-real-time-video-intelligence,official_company_announcement,Sighthound,2021-06-21,Sighthound Acquires Boulder AI to Move Computer Vision to the Edge,approved_for_machine_screening,Official buyer announcement,"Sighthound announced it would acquire Boulder AI to move computer vision to the edge. Boulder AI provides smart cameras and edge-computing solutions."
3763340020,https://fractal.ai/docs/Investor-Relations/Fractal-Analytics-Limited-Financial-Statements/Financial-Statements-Consolidated/Fractal-Analytics-Ltd-Consolidated-Financial-Statements-FY-23.pdf,official_company_financial_statement,Fractal Analytics,2023-03-31,Fractal Analytics Consolidated Financial Statements FY23,approved_for_machine_screening,Official company financial statements identify Samya.ai as the former name of Asper.ai,"Acquisition of Asper.ai Group, formerly known as Samya.ai. Asper.ai is an AI company using probabilistic machine learning and reinforcement learning approaches."
3778252040,https://opentrons.com/archives/news/press-release-opentrons-announces-200-million-series-c-round-led-by-softbank,official_company_announcement,Opentrons,2021-09-23,Opentrons Announces 200 Million Series C,approved_for_machine_screening,Official buyer retrospective,"Zenith AI is a wholly-owned subsidiary of Opentrons that was acquired in June 2021. Zenith AI brings proprietary no-code AI and modern machine learning to the Opentrons platform."
3815848040,https://slingerbag.com/blogs/news/slinger-announces-official-closing-of-gameface-ai-acquisition,official_company_announcement,Slinger,2022-02-08,Slinger Announces Official Closing of GAMEFACE.AI Acquisition,approved_for_machine_screening,Official buyer announcement,"Slinger announced the finalization of its acquisition of GAMEFACE.AI, an artificial intelligence technology provider for sports."
3824479040,https://ghocapital.com/updates/x-chem-acquires-glamorous-ai-and-cominnex-harnessing-machine-learning-to-accelerate-outcomes-across-small-molecule-drug-discovery/,official_company_announcement,GHO Capital,2021-10-29,X-Chem acquires Glamorous AI and ComInnex,approved_for_machine_screening,Official owner announcement for portfolio-company acquisition,"GHO Capital reported that its portfolio company X-Chem acquired Glamorous AI, a leader in artificial intelligence solutions for drug discovery."
3897450020,https://www.prnewswire.com/news-releases/tailwind-acquires-replierai-adding-ai-capability-to-help-marketers-break-writers-block--write-better-copy-301514233.html,official_company_press_release_distributor,Tailwind via PR Newswire,2022-03-30,Tailwind Acquires Replier.ai Adding AI Capability,approved_for_machine_screening,Company-issued announcement on a press-release distributor,"Tailwind acquired Replier.ai, adding AI capability to help marketers generate custom replies and content and expanding its team, products and customer base."
3931884040,https://www.mediaocean.com/mediaocean-acquires-drishyam-ai,official_company_announcement,Mediaocean,2022-06-07,Mediaocean acquires Drishyam AI,approved_for_machine_screening,Official operating-company announcement; SDC lists parent investor CVC,"Mediaocean acquired Drishyam AI, a software company that automates ad-content identification and optimization using artificial intelligence and natural language processing."
