deal_id,deal_name,acquirer,target,agreement_date,attribute,machine_value,evidence_basis,evidence_status,document_id,document_type,source_url,source_locator,excerpt_kind,evidence_excerpt,limitation,salvage_reference
pilot_001_intuit_mailchimp,Intuit–Mailchimp,Intuit Inc.,The Rocket Science Group LLC (Mailchimp),2021-09-13,legal_transaction_form,equity_purchase,direct_passage,direct,doc_intuit_mailchimp_ex21,SEC Exhibit 2.1,https://www.sec.gov/Archives/edgar/data/896878/000119312521271682/d226456dex21.htm,"Equity Purchase Agreement; Articles VII, Sections 7.6–7.7",paraphrase,Equity Purchase Agreement (agreement title as filed).,Legal form is read from the agreement title and structure in the salvage record; the exact statutory mechanics are not re-verified here.,pilot_deals.csv legal_form; documents.csv
pilot_001_intuit_mailchimp,Intuit–Mailchimp,Intuit Inc.,The Rocket Science Group LLC (Mailchimp),2021-09-13,scope_and_control,entity_equity|control_transferred,inferred_from_legal_form,partial,doc_intuit_mailchimp_ex21,SEC Exhibit 2.1,https://www.sec.gov/Archives/edgar/data/896878/000119312521271682/d226456dex21.htm,Equity Purchase Agreement,paraphrase,Buyer acquired the equity interests of the target under an equity purchase agreement.,Percentage of equity acquired is not restated in the reviewed passage.,pilot_deals.csv legal_form
pilot_001_intuit_mailchimp,Intuit–Mailchimp,Intuit Inc.,The Rocket Science Group LLC (Mailchimp),2021-09-13,ip_treatment,acquired_with_entity,inferred_from_legal_form,indirect,doc_intuit_mailchimp_ex21,SEC Exhibit 2.1,https://www.sec.gov/Archives/edgar/data/896878/000119312521271682/d226456dex21.htm,Equity Purchase Agreement,paraphrase,IP remains with the acquired entity under an equity purchase; no separate IP licence is disclosed in the reviewed passage.,Inferred from the transaction form only: no reviewed passage addresses intellectual-property treatment directly.,pilot_deals.csv legal_form
pilot_001_intuit_mailchimp,Intuit–Mailchimp,Intuit Inc.,The Rocket Science Group LLC (Mailchimp),2021-09-13,business_product_continuity,unknown,unknown,unknown,doc_intuit_mailchimp_ex21,SEC Exhibit 2.1,https://www.sec.gov/Archives/edgar/data/896878/000119312521271682/d226456dex21.htm,Articles VII,paraphrase,No reviewed passage states whether the Mailchimp product continues as a separate unit.,"The integration signal recorded in the salvage package concerns employee and benefit-plan information requests, not product continuity.",pilot_deals.csv integration_signal
pilot_001_intuit_mailchimp,Intuit–Mailchimp,Intuit Inc.,The Rocket Science Group LLC (Mailchimp),2021-09-13,workforce_movement,group_continuing_employees|named_founders,direct_passage,direct,doc_intuit_mailchimp_ex21,SEC Exhibit 2.1,https://www.sec.gov/Archives/edgar/data/896878/000119312521271682/d226456dex21.htm,Section 7.6(a)–(c); recitals,paraphrase,The agreement required a post-closing retention pool of $200 million plus an assumed award value in purchaser RSUs for eligible continuing employees. Founders Benjamin Chestnut (sellers' representative) and Daniel Kurzius (restrictive covenant agreement) are named in the agreement.,"A retention pool is a contractual design, not proof that recipients stayed; founder naming is a contract role, not an observed post-deal role.","evidence_passages.csv ev_001; key_people.csv person_001, person_002"
pilot_001_intuit_mailchimp,Intuit–Mailchimp,Intuit Inc.,The Rocket Science Group LLC (Mailchimp),2021-09-13,talent_motive_explicit,partial,direct_passage,partial,doc_intuit_mailchimp_ex21,SEC Exhibit 2.1,https://www.sec.gov/Archives/edgar/data/896878/000119312521271682/d226456dex21.htm,Sections 7.6–7.7,paraphrase,"The agreement required transaction bonuses to be paid to business employees after closing through the company payroll system, alongside the retention pool.",Quantified retention instruments show the buyer priced employee continuity; they do not state that people were the motive for the deal.,"evidence_passages.csv ev_001, ev_002"
pilot_002_clarivate_proquest,Clarivate–ProQuest,Clarivate PLC,ProQuest Holdings LLC,2021-05-15,legal_transaction_form,transaction_agreement_form_not_asserted,direct_passage,partial,doc_clarivate_proquest_ex21,SEC Exhibit 2.1,https://www.sec.gov/Archives/edgar/data/1764046/000110465921067259/tm2116608d1_ex2-1.htm,"Transaction Agreement; Article 8, Section 8.01(a)",paraphrase,Transaction Agreement (agreement title as filed); the salvage record deliberately does not assert the exact legal form.,Legal form is read from the agreement title and structure in the salvage record; the exact statutory mechanics are not re-verified here.,pilot_deals.csv legal_form
pilot_002_clarivate_proquest,Clarivate–ProQuest,Clarivate PLC,ProQuest Holdings LLC,2021-05-15,scope_and_control,entity_equity|control_transferred,inferred_from_legal_form,partial,doc_clarivate_proquest_ex21,SEC Exhibit 2.1,https://www.sec.gov/Archives/edgar/data/1764046/000110465921067259/tm2116608d1_ex2-1.htm,Transaction Agreement,paraphrase,Clarivate acquired ProQuest Holdings LLC under a transaction agreement.,The reviewed passage does not restate the purchase mechanics.,pilot_deals.csv
pilot_002_clarivate_proquest,Clarivate–ProQuest,Clarivate PLC,ProQuest Holdings LLC,2021-05-15,ip_treatment,acquired_with_entity,inferred_from_legal_form,indirect,doc_clarivate_proquest_ex21,SEC Exhibit 2.1,https://www.sec.gov/Archives/edgar/data/1764046/000110465921067259/tm2116608d1_ex2-1.htm,Transaction Agreement,paraphrase,No separate IP licence is disclosed in the reviewed passage.,Inferred from the transaction form only: no reviewed passage addresses intellectual-property treatment directly.,pilot_deals.csv legal_form
pilot_002_clarivate_proquest,Clarivate–ProQuest,Clarivate PLC,ProQuest Holdings LLC,2021-05-15,business_product_continuity,unknown,unknown,unknown,doc_clarivate_proquest_ex21,SEC Exhibit 2.1,https://www.sec.gov/Archives/edgar/data/1764046/000110465921067259/tm2116608d1_ex2-1.htm,Section 8.01(a),paraphrase,No reviewed passage addresses product or business-unit continuity.,"The salvage integration signal concerns benefit comparability, not product continuity.",pilot_deals.csv integration_signal
pilot_002_clarivate_proquest,Clarivate–ProQuest,Clarivate PLC,ProQuest Holdings LLC,2021-05-15,workforce_movement,group_continuing_employees,direct_passage,direct,doc_clarivate_proquest_ex21,SEC Exhibit 2.1,https://www.sec.gov/Archives/edgar/data/1764046/000110465921067259/tm2116608d1_ex2-1.htm,Section 8.01(a),paraphrase,"Continuing employees were promised at least their pre-closing base salary or hourly wage for at least 12 months, plus specified target cash-incentive and aggregate benefit protections.","The provision excludes several long-term, equity, retention, and stay arrangements from the comparable-benefits standard.",evidence_passages.csv ev_003
pilot_002_clarivate_proquest,Clarivate–ProQuest,Clarivate PLC,ProQuest Holdings LLC,2021-05-15,talent_motive_explicit,unknown,unknown,unknown,doc_clarivate_proquest_ex21,SEC Exhibit 2.1,https://www.sec.gov/Archives/edgar/data/1764046/000110465921067259/tm2116608d1_ex2-1.htm,Section 8.01(a),paraphrase,No reviewed passage states a talent motive.,No reviewed passage states that acquiring people or a team was a transaction motive; absence of such a statement is not evidence that it was absent.,evidence_passages.csv
pilot_003_oracle_cerner,Oracle–Cerner,Oracle Corporation,Cerner Corporation,2021-12-20,legal_transaction_form,statutory_merger,direct_passage,direct,doc_oracle_cerner_ex21,SEC Exhibit 2.1,https://www.sec.gov/Archives/edgar/data/1341439/000119312521363742/d235675dex21.htm,Agreement and Plan of Merger; Section 3.06(c),paraphrase,Agreement and Plan of Merger (agreement title as filed).,Legal form is read from the agreement title and structure in the salvage record; the exact statutory mechanics are not re-verified here.,pilot_deals.csv legal_form
pilot_003_oracle_cerner,Oracle–Cerner,Oracle Corporation,Cerner Corporation,2021-12-20,scope_and_control,entity_equity|control_transferred,inferred_from_legal_form,partial,doc_oracle_cerner_ex21,SEC Exhibit 2.1,https://www.sec.gov/Archives/edgar/data/1341439/000119312521363742/d235675dex21.htm,Agreement and Plan of Merger,paraphrase,Statutory merger of the target entity.,Merger sub structure and surviving entity are not restated in the reviewed passage.,pilot_deals.csv legal_form
pilot_003_oracle_cerner,Oracle–Cerner,Oracle Corporation,Cerner Corporation,2021-12-20,ip_treatment,acquired_with_entity,inferred_from_legal_form,indirect,doc_oracle_cerner_ex21,SEC Exhibit 2.1,https://www.sec.gov/Archives/edgar/data/1341439/000119312521363742/d235675dex21.htm,Agreement and Plan of Merger,paraphrase,No separate IP licence is disclosed in the reviewed passage.,Inferred from the transaction form only: no reviewed passage addresses intellectual-property treatment directly.,pilot_deals.csv legal_form
pilot_003_oracle_cerner,Oracle–Cerner,Oracle Corporation,Cerner Corporation,2021-12-20,business_product_continuity,unknown,unknown,unknown,doc_oracle_cerner_ex21,SEC Exhibit 2.1,https://www.sec.gov/Archives/edgar/data/1341439/000119312521363742/d235675dex21.htm,Section 3.06(c),paraphrase,No reviewed passage addresses product continuity.,The salvage integration signal concerns award conversion mechanics only.,pilot_deals.csv integration_signal
pilot_003_oracle_cerner,Oracle–Cerner,Oracle Corporation,Cerner Corporation,2021-12-20,workforce_movement,group_continuing_employees,direct_passage,direct,doc_oracle_cerner_ex21,SEC Exhibit 2.1,https://www.sec.gov/Archives/edgar/data/1341439/000119312521363742/d235675dex21.htm,Section 3.06(c),paraphrase,Performance awards deemed earned around the transaction remained subject to vesting based on continued service through scheduled vesting dates.,The award condition is not an observed retention rate.,evidence_passages.csv ev_004
pilot_003_oracle_cerner,Oracle–Cerner,Oracle Corporation,Cerner Corporation,2021-12-20,talent_motive_explicit,unknown,unknown,unknown,doc_oracle_cerner_ex21,SEC Exhibit 2.1,https://www.sec.gov/Archives/edgar/data/1341439/000119312521363742/d235675dex21.htm,Section 3.06(c),paraphrase,No reviewed passage states a talent motive.,No reviewed passage states that acquiring people or a team was a transaction motive; absence of such a statement is not evidence that it was absent.,evidence_passages.csv
pilot_004_microsoft_nuance,Microsoft–Nuance,Microsoft Corporation,"Nuance Communications, Inc.",2021-04-12,legal_transaction_form,statutory_merger,direct_passage,direct,doc_microsoft_nuance_ex991_corrected,SEC Exhibit 99.1,https://www.sec.gov/Archives/edgar/data/789019/000119312521112687/d171120dex991.htm,Official transaction announcement (Exhibit 99.1),paraphrase,Microsoft announced an agreement to acquire Nuance; the salvage record codes the form as a statutory merger.,The Exhibit 99.1 press release announces the deal; the merger agreement itself is a separate exhibit not re-verified in this package.,pilot_deals.csv legal_form; documents.csv
pilot_004_microsoft_nuance,Microsoft–Nuance,Microsoft Corporation,"Nuance Communications, Inc.",2021-04-12,scope_and_control,entity_equity|control_transferred,inferred_from_legal_form,partial,doc_microsoft_nuance_ex991_corrected,SEC Exhibit 99.1,https://www.sec.gov/Archives/edgar/data/789019/000119312521112687/d171120dex991.htm,Exhibit 99.1,paraphrase,Acquisition of the Nuance entity.,Consideration mechanics are not restated in the reviewed passage.,pilot_deals.csv
pilot_004_microsoft_nuance,Microsoft–Nuance,Microsoft Corporation,"Nuance Communications, Inc.",2021-04-12,ip_treatment,acquired_with_entity,inferred_from_legal_form,indirect,doc_microsoft_nuance_ex991_corrected,SEC Exhibit 99.1,https://www.sec.gov/Archives/edgar/data/789019/000119312521112687/d171120dex991.htm,Exhibit 99.1,paraphrase,No separate IP licence is disclosed in the reviewed passage.,Inferred from the transaction form only: no reviewed passage addresses intellectual-property treatment directly.,pilot_deals.csv legal_form
pilot_004_microsoft_nuance,Microsoft–Nuance,Microsoft Corporation,"Nuance Communications, Inc.",2021-04-12,business_product_continuity,continues_as_unit_within_buyer_segment,direct_passage,direct,doc_microsoft_nuance_ex991_corrected,SEC Exhibit 99.1,https://www.sec.gov/Archives/edgar/data/789019/000119312521112687/d171120dex991.htm,"Exhibit 99.1, opening transaction announcement",paraphrase,Mark Benjamin was announced to remain CEO of Nuance and report to Microsoft Cloud and AI leadership; Nuance financials were expected to be reported within Intelligent Cloud.,An announcement of intended structure at signing is not an observation of later organisational reality.,pilot_deals.csv integration_signal; evidence_passages.csv ev_005
pilot_004_microsoft_nuance,Microsoft–Nuance,Microsoft Corporation,"Nuance Communications, Inc.",2021-04-12,workforce_movement,named_executive_continuity,direct_passage,direct,doc_microsoft_nuance_ex991_corrected,SEC Exhibit 99.1,https://www.sec.gov/Archives/edgar/data/789019/000119312521112687/d171120dex991.htm,Exhibit 99.1,paraphrase,Microsoft's official transaction announcement stated that Mark Benjamin would remain CEO of Nuance and report to Microsoft Cloud and AI leadership.,One named executive signal cannot establish broader workforce retention.,evidence_passages.csv ev_005; key_people.csv person_003
pilot_004_microsoft_nuance,Microsoft–Nuance,Microsoft Corporation,"Nuance Communications, Inc.",2021-04-12,talent_motive_explicit,unknown,unknown,unknown,doc_microsoft_nuance_ex991_corrected,SEC Exhibit 99.1,https://www.sec.gov/Archives/edgar/data/789019/000119312521112687/d171120dex991.htm,Exhibit 99.1,paraphrase,The announcement frames the deal around healthcare cloud strategy; the reviewed passage does not state a talent motive.,No reviewed passage states that acquiring people or a team was a transaction motive; absence of such a statement is not evidence that it was absent.,documents.csv document_title
pilot_005_okta_auth0,Okta–Auth0,"Okta, Inc.","Auth0, Inc.",2021-03-03,legal_transaction_form,statutory_merger,direct_passage,direct,doc_okta_auth0_ex21,SEC Exhibit 2.1,https://www.sec.gov/Archives/edgar/data/1660134/000119312521156436/d145794dex21.htm,Agreement and Plan of Merger; recitals; Section 8.02(f),paraphrase,Agreement and Plan of Merger (agreement title as filed).,Legal form is read from the agreement title and structure in the salvage record; the exact statutory mechanics are not re-verified here.,pilot_deals.csv legal_form
pilot_005_okta_auth0,Okta–Auth0,"Okta, Inc.","Auth0, Inc.",2021-03-03,scope_and_control,entity_equity|control_transferred,inferred_from_legal_form,partial,doc_okta_auth0_ex21,SEC Exhibit 2.1,https://www.sec.gov/Archives/edgar/data/1660134/000119312521156436/d145794dex21.htm,Agreement and Plan of Merger,paraphrase,Statutory merger of the target entity.,Merger mechanics are not restated in the reviewed passage.,pilot_deals.csv legal_form
pilot_005_okta_auth0,Okta–Auth0,"Okta, Inc.","Auth0, Inc.",2021-03-03,ip_treatment,acquired_with_entity,inferred_from_legal_form,indirect,doc_okta_auth0_ex21,SEC Exhibit 2.1,https://www.sec.gov/Archives/edgar/data/1660134/000119312521156436/d145794dex21.htm,Agreement and Plan of Merger,paraphrase,No separate IP licence is disclosed in the reviewed passage.,Inferred from the transaction form only: no reviewed passage addresses intellectual-property treatment directly.,pilot_deals.csv legal_form
pilot_005_okta_auth0,Okta–Auth0,"Okta, Inc.","Auth0, Inc.",2021-03-03,business_product_continuity,unknown,unknown,unknown,doc_okta_auth0_ex21,SEC Exhibit 2.1,https://www.sec.gov/Archives/edgar/data/1660134/000119312521156436/d145794dex21.htm,Recitals,paraphrase,No reviewed passage addresses product continuity.,"The salvage integration signal concerns founder/key-employee documents, not product continuity.",pilot_deals.csv integration_signal
pilot_005_okta_auth0,Okta–Auth0,"Okta, Inc.","Auth0, Inc.",2021-03-03,workforce_movement,named_founders_and_key_employees,direct_passage,direct,doc_okta_auth0_ex21,SEC Exhibit 2.1,https://www.sec.gov/Archives/edgar/data/1660134/000119312521156436/d145794dex21.htm,Recitals; Section 8.02(f),paraphrase,"The agreement identified founders and key employees who entered offer letters, noncompetition agreements, and, for founders, vesting agreements effective at closing. As a closing condition, founders and key employees had to remain employed immediately before closing and not express an intent to repudiate their offer letters or leave immediately after closing.","Names and full compensation terms were not all disclosed in the reviewed passage; the closing condition is a timing condition, not a 12/24/36-month outcome observation.","evidence_passages.csv ev_006, ev_007"
pilot_005_okta_auth0,Okta–Auth0,"Okta, Inc.","Auth0, Inc.",2021-03-03,talent_motive_explicit,partial,direct_passage,partial,doc_okta_auth0_ex21,SEC Exhibit 2.1,https://www.sec.gov/Archives/edgar/data/1660134/000119312521156436/d145794dex21.htm,Section 8.02(f),paraphrase,"Founder and key-employee employment, noncompetition, and vesting documents were conditions to closing.",Conditioning closing on key-employee continuity shows those people were material to the buyer; it does not state that acquiring them was the purpose of the deal.,"evidence_passages.csv ev_006, ev_007"
pilot_006_roper_frontline,Roper–Frontline,"Roper Technologies, Inc. / Roper T2 LLC",Frontline Technologies,unknown,legal_transaction_form,equity_purchase_and_merger,direct_passage,partial,doc_roper_frontline_ex21,SEC Exhibit 2.1,https://www.sec.gov/Archives/edgar/data/882835/000119312522233743/d356123dex21.htm,Equity Purchase and Merger Agreement; definition of Indebtedness,paraphrase,Equity Purchase and Merger Agreement (agreement title as filed). The salvage record notes the source is an execution-version document carrying a nonbinding pre-execution notice.,Document status caveat: the exhibit states it was intended to facilitate discussions until execution.,"pilot_deals.csv legal_form, source_quality"
pilot_006_roper_frontline,Roper–Frontline,"Roper Technologies, Inc. / Roper T2 LLC",Frontline Technologies,unknown,scope_and_control,entity_equity|control_transferred,inferred_from_legal_form,partial,doc_roper_frontline_ex21,SEC Exhibit 2.1,https://www.sec.gov/Archives/edgar/data/882835/000119312522233743/d356123dex21.htm,Equity Purchase and Merger Agreement,paraphrase,Combined equity purchase and merger structure.,Which interests moved by purchase versus merger is not restated in the reviewed passage.,pilot_deals.csv legal_form
pilot_006_roper_frontline,Roper–Frontline,"Roper Technologies, Inc. / Roper T2 LLC",Frontline Technologies,unknown,ip_treatment,acquired_with_entity,inferred_from_legal_form,indirect,doc_roper_frontline_ex21,SEC Exhibit 2.1,https://www.sec.gov/Archives/edgar/data/882835/000119312522233743/d356123dex21.htm,Equity Purchase and Merger Agreement,paraphrase,No separate IP licence is disclosed in the reviewed passage.,Inferred from the transaction form only: no reviewed passage addresses intellectual-property treatment directly.,pilot_deals.csv legal_form
pilot_006_roper_frontline,Roper–Frontline,"Roper Technologies, Inc. / Roper T2 LLC",Frontline Technologies,unknown,business_product_continuity,unknown,unknown,unknown,doc_roper_frontline_ex21,SEC Exhibit 2.1,https://www.sec.gov/Archives/edgar/data/882835/000119312522233743/d356123dex21.htm,Definition of Indebtedness,paraphrase,No reviewed passage addresses product continuity.,The salvage integration signal concerns transaction-liability treatment of employee amounts.,pilot_deals.csv integration_signal
pilot_006_roper_frontline,Roper–Frontline,"Roper Technologies, Inc. / Roper T2 LLC",Frontline Technologies,unknown,workforce_movement,group_severance_and_retention_liabilities,direct_passage,direct,doc_roper_frontline_ex21,SEC Exhibit 2.1,https://www.sec.gov/Archives/edgar/data/882835/000119312522233743/d356123dex21.htm,Definition of Indebtedness,paraphrase,"The agreement's definition of indebtedness included $372,500 of acquisition-related severance costs and outstanding retention bonuses calculated pro rata through closing.",Treat as a planned or negotiated disclosure with a document-status caveat; liability accounting does not show who stayed.,evidence_passages.csv ev_008
pilot_006_roper_frontline,Roper–Frontline,"Roper Technologies, Inc. / Roper T2 LLC",Frontline Technologies,unknown,talent_motive_explicit,unknown,unknown,unknown,doc_roper_frontline_ex21,SEC Exhibit 2.1,https://www.sec.gov/Archives/edgar/data/882835/000119312522233743/d356123dex21.htm,Definition of Indebtedness,paraphrase,No reviewed passage states a talent motive.,No reviewed passage states that acquiring people or a team was a transaction motive; absence of such a statement is not evidence that it was absent.,evidence_passages.csv
pilot_007_taketwo_zynga,Take-Two–Zynga,"Take-Two Interactive Software, Inc.",Zynga Inc.,2022-01-09,legal_transaction_form,statutory_merger,direct_passage,direct,doc_taketwo_zynga_ex21,SEC Exhibit 2.1,https://www.sec.gov/Archives/edgar/data/946581/000119312522005771/d282059dex21.htm,"Agreement and Plan of Merger; Sections 1.8, 6.2",paraphrase,Agreement and Plan of Merger (agreement title as filed).,Legal form is read from the agreement title and structure in the salvage record; the exact statutory mechanics are not re-verified here.,pilot_deals.csv legal_form
pilot_007_taketwo_zynga,Take-Two–Zynga,"Take-Two Interactive Software, Inc.",Zynga Inc.,2022-01-09,scope_and_control,entity_equity|control_transferred,inferred_from_legal_form,partial,doc_taketwo_zynga_ex21,SEC Exhibit 2.1,https://www.sec.gov/Archives/edgar/data/946581/000119312522005771/d282059dex21.htm,Agreement and Plan of Merger,paraphrase,Statutory merger of the target entity.,Merger mechanics are not restated in the reviewed passage.,pilot_deals.csv legal_form
pilot_007_taketwo_zynga,Take-Two–Zynga,"Take-Two Interactive Software, Inc.",Zynga Inc.,2022-01-09,ip_treatment,acquired_with_entity,inferred_from_legal_form,indirect,doc_taketwo_zynga_ex21,SEC Exhibit 2.1,https://www.sec.gov/Archives/edgar/data/946581/000119312522005771/d282059dex21.htm,Agreement and Plan of Merger,paraphrase,No separate IP licence is disclosed in the reviewed passage.,Inferred from the transaction form only: no reviewed passage addresses intellectual-property treatment directly.,pilot_deals.csv legal_form
pilot_007_taketwo_zynga,Take-Two–Zynga,"Take-Two Interactive Software, Inc.",Zynga Inc.,2022-01-09,business_product_continuity,unknown,unknown,unknown,doc_taketwo_zynga_ex21,SEC Exhibit 2.1,https://www.sec.gov/Archives/edgar/data/946581/000119312522005771/d282059dex21.htm,Section 6.2,paraphrase,No reviewed passage addresses product continuity.,The salvage integration signal concerns benefit-plan transition rules.,pilot_deals.csv integration_signal
pilot_007_taketwo_zynga,Take-Two–Zynga,"Take-Two Interactive Software, Inc.",Zynga Inc.,2022-01-09,workforce_movement,group_continuing_employees,direct_passage,direct,doc_taketwo_zynga_ex21,SEC Exhibit 2.1,https://www.sec.gov/Archives/edgar/data/946581/000119312522005771/d282059dex21.htm,Sections 6.2(a)–(b); 1.8(b)–(c),paraphrase,"For one year after closing, continuing employees were to receive substantially comparable benefits, with specified severance protection for qualifying without-cause terminations during the continuation period. Company RSUs and PSUs were converted into parent awards with stated vesting and exercisability treatment.",The agreement also preserves the buyer's ability to terminate employees subject to applicable terms; equity conversion does not prove employment continuation.,"evidence_passages.csv ev_009, ev_010"
pilot_007_taketwo_zynga,Take-Two–Zynga,"Take-Two Interactive Software, Inc.",Zynga Inc.,2022-01-09,talent_motive_explicit,unknown,unknown,unknown,doc_taketwo_zynga_ex21,SEC Exhibit 2.1,https://www.sec.gov/Archives/edgar/data/946581/000119312522005771/d282059dex21.htm,Section 6.2,paraphrase,No reviewed passage states a talent motive.,No reviewed passage states that acquiring people or a team was a transaction motive; absence of such a statement is not evidence that it was absent.,evidence_passages.csv
pilot_008_unity_ironsource,Unity–ironSource,Unity Software Inc.,ironSource Ltd.,2022-07-13,legal_transaction_form,statutory_merger,direct_passage,direct,doc_unity_ironsource_ex21,SEC Exhibit 2.1,https://www.sec.gov/Archives/edgar/data/1810806/000119312522193960/d292378dex21.htm,"Agreement and Plan of Merger; Sections 5.1, 6.7",paraphrase,Agreement and Plan of Merger (agreement title as filed).,Legal form is read from the agreement title and structure in the salvage record; the exact statutory mechanics are not re-verified here.,pilot_deals.csv legal_form
pilot_008_unity_ironsource,Unity–ironSource,Unity Software Inc.,ironSource Ltd.,2022-07-13,scope_and_control,entity_equity|control_transferred,inferred_from_legal_form,partial,doc_unity_ironsource_ex21,SEC Exhibit 2.1,https://www.sec.gov/Archives/edgar/data/1810806/000119312522193960/d292378dex21.htm,Agreement and Plan of Merger,paraphrase,Statutory merger of the target entity.,Merger mechanics are not restated in the reviewed passage.,pilot_deals.csv legal_form
pilot_008_unity_ironsource,Unity–ironSource,Unity Software Inc.,ironSource Ltd.,2022-07-13,ip_treatment,acquired_with_entity,inferred_from_legal_form,indirect,doc_unity_ironsource_ex21,SEC Exhibit 2.1,https://www.sec.gov/Archives/edgar/data/1810806/000119312522193960/d292378dex21.htm,Agreement and Plan of Merger,paraphrase,No separate IP licence is disclosed in the reviewed passage.,Inferred from the transaction form only: no reviewed passage addresses intellectual-property treatment directly.,pilot_deals.csv legal_form
pilot_008_unity_ironsource,Unity–ironSource,Unity Software Inc.,ironSource Ltd.,2022-07-13,business_product_continuity,unknown,unknown,unknown,doc_unity_ironsource_ex21,SEC Exhibit 2.1,https://www.sec.gov/Archives/edgar/data/1810806/000119312522193960/d292378dex21.htm,Section 6.7,paraphrase,No reviewed passage addresses product continuity.,The salvage integration signal concerns New Plan service credit and transition access.,pilot_deals.csv integration_signal
pilot_008_unity_ironsource,Unity–ironSource,Unity Software Inc.,ironSource Ltd.,2022-07-13,workforce_movement,group_continuing_employees|officers_and_key_employees_pre_closing,direct_passage,direct,doc_unity_ironsource_ex21,SEC Exhibit 2.1,https://www.sec.gov/Archives/edgar/data/1810806/000119312522193960/d292378dex21.htm,Sections 6.7(a); 5.1,paraphrase,"For 12 months after closing, continuing employees were promised at least the same wage or base salary, no less favorable severance rights, and specified employee benefits, excluding equity and certain retention arrangements. Before closing, the company was required to use reasonable best efforts to keep officers and other key employees available, except for cause terminations.",The protection is conditioned on continuing employment; the pre-closing covenant is not a long-run people outcome.,"evidence_passages.csv ev_011, ev_012"
pilot_008_unity_ironsource,Unity–ironSource,Unity Software Inc.,ironSource Ltd.,2022-07-13,talent_motive_explicit,partial,direct_passage,partial,doc_unity_ironsource_ex21,SEC Exhibit 2.1,https://www.sec.gov/Archives/edgar/data/1810806/000119312522193960/d292378dex21.htm,Section 5.1,paraphrase,The seller covenanted to keep officers and other key employees available before closing.,A pre-closing availability covenant is ordinary deal protection; it signals the buyer valued key people but does not state a talent motive.,evidence_passages.csv ev_012
pilot_009_skyworks_silabs,Skyworks–Silicon Labs Analog unit,"Skyworks Solutions, Inc.","Silicon Laboratories, Inc. Analog unit",2021-04-22,legal_transaction_form,asset_purchase,direct_passage,direct,doc_skyworks_silabs_ex21,SEC Exhibit 2.1,https://www.sec.gov/Archives/edgar/data/4127/000110465921053805/tm2113063d1_ex2-1.htm,Asset Purchase Agreement; Section 5.5,paraphrase,Asset Purchase Agreement (agreement title as filed).,Legal form is read from the agreement title and structure in the salvage record; the exact statutory mechanics are not re-verified here.,pilot_deals.csv legal_form
pilot_009_skyworks_silabs,Skyworks–Silicon Labs Analog unit,"Skyworks Solutions, Inc.","Silicon Laboratories, Inc. Analog unit",2021-04-22,scope_and_control,business_unit_assets|control_of_purchased_assets_only,inferred_from_legal_form,partial,doc_skyworks_silabs_ex21,SEC Exhibit 2.1,https://www.sec.gov/Archives/edgar/data/4127/000110465921053805/tm2113063d1_ex2-1.htm,Asset Purchase Agreement,paraphrase,Buyer purchased the assets of the seller's analog business unit; the seller entity itself did not change control.,The asset and liability schedules are not restated in the reviewed passage.,"pilot_deals.csv legal_form, target"
pilot_009_skyworks_silabs,Skyworks–Silicon Labs Analog unit,"Skyworks Solutions, Inc.","Silicon Laboratories, Inc. Analog unit",2021-04-22,ip_treatment,acquired_with_assets_scope_not_verified,inferred_from_legal_form,indirect,doc_skyworks_silabs_ex21,SEC Exhibit 2.1,https://www.sec.gov/Archives/edgar/data/4127/000110465921053805/tm2113063d1_ex2-1.htm,Asset Purchase Agreement,paraphrase,IP relating to the purchased business unit would transfer as purchased assets; the reviewed passage does not enumerate IP or any licence-back.,Inferred from the transaction form only: no reviewed passage addresses intellectual-property treatment directly. Asset deals commonly carve out or license back IP; this is unknown here.,pilot_deals.csv legal_form
pilot_009_skyworks_silabs,Skyworks–Silicon Labs Analog unit,"Skyworks Solutions, Inc.","Silicon Laboratories, Inc. Analog unit",2021-04-22,business_product_continuity,unknown,unknown,unknown,doc_skyworks_silabs_ex21,SEC Exhibit 2.1,https://www.sec.gov/Archives/edgar/data/4127/000110465921053805/tm2113063d1_ex2-1.htm,Section 5.5,paraphrase,No reviewed passage addresses product continuity.,The salvage integration signal concerns the Transferred Employee definition and compensation maintenance.,pilot_deals.csv integration_signal
pilot_009_skyworks_silabs,Skyworks–Silicon Labs Analog unit,"Skyworks Solutions, Inc.","Silicon Laboratories, Inc. Analog unit",2021-04-22,workforce_movement,defined_transferred_employee_group,direct_passage,direct,doc_skyworks_silabs_ex21,SEC Exhibit 2.1,https://www.sec.gov/Archives/edgar/data/4127/000110465921053805/tm2113063d1_ex2-1.htm,"Section 5.5(a)–(d), (g)–(i)",paraphrase,"Buyer had to offer listed business employees base salary, target equity opportunities, target bonus opportunity, and a one-time bonus on no less favorable aggregate terms, with a 12-month maintenance period. The agreement addressed assumed change-in-control/severance agreements, one-year severance protection for transferred employees, and buyer welfare-benefit transitions.","Schedules identifying employees may not be fully public; a buyer may choose not to offer some employees, subject to specified termination-cost rules.","evidence_passages.csv ev_013, ev_014"
pilot_009_skyworks_silabs,Skyworks–Silicon Labs Analog unit,"Skyworks Solutions, Inc.","Silicon Laboratories, Inc. Analog unit",2021-04-22,talent_motive_explicit,partial,direct_passage,partial,doc_skyworks_silabs_ex21,SEC Exhibit 2.1,https://www.sec.gov/Archives/edgar/data/4127/000110465921053805/tm2113063d1_ex2-1.htm,Section 5.5(a),paraphrase,Mandatory offers to a listed employee group with a one-time bonus and 12-month total-compensation maintenance.,Structured employee transfer is characteristic of a business-unit carve-out; it does not state that people were the deal motive.,evidence_passages.csv ev_013
pilot_010_salesforce_tableau,Salesforce–Tableau,"salesforce.com, inc.","Tableau Software, Inc.",2019-06-09,legal_transaction_form,tender_offer_then_back_end_merger,direct_passage,direct,doc_salesforce_tableau_14d9,SEC Schedule 14D-9,https://www.sec.gov/Archives/edgar/data/1303652/000119312519188693/d744331dsc14d9.htm,Schedule 14D-9,paraphrase,Tender offer followed by back-end merger (as coded in the existing SEC-only research record).,Legal form is read from the agreement title and structure in the salvage record; the exact statutory mechanics are not re-verified here.,pilot_deals.csv legal_form
pilot_010_salesforce_tableau,Salesforce–Tableau,"salesforce.com, inc.","Tableau Software, Inc.",2019-06-09,scope_and_control,entity_equity|control_transferred,inferred_from_legal_form,partial,doc_salesforce_tableau_14d9,SEC Schedule 14D-9,https://www.sec.gov/Archives/edgar/data/1303652/000119312519188693/d744331dsc14d9.htm,Schedule 14D-9,paraphrase,Exchange offer for Tableau shares followed by a merger.,Offer mechanics are not restated in the reviewed passage.,pilot_deals.csv legal_form
pilot_010_salesforce_tableau,Salesforce–Tableau,"salesforce.com, inc.","Tableau Software, Inc.",2019-06-09,ip_treatment,acquired_with_entity,inferred_from_legal_form,indirect,doc_salesforce_tableau_14d9,SEC Schedule 14D-9,https://www.sec.gov/Archives/edgar/data/1303652/000119312519188693/d744331dsc14d9.htm,Schedule 14D-9,paraphrase,No separate IP licence is disclosed in the reviewed passage.,Inferred from the transaction form only: no reviewed passage addresses intellectual-property treatment directly.,pilot_deals.csv legal_form
pilot_010_salesforce_tableau,Salesforce–Tableau,"salesforce.com, inc.","Tableau Software, Inc.",2019-06-09,business_product_continuity,unknown,unknown,unknown,doc_salesforce_tableau_14d9,SEC Schedule 14D-9,https://www.sec.gov/Archives/edgar/data/1303652/000119312519188693/d744331dsc14d9.htm,Employee Matters Following Closing,paraphrase,No reviewed passage addresses product continuity.,The salvage integration signal concerns offer-letter negotiation timing and time-limited protections.,pilot_deals.csv integration_signal
pilot_010_salesforce_tableau,Salesforce–Tableau,"salesforce.com, inc.","Tableau Software, Inc.",2019-06-09,workforce_movement,group_continuing_employees|named_founders_and_executive,direct_passage,direct,doc_salesforce_tableau_14d9,SEC Schedule 14D-9,https://www.sec.gov/Archives/edgar/data/1303652/000119312519188693/d744331dsc14d9.htm,Employee Matters Following Closing; Founder Offer Letters and Arrangements; Salesforce Offer Letters,paraphrase,"The record describes at least 12 months of wage/base-salary and aggregate-benefit continuity for continuing employees, plus service-based treatment of converted equity awards. Founder offer letters and arrangements are discussed for Christian Chabot, Chris Stolte, and Pat Hanrahan. The SEC-only record identifies a $600,000 cash retention bonus for Damon Fletcher, paid in four installments with forfeiture and clawback conditions.","The instrument is one named arrangement, not evidence of overall employee retention; the record is unusually rich and may not be comparable to thinner disclosures.","evidence_passages.csv ev_015, ev_016; key_people.csv person_004–007"
pilot_010_salesforce_tableau,Salesforce–Tableau,"salesforce.com, inc.","Tableau Software, Inc.",2019-06-09,talent_motive_explicit,partial,direct_passage,partial,doc_salesforce_tableau_14d9,SEC Schedule 14D-9,https://www.sec.gov/Archives/edgar/data/1303652/000119312519188693/d744331dsc14d9.htm,Founder Offer Letters and Arrangements,paraphrase,Selected founder and executive offer letters were negotiated as a condition associated with announcing the transaction.,Negotiating founder letters at announcement shows those people were material to the buyer; it does not state that people were the deal motive.,pilot_deals.csv integration_signal; evidence_passages.csv ev_015
