deal_id,target_name,acquirer_name,announcement_date,closing_date,transaction_form,talent_motive,ai_category,ai_relevance_evidence,supporting_excerpt,source_url,source_accession,source_document_id,source_quality,verification_status,confidence,missingness_reason,deal_status,candidate_score,matched_target_terms,sdc_source_file,sdc_source_row,human_inclusion_label,human_ai_relevance_label,human_transaction_form_label,human_talent_motive_label,human_source_checked,human_notes,human_attestation
3078525020,Kaggle Inc,Alphabet Inc,2017-03-08,unknown,asset purchase,not_documented_in_reviewed_sources,ai_company_acquisition,machine learning,"acquisitions to the Google Cloud family this week, Kaggle and AppBridge. 1 . Kaggle - Kaggle is one of the world's largest communities of data scientists and machine learning enthusiasts. Kaggle and Google Cloud will continue to support machine learning training and deployment services in addition to offering the community the ability to store and query large datasets. 2 . AppBridge - Google Cloud acquired Vancouver-based AppBri",https://blog.google/innovation-and-ai/infrastructure-and-cloud/google-cloud/100-announcements-google-cloud-next-17/,,supp_327ff1ecfdd9a623,official_company_announcement,qualifying_machine_verified_pending_human_review,medium,,unclear,5,kaggle,ma_1520.csv,19775,,,,,,,
3153170020,Motion Ai Inc,HubSpot Inc,2017-09-20,unknown,asset purchase,documented_team_join_language,ai_company_acquisition,"\bai\b(?=[\s,-]*(?:platform|model|models|startup|company|software|technology|lab|labs|research|system|systems|capability|capabilities|assistant|agent|agents|product|products))","d Nelson, founder and CEO of Motion AI. ""We're excited to be joining the HubSpot team, and can't wait to get to work on some really innovative AI tools."" The Motion AI technology will be incorporated into the HubSpot platform over the next several months, with the team working to create tools that help users automate important tasks, scale conversations, and proactively engage and acquire new customers.",https://www.hubspot.com/company-news/hubspot-acquires-motion-ai-one-of-the-top-visual-chatbot-builders,,supp_6bb6449c48074311,official_company_announcement,qualifying_machine_verified_pending_human_review,medium,,unclear,5,\bai\b,ma_1520.csv,25269,,,,,,,
3201487020,Converse.AI Inc,Smartsheet Inc,2017-12-28,unknown,asset purchase,not_documented_in_reviewed_sources,ai_company_acquisition,"\bai\b(?=[\s,-]*(?:platform|model|models|startup|company|software|technology|lab|labs|research|system|systems|capability|capabilities|assistant|agent|agents|product|products))","e to hire in order to meet growing customer demand. Existing Converse.AI customer relationships and agreements will not be impacted by the acquisition, and the Converse.AI platform will continue to be supported. About Smartsheet Organizations need a way to get work done, not just talk about it. Smartsheet is the best way to plan, track, automate, and report on work, enabling you to move from idea to impac",https://www.smartsheet.com/content-center/news/smartsheet-announces-converseai-natural-language-automation-acquisition,,supp_afd5f3e53a041df6,official_company_announcement,qualifying_machine_verified_pending_human_review,medium,,unclear,5,\bai\b,ma_1520.csv,27706,,,,,,,
3257183040,Connecto.ai,Leanplum Inc,2018-06-19,unknown,asset purchase,not_documented_in_reviewed_sources,ai_company_acquisition,\bai[- ]powered\b; machine learning; natural language processing,"SAN FRANCISCO , June 19, 2018 /PRNewswire/ -- Leanplum , the leader in mobile engagement, today announced the acquisition of Connecto, a provider of AI-powered conversational marketing. With this acquisition, Leanplum is taking the next step forward in transforming the relationship between brands and their customers. By bringing together Connecto's AI-driven automation with Leanplum's mobile enga",https://www.prnewswire.com/news-releases/leanplum-acquires-connecto-a-conversational-marketing-company-300668664.html,,supp_2d6e94103484791d,official_company_press_release_distributor,qualifying_machine_verified_pending_human_review,high,,unclear,5,\bai\b,ma_1520.csv,32318,,,,,,,
3263747040,Bloomsbury AI Ltd,Facebook Inc,2018-07-03,unknown,asset purchase,documented_team_join_language,ai_company_acquisition,natural language processing,"Also joining us in London is the team behind Bloomsbury AI, which we announced earlier this month. They have a strong background in natural language processing.",https://about.fb.com/news/2018/07/facebook-ai-research-expands/,,supp_0ba198132a3ce9ce,official_company_announcement,qualifying_machine_verified_pending_human_review,medium,,unclear,5,\bai\b,ma_1520.csv,32707,,,,,,,
3268975020,Butter AI Corp,Box Inc,2018-07-10,unknown,asset purchase,not_documented_in_reviewed_sources,ai_company_acquisition,machine learning,"We're incredibly excited to share that the team from Butter.ai is joining Box to help us execute on our vision to bring intelligent search to the enterprise. Butter.ai, a member of All Turtles, has been focused on using machine learning to solve everyday problems.",https://blog.box.com/welcome-butter-ai-team-Box,,supp_0efd95a26b6f4ecc,official_company_announcement,qualifying_machine_verified_pending_human_review,medium,,unclear,5,\bai\b,ma_1520.csv,32846,,,,,,,
3312269020,Lobe Artificial Intelligence,Microsoft Corp,2018-09-13,unknown,asset purchase,not_documented_in_reviewed_sources,ai_company_acquisition,deep learning,"Today, we’re excited to announce the acquisition of Lobe. Based in San Francisco, Lobe is working to make deep learning simple, understandable and accessible to everyone.",https://blogs.microsoft.com/blog/2018/09/13/microsoft-acquires-lobe-to-help-bring-ai-development-capability-to-everyone/,,supp_eee385ba990d0f07,official_company_announcement,qualifying_machine_verified_pending_human_review,medium,,unclear,10,artificial intelligence;lobe artificial,ma_1520.csv,34461,,,,,,,
3348911020,Vocalize AI Inc,Sensory Inc,2019-02-13,unknown,asset purchase,not_documented_in_reviewed_sources,ai_company_acquisition,machine learning; speech recognition,"g need for an independent evaluation service and software tools that ensure a quality user experience. It’s exciting to have access to the deep bench of AI and machine learning talent and resources of Sensory. It is also important to recognize that Vocalize.ai will operate as an independent company under the Sensory umbrella. In this model, we will continue to provide quality evaluations and competitive benchmarking services for the entire voice-enabled industry.” Sensory’s clients will ben",https://sensory.com/news/sensory-acquires-vocalize-ai-for-speech-technology-testing-capabilities/,,supp_4b9aa9fc3ba3f604,official_company_announcement,qualifying_machine_verified_pending_human_review,high,,unclear,5,\bai\b,ma_1520.csv,38052,,,,,,,
3426068020,Digitize.AI Inc,Navicure Inc,2019-06-21,unknown,statutory merger,not_documented_in_reviewed_sources,ai_company_acquisition,artificial intelligence; machine learning,"Waystar announced the acquisition of Digitize.AI, an artificial intelligence technology firm. Digitize.AI leverages artificial intelligence and machine learning to automate prior authorizations.",https://www.waystar.com/news/waystar-acquires-digitize-ai-to-automate-prior-authorization/,,supp_24e34863bc502dcb,official_company_announcement,qualifying_machine_verified_pending_human_review,high,,unclear,5,\bai\b,ma_1520.csv,40956,,,,,,,
3508418020,Waterline Data Science Inc,Hitachi Ltd,2020-01-22,unknown,asset purchase,not_documented_in_reviewed_sources,ai_company_acquisition,machine learning,Waterline Data delivers catalog technology enabled by machine learning (ML) that automates metadata discovery to solve modern data challenges for analytics and governance.,https://www.hitachivantara.com/pt-br/news-old/gl200122,,supp_481be70c17b4acbe,official_company_announcement,qualifying_machine_verified_pending_human_review,medium,,unclear,3,data science,ma_2022.csv,668,,,,,,,
3535746020,June.Ai,Nylas Inc,2020-03-17,unknown,asset purchase,not_documented_in_reviewed_sources,ai_company_acquisition,\bai\s*/\s*ml\b,"kflow features into their application in a fraction of the time. Today, we’re excited to announce the next big milestone on that journey: our acquisition of June.ai, a powerful email and productivity tool that combines AI/ML, data extraction, and sentiment analysis to improve the experience of reading and replying to email. Integrating June.ai’s core technology with Nylas’ universal email, calendar, and contacts APIs will enable developers to create sophis",https://www.nylas.com/blog/nylas-juneai-acquisition/,,supp_0d563879c627e619,official_company_announcement,qualifying_machine_verified_pending_human_review,medium,,unclear,5,\bai\b,ma_2022.csv,2124,,,,,,,
3541403020,6D.ai,Niantic Inc,2020-03-31,unknown,asset purchase,not_documented_in_reviewed_sources,ai_company_acquisition,computer vision,"When Victor and I first started 6D.ai, our mission was to solve the hardest computer vision software problems preventing developers from building engaging AR applications.",https://medium.com/6d-ai/6d-ai-joins-niantic-making-a-major-step-toward-building-the-ar-cloud-1594be62e85f,,supp_90ae73638955701d,official_company_announcement,qualifying_machine_verified_pending_human_review,medium,,unclear,5,\bai\b,ma_2022.csv,2278,,,,,,,
3623364020,Stockwell AI Inc,365 Retail Markets LLC,2020-08-13,unknown,asset purchase,not_documented_in_reviewed_sources,ai_company_acquisition,artificial intelligence; computer vision; machine learning,"Troy, Michigan– August 13, 2020 –365 Retail Markets announced today the acquisition of the smart-store technology company, Stockwell of Oakland, California. Stockwell has gathered some of the best minds to build a retail platform that focuses on artificial intelligence, machine learning, and computer vision. 365 intends to hire select team members and integrate the technology platform into its industry-leading 365 Point of Sale systems. “The future of retail is unattended, no doubt. By adding the ex",https://365retailmarkets.com/blog/365-retail-markets-acquires-stockwell,,supp_483684a4076e1a42,official_company_announcement,qualifying_machine_verified_pending_human_review,high,,unclear,5,\bai\b,ma_2022.csv,4815,,,,,,,
3688880020,IPM.ai Inc,W2O Group,2021-01-07,unknown,asset purchase,not_documented_in_reviewed_sources,ai_company_acquisition,artificial intelligence,W2O announced it acquired Swoop and IPM.ai. Swoop and IPM.ai are pioneers in using artificial intelligence and real world data to solve healthcare challenges.,https://swoop.com/blog/w2o-acquires-swoop/,,supp_a47910b5436bd97a,official_company_announcement,qualifying_machine_verified_pending_human_review,medium,,unclear,5,\bai\b,ma_2022.csv,8444,,,,,,,
3701573020,Roger.ai Inc,FleetCor Technologies Inc,2021-01-28,unknown,asset purchase,not_documented_in_reviewed_sources,ai_company_acquisition,machine learning,"FLEETCOR announced it acquired Roger, an accounts-payable cloud platform. Roger eliminates manual data entry using machine learning technology.",https://www.corpay.com/corporate-newsroom/14201/fleetcor-acquires-cloud-software-platform-provider-of-b2b-online-bill-payment,,supp_5c5e3c455537ea83,official_company_announcement,qualifying_machine_verified_pending_human_review,medium,,unclear,5,\bai\b,ma_2022.csv,8959,,,,,,,
3701621020,MorphL AI Inc,Algolia Inc,2021-01-26,unknown,asset purchase,not_documented_in_reviewed_sources,ai_company_acquisition,\bai[- ]powered\b; \bai\s*/\s*ml\b; artificial intelligence; machine learning,"Algolia Acquires MorphL, Launches AI-Powered Predictive Accessibility: Skip TopNav Consumer Products and Ser",https://www.globenewswire.com/news-release/2021/01/26/2164201/0/en/Algolia-Acquires-MorphL-Launches-AI-Powered-Predictive-Experiences-and-Personalization.html,,supp_f27a205c0a017de2,official_company_press_release_distributor,qualifying_machine_verified_pending_human_review,high,,unclear,5,\bai\b,ma_2022.csv,8909,,,,,,,
3727571020,Root AI Inc,AppHarvest Inc,2021-04-08,unknown,asset purchase,not_documented_in_reviewed_sources,ai_company_acquisition,"\bai\b(?=[\s,-]*(?:platform|model|models|startup|company|software|technology|lab|labs|research|system|systems|capability|capabilities|assistant|agent|agents|product|products)); artificial intelligence","More Browse the Latest News AppHarvest Acquires Agricultural Robotics and Artificial Intelligence Company Root AI to Increase Efficiency April 08, 2021 06:00 ET | Source: AppHarvest AppHarvest Acquisition of Root AI and its signature robot, Virgo, bolsters company’s intelligent tools",https://www.globenewswire.com/news-release/2021/04/08/2206486/0/en/appharvest-acquires-agricultural-robotics-and-artificial-intelligence-company-root-ai-to-increase-efficiency.html,,supp_f56ffb1c8870a6f6,official_company_press_release_distributor,qualifying_machine_verified_pending_human_review,high,,unclear,5,\bai\b,ma_2022.csv,10764,,,,,,,
3728982040,Cognitive Apps Software,Life Clips Inc,2021-04-15,unknown,asset purchase,not_documented_in_reviewed_sources,ai_company_acquisition,artificial intelligence,"Life Clips closed the acquisition of Cognitive Apps Software Solutions, a developer of artificial intelligence applications for healthcare and psychedelic research.",https://www.globenewswire.com/news-release/2021/04/06/2204941/0/en/Life-Clips-Closes-Transaction-to-Acquire-Cognitive-Apps-Software-Solutions-Inc.html,,supp_f0f18f18d45e2547,official_company_press_release_distributor,qualifying_machine_verified_pending_human_review,medium,,unclear,3,cognitive,ma_2022.csv,10925,,,,,,,
3742169040,Vertikal AI ApS,SkySpecs Inc,2021-05-17,unknown,asset purchase,not_documented_in_reviewed_sources,ai_company_acquisition,applied ai,"SkySpecs acquired Vertikal AI, a pioneer in predictive maintenance for wind energy. Vertikal AI uses data analytics and applied AI to optimize wind-turbine health.",https://skyspecs.com/blog/skyspecs-acquires-fincovi-and-vertikal-ai/,,supp_c0a01e7012c4bb9e,official_company_announcement,qualifying_machine_verified_pending_human_review,medium,,unclear,5,\bai\b,ma_2022.csv,11777,,,,,,,
3754779020,CounterFlow AI Inc,Liveaction Inc,2021-05-04,unknown,asset purchase,not_documented_in_reviewed_sources,ai_company_acquisition,machine learning,CounterFlow AI’s unique security portfolio will help LiveAction partners and customers gain end-to-end network visibility. Its Streaming Machine Learning Engine processes packet data in real-time.,https://www.liveaction.com/press/liveaction-acquires-counterflow-ai-to-expand-network-security-offerings/,,supp_bfe94cddfded4cfb,official_company_announcement,qualifying_machine_verified_pending_human_review,medium,,unclear,5,\bai\b,ma_2022.csv,11466,,,,,,,
3759466020,Determined.ai Inc,Hewlett Packard Enterprise Co,2021-06-21,unknown,asset purchase,not_documented_in_reviewed_sources,ai_company_acquisition,"\bai\b(?=[\s,-]*(?:platform|model|models|startup|company|software|technology|lab|labs|research|system|systems|capability|capabilities|assistant|agent|agents|product|products)); computer vision; deep learning; generative ai","ents Training Join the Community Neil Conway, Evan Sparks, Ameet Talwalkar Determined AI is Joining Hewlett Packard Enterprise October 12, 2021 Editor’s Note: Determined AI products and solutions sold prior to the acquisition of such assets by Hewlett Packard Enterprise Company in 2021 may have older product names that differ from current solutions. Today is a big day for Determined AI, our customers, and our",https://developer.hpe.com/blog/determined-ai-is-joining-hewlett-packard-enterprise/,,supp_dfc2ba2af0730b1a,official_company_announcement,qualifying_machine_verified_pending_human_review,high,,unclear,5,\bai\b,ma_2022.csv,12704,,,,,,,
3763322020,Boulder Ai Inc,Sighthound Inc,2021-06-21,unknown,asset purchase,not_documented_in_reviewed_sources,ai_company_acquisition,computer vision,Sighthound announced it would acquire Boulder AI to move computer vision to the edge. Boulder AI provides smart cameras and edge-computing solutions.,https://www.sighthound.com/news/sighthound-acquires-boulder-ai-to-move-computer-vision-to-the-edge-for-real-time-video-intelligence,,supp_24cb4b6a72c57ba6,official_company_announcement,qualifying_machine_verified_pending_human_review,medium,,unclear,5,\bai\b,ma_2022.csv,12718,,,,,,,
3763340020,Samya.Ai Inc,Fractal Analytics Inc,2021-06-22,unknown,asset purchase,not_documented_in_reviewed_sources,ai_company_acquisition,"\bai\b(?=[\s,-]*(?:platform|model|models|startup|company|software|technology|lab|labs|research|system|systems|capability|capabilities|assistant|agent|agents|product|products)); machine learning; reinforcement learning","Acquisition of Asper.ai Group, formerly known as Samya.ai. Asper.ai is an AI company using probabilistic machine learning and reinforcement learning approaches.",https://fractal.ai/docs/Investor-Relations/Fractal-Analytics-Limited-Financial-Statements/Financial-Statements-Consolidated/Fractal-Analytics-Ltd-Consolidated-Financial-Statements-FY-23.pdf,,supp_60ce6b40bdfcfb8d,official_company_financial_statement,qualifying_machine_verified_pending_human_review,high,,unclear,5,\bai\b,ma_2022.csv,12744,,,,,,,
3767523020,Fetch Robotics Inc,Zebra Technologies Corp,2021-07-01,unknown,statutory merger,not_documented_in_reviewed_sources,ai_company_acquisition,"\bai\b(?=[\s,-]*(?:platform|model|models|startup|company|software|technology|lab|labs|research|system|systems|capability|capabilities|assistant|agent|agents|product|products))","ed when they utilize Zebra innovations that help them sense, analyze and act in real time. In 2021, Zebra expanded its industrial automation portfolio with its Fetch Robotics acquisition and increased its machine vision and AI software capabilities with the acquisitions of Adaptive Vision and antuit.ai. Zebra is #25 on Newsweek's inaugural list of America's Most Loved Workplaces and on Forbes' list of America's best employers for the fifth year. Learn more at ze",https://www.sec.gov/Archives/edgar/data/877212/000087721222000023/zbraex991123121.htm,0000877212-22-000023,doc_5d324afbb941229e,primary_sec_filing,qualifying_machine_verified_pending_human_review,medium,,unclear,3,robotics?,ma_2022.csv,13070,,,,,,,
3769973020,Sken Ai,Fortinet Inc,2021-07-07,unknown,statutory merger,not_documented_in_reviewed_sources,ai_company_acquisition,machine learning,"CI/CD platforms. Sken.ai also offers comprehensive testing across all scan types (SAST, DAST, SCA, Secrets and more) for all major languages and frameworks. Sken.ai uses machine learning (ML) to correlate and assign security risk rating of each vulnerability discovered across disparate scan types and applications. For example, if similar vulnerabilities are found across different scan types, the risk rating of that issue i",https://www.fortinet.com/blog/business-and-technology/fortinet-acquires-application-security-innovator-skenai-to-accelerate-devsecops,,supp_51c55fd18a22cc50,official_company_announcement,qualifying_machine_verified_pending_human_review,medium,,unclear,5,\bai\b,ma_2022.csv,13274,,,,,,,
3778252040,Zenith Ai (N.i.) Ltd,Opentrons Labworks Inc,2021-06-29,unknown,asset purchase,not_documented_in_reviewed_sources,ai_company_acquisition,machine learning,Zenith AI is a wholly-owned subsidiary of Opentrons that was acquired in June 2021. Zenith AI brings proprietary no-code AI and modern machine learning to the Opentrons platform.,https://opentrons.com/archives/news/press-release-opentrons-announces-200-million-series-c-round-led-by-softbank,,supp_0422efe0d68e82e7,official_company_announcement,qualifying_machine_verified_pending_human_review,medium,,unclear,5,\bai\b,ma_2022.csv,12976,,,,,,,
3815848040,Gameface.AI,Slinger Bag Inc,2021-09-27,unknown,statutory merger,not_documented_in_reviewed_sources,ai_company_acquisition,artificial intelligence,"Slinger announced the finalization of its acquisition of GAMEFACE.AI, an artificial intelligence technology provider for sports.",https://slingerbag.com/blogs/news/slinger-announces-official-closing-of-gameface-ai-acquisition,,supp_d9db35df81172da6,official_company_announcement,qualifying_machine_verified_pending_human_review,medium,,unclear,5,\bai\b,ma_2022.csv,15443,,,,,,,
3824154020,Caper AI,Maplebear Inc,2021-10-19,unknown,asset purchase,not_documented_in_reviewed_sources,ai_company_acquisition,\bai[- ]powered\b,"Instacart, the leading online grocery platform in North America, today announced its acquisition of Caper AI (“Caper”), a leading AI-powered shopping cart and checkout technology platform.",https://company.instacart.com/pressreleases/instacart-acquires-caper-ai-a-leader-in-smart-cart-and-smart-checkout-technology-creating-a-unified-online-and-in-store-commerce-solution-for-retailers,,supp_3924f48dc3e22ee0,official_company_announcement,qualifying_machine_verified_pending_human_review,medium,,unclear,5,\bai\b,ma_2022.csv,16099,,,,,,,
3824479040,Glamorous AI Ltd,GHO Capital Partners LLP,2021-10-28,unknown,asset purchase,not_documented_in_reviewed_sources,ai_company_acquisition,artificial intelligence,"GHO Capital reported that its portfolio company X-Chem acquired Glamorous AI, a leader in artificial intelligence solutions for drug discovery.",https://ghocapital.com/updates/x-chem-acquires-glamorous-ai-and-cominnex-harnessing-machine-learning-to-accelerate-outcomes-across-small-molecule-drug-discovery/,,supp_7965493b1375a0d5,official_company_announcement,qualifying_machine_verified_pending_human_review,medium,,unclear,5,\bai\b,ma_2022.csv,16315,,,,,,,
3897450020,Replier.ai,Bridesview Inc,2022-03-30,unknown,asset purchase,not_documented_in_reviewed_sources,ai_company_acquisition,"\bai\b(?=[\s,-]*(?:platform|model|models|startup|company|software|technology|lab|labs|research|system|systems|capability|capabilities|assistant|agent|agents|product|products))","Tailwind acquired Replier.ai, adding AI capability to help marketers generate custom replies and content and expanding its team, products and customer base.",https://www.prnewswire.com/news-releases/tailwind-acquires-replierai-adding-ai-capability-to-help-marketers-break-writers-block--write-better-copy-301514233.html,,supp_65df7410879e926e,official_company_press_release_distributor,qualifying_machine_verified_pending_human_review,medium,,unclear,5,\bai\b,ma_2022.csv,20694,,,,,,,
3931884040,Drishyam Ai Inc,CVC Advisers Ltd,2022-06-07,unknown,asset purchase,not_documented_in_reviewed_sources,ai_company_acquisition,artificial intelligence; natural language processing,"Mediaocean acquired Drishyam AI, a software company that automates ad-content identification and optimization using artificial intelligence and natural language processing.",https://www.mediaocean.com/mediaocean-acquires-drishyam-ai,,supp_f368e85a0b40f759,official_company_announcement,qualifying_machine_verified_pending_human_review,high,,unclear,5,\bai\b,ma_2022.csv,22460,,,,,,,
3939905020,Finn AI,Glia Technologies Inc,2022-06-23,unknown,asset purchase,not_documented_in_reviewed_sources,ai_company_acquisition,"\bai[- ]powered\b; \bai\b(?=[\s,-]*(?:platform|model|models|startup|company|software|technology|lab|labs|research|system|systems|capability|capabilities|assistant|agent|agents|product|products)); conversational ai","Learn more → Back to Resources News June 23, 2022 Glia Acquires Finn AI to Deliver Turnkey Banking Virtual Assistants for Enhanced Digital Customer Service Finn AI’s state-of-the-art Conversational AI solution and deep financial services expertise complement Glia’s industry-leading DCS platform Finn AI’s state-of-the-art Conversational AI solution and deep financial services expertise complement Glia’s industry-leading DCS platform ‍ NE",https://www.glia.com/news/glia-acquires-finn-ai,,supp_e28fecde52a19db4,official_company_announcement,qualifying_machine_verified_pending_human_review,high,,unclear,5,\bai\b,ma_2022.csv,22853,,,,,,,
3947466040,Databand.ai Ltd,IBM Corp,2022-07-06,unknown,asset purchase,not_documented_in_reviewed_sources,ai_company_acquisition,"\bai\b(?=[\s,-]*(?:platform|model|models|startup|company|software|technology|lab|labs|research|system|systems|capability|capabilities|assistant|agent|agents|product|products)); machine learning","bservability by Instana APM and IBM Watson Studio , IBM is well-positioned to address the full spectrum of observability across IT operations. For example, Databand.ai capabilities can alert data teams and engineers when the data they are using to fuel an analytics system is incomplete or missing. In common cases where data originates from an enterprise application, Instana can then help users quickly ex",https://newsroom.ibm.com/2022-07-06-IBM-Aims-to-Capture-Growing-Market-Opportunity-for-Data-Observability-with-Databand-ai-Acquisition,,supp_cedfc0619ce50a42,official_company_announcement,qualifying_machine_verified_pending_human_review,high,,unclear,5,\bai\b,ma_2022.csv,23109,,,,,,,
3963056020,Marsview.ai Inc,Eltropy Inc,2022-08-17,unknown,asset purchase,not_documented_in_reviewed_sources,ai_company_acquisition,"\bai\b(?=[\s,-]*(?:platform|model|models|startup|company|software|technology|lab|labs|research|system|systems|capability|capabilities|assistant|agent|agents|product|products))","Eltropy, the industry-leading Digital Communications platform for financial institutions, today announced the acquisition of Marsview.ai, the AI platform for conversational intelligence.",https://www.globenewswire.com/news-release/2022/08/17/2500216/0/en/Eltropy-Acquires-Marsview-AI-Empowering-Financial-Institutions-to-Automate-the-Contact-Center.html,,supp_664287af541d6741,official_company_press_release_distributor,qualifying_machine_verified_pending_human_review,medium,,unclear,5,\bai\b,ma_2022.csv,24177,,,,,,,
3984774040,Bluecity.ai,Velodyne Lidar Inc,2022-10-04,unknown,asset purchase,not_documented_in_reviewed_sources,ai_company_acquisition,"\bai\b(?=[\s,-]*(?:platform|model|models|startup|company|software|technology|lab|labs|research|system|systems|capability|capabilities|assistant|agent|agents|product|products))","initiatives to improve our gross margin and lower our cost structure. In addition, we added new multiyear customer agreements and announced the acquisition of Bluecity, which further bolsters our software and AI capabilities. In the third quarter, billings of $12.5 million were above our guidance range of $10 million to $12 million. Revenue of $9.6 million was within the guidance range of $8 million to $11 million. As discussed in prior quarter",https://www.sec.gov/Archives/edgar/data/1745317/000119312522281315/d413040d425.htm,,supp_27bba806dccbb131,primary_sec_filing,qualifying_machine_verified_pending_human_review,medium,,unclear,5,\bai\b,ma_2022.csv,25303,,,,,,,
