deal_id,acquirer_name,target_name,announcement_date,closing_date,transaction_form,deal_status,ai_category,ai_relevance_evidence,talent_motive,source_url,source_accession,source_document_id,source_quality,supporting_excerpt,verification_status,confidence,missingness_reason
2935321020,General Dynamics Corp,Bluefin Robotics Corp,2016-02-23,unknown,asset purchase,unclear,unknown,no_target_mention_in_retrieved_documents,unknown,,,,not_applicable,,not_qualifying_no_primary_source_found,not_applicable,no_target_mention_in_retrieved_documents
2988960020,Progressive AE,ai Design Group Inc,2016-07-27,unknown,statutory merger,unclear,unknown,acquirer_not_resolved_on_edgar,unknown,,,,not_applicable,,not_qualifying_no_primary_source_found,not_applicable,acquirer_not_resolved_on_edgar
3045947020,Boeing Co,Liquid Robotics Inc,2016-12-06,unknown,asset purchase,unclear,unknown,target_mentioned_without_local_ai_evidence,unknown,,,,not_applicable,,not_qualifying_no_primary_source_found,not_applicable,target_mentioned_without_local_ai_evidence
3075321020,TruClinic LLC,Overl.ai Inc,2017-02-28,unknown,asset purchase,unclear,unknown,acquirer_not_resolved_on_edgar,unknown,,,,not_applicable,,not_qualifying_no_primary_source_found,not_applicable,acquirer_not_resolved_on_edgar
3078525020,Alphabet Inc,Kaggle Inc,2017-03-08,unknown,asset purchase,unclear,ai_company_acquisition,machine learning,not_documented_in_reviewed_sources,https://blog.google/innovation-and-ai/infrastructure-and-cloud/google-cloud/100-announcements-google-cloud-next-17/,,supp_327ff1ecfdd9a623,official_company_announcement,"acquisitions to the Google Cloud family this week, Kaggle and AppBridge. 1 . Kaggle - Kaggle is one of the world's largest communities of data scientists and machine learning enthusiasts. Kaggle and Google Cloud will continue to support machine learning training and deployment services in addition to offering the community the ability to store and query large datasets. 2 . AppBridge - Google Cloud acquired Vancouver-based AppBri",qualifying_machine_verified_pending_human_review,medium,
3105608040,MTD Holdings Inc,F Robotics Acquisitions Ltd,2017-05-22,unknown,statutory merger,unclear,unknown,acquirer_not_resolved_on_edgar,unknown,,,,not_applicable,,not_qualifying_no_primary_source_found,not_applicable,acquirer_not_resolved_on_edgar
3108787020,Snap Inc,Ctrl Me Robotics LLC,2016-12-31,unknown,asset purchase,unclear,unknown,no_target_mention_in_retrieved_documents,unknown,,,,not_applicable,,not_qualifying_no_primary_source_found,not_applicable,no_target_mention_in_retrieved_documents
3115747040,General Electric Co,Oliver Crispin Robotics Ltd,2017-06-12,unknown,asset purchase,unclear,unknown,target_mentioned_without_local_ai_evidence,unknown,,,,not_applicable,,not_qualifying_no_primary_source_found,not_applicable,target_mentioned_without_local_ai_evidence
3118318020,Shareholders,Misty Robotics Inc,2017-06-20,unknown,stock/asset acquisition (unspecified),unclear,unknown,acquirer_not_resolved_on_edgar,unknown,,,,not_applicable,,not_qualifying_no_primary_source_found,not_applicable,acquirer_not_resolved_on_edgar
3141517020,Semcasting Inc,Transparency AI LLC,2017-08-23,unknown,asset purchase,unclear,unknown,acquirer_not_resolved_on_edgar,unknown,,,,not_applicable,,not_qualifying_no_primary_source_found,not_applicable,acquirer_not_resolved_on_edgar
3144306020,On the Move Systems Corp,Robotic Assistance Devices LLC,2017-08-31,unknown,statutory merger,unclear,unknown,acquirer_not_resolved_on_edgar,unknown,,,,not_applicable,,not_qualifying_no_primary_source_found,not_applicable,acquirer_not_resolved_on_edgar
3149903020,Dyno Nobel ASA,Honeybee Robotics Ltd,2017-07-06,unknown,asset purchase,unclear,unknown,acquirer_not_resolved_on_edgar,unknown,,,,not_applicable,,not_qualifying_no_primary_source_found,not_applicable,acquirer_not_resolved_on_edgar
3153170020,HubSpot Inc,Motion Ai Inc,2017-09-20,unknown,asset purchase,unclear,ai_company_acquisition,"\bai\b(?=[\s,-]*(?:platform|model|models|startup|company|software|technology|lab|labs|research|system|systems|capability|capabilities|assistant|agent|agents|product|products))",documented_team_join_language,https://www.hubspot.com/company-news/hubspot-acquires-motion-ai-one-of-the-top-visual-chatbot-builders,,supp_6bb6449c48074311,official_company_announcement,"d Nelson, founder and CEO of Motion AI. ""We're excited to be joining the HubSpot team, and can't wait to get to work on some really innovative AI tools."" The Motion AI technology will be incorporated into the HubSpot platform over the next several months, with the team working to create tools that help users automate important tasks, scale conversations, and proactively engage and acquire new customers.",qualifying_machine_verified_pending_human_review,medium,
3160146020,RideCell Inc,Auro Robotics Inc,2017-09-06,unknown,asset purchase,unclear,unknown,acquirer_not_resolved_on_edgar,unknown,,,,not_applicable,,not_qualifying_no_primary_source_found,not_applicable,acquirer_not_resolved_on_edgar
3189601020,Cincinnati Inc,New Valence Robotics Corp,2017-11-30,unknown,asset purchase,unclear,unknown,acquirer_not_resolved_on_edgar,unknown,,,,not_applicable,,not_qualifying_no_primary_source_found,not_applicable,acquirer_not_resolved_on_edgar
3201487020,Smartsheet Inc,Converse.AI Inc,2017-12-28,unknown,asset purchase,unclear,ai_company_acquisition,"\bai\b(?=[\s,-]*(?:platform|model|models|startup|company|software|technology|lab|labs|research|system|systems|capability|capabilities|assistant|agent|agents|product|products))",not_documented_in_reviewed_sources,https://www.smartsheet.com/content-center/news/smartsheet-announces-converseai-natural-language-automation-acquisition,,supp_afd5f3e53a041df6,official_company_announcement,"e to hire in order to meet growing customer demand. Existing Converse.AI customer relationships and agreements will not be impacted by the acquisition, and the Converse.AI platform will continue to be supported. About Smartsheet Organizations need a way to get work done, not just talk about it. Smartsheet is the best way to plan, track, automate, and report on work, enabling you to move from idea to impac",qualifying_machine_verified_pending_human_review,medium,
3206456020,Harvard Bioscience Inc,Data Sciences Intl Inc,2018-01-22,unknown,asset purchase,unclear,unknown,no_target_mention_in_retrieved_documents,unknown,,,,not_applicable,,not_qualifying_no_primary_source_found,not_applicable,no_target_mention_in_retrieved_documents
3217176020,Humatics Corp,5D Robotics Inc,2018-02-27,unknown,asset purchase,unclear,unknown,acquirer_not_resolved_on_edgar,unknown,,,,not_applicable,,not_qualifying_no_primary_source_found,not_applicable,acquirer_not_resolved_on_edgar
3233708040,ResMed Inc,Sleep.Ai Bv,2018-04-10,unknown,asset purchase,unclear,unknown,target_mentioned_without_local_ai_evidence,unknown,,,,not_applicable,,not_qualifying_no_primary_source_found,not_applicable,target_mentioned_without_local_ai_evidence
3247675020,Tie Industrial,MASTER Robotics LLC,2018-05-23,unknown,asset purchase,unclear,unknown,acquirer_not_resolved_on_edgar,unknown,,,,not_applicable,,not_qualifying_no_primary_source_found,not_applicable,acquirer_not_resolved_on_edgar
3254421020,Microsoft Corp,Semantic Machines Inc,2018-05-20,unknown,asset purchase,unclear,unknown,target_mentioned_without_local_ai_evidence,unknown,,,,not_applicable,,not_qualifying_no_primary_source_found,not_applicable,target_mentioned_without_local_ai_evidence
3254751020,Milestone Partners LLC,RedZone Robotics Inc,2018-06-04,unknown,asset purchase,unclear,unknown,acquirer_not_resolved_on_edgar,unknown,,,,not_applicable,,not_qualifying_no_primary_source_found,not_applicable,acquirer_not_resolved_on_edgar
3255869020,Recall Studios Inc,Evolution AI Corp,2018-06-14,unknown,asset purchase,unclear,unknown,acquirer_not_resolved_on_edgar,unknown,,,,not_applicable,,not_qualifying_no_primary_source_found,not_applicable,acquirer_not_resolved_on_edgar
3257183040,Leanplum Inc,Connecto.ai,2018-06-19,unknown,asset purchase,unclear,ai_company_acquisition,\bai[- ]powered\b; machine learning; natural language processing,not_documented_in_reviewed_sources,https://www.prnewswire.com/news-releases/leanplum-acquires-connecto-a-conversational-marketing-company-300668664.html,,supp_2d6e94103484791d,official_company_press_release_distributor,"SAN FRANCISCO , June 19, 2018 /PRNewswire/ -- Leanplum , the leader in mobile engagement, today announced the acquisition of Connecto, a provider of AI-powered conversational marketing. With this acquisition, Leanplum is taking the next step forward in transforming the relationship between brands and their customers. By bringing together Connecto's AI-driven automation with Leanplum's mobile enga",qualifying_machine_verified_pending_human_review,high,
3261321020,Siemens AG,Building Robotics Inc,2018-06-26,unknown,asset purchase,unclear,unknown,acquirer_not_resolved_on_edgar,unknown,,,,not_applicable,,not_qualifying_no_primary_source_found,not_applicable,acquirer_not_resolved_on_edgar
3261765040,Totango Ltd,Personality.ai,2018-06-28,unknown,asset purchase,unclear,unknown,target_mentioned_without_local_ai_evidence,unknown,,,,not_applicable,,not_qualifying_no_primary_source_found,not_applicable,target_mentioned_without_local_ai_evidence
3263747040,Facebook Inc,Bloomsbury AI Ltd,2018-07-03,unknown,asset purchase,unclear,ai_company_acquisition,natural language processing,documented_team_join_language,https://about.fb.com/news/2018/07/facebook-ai-research-expands/,,supp_0ba198132a3ce9ce,official_company_announcement,"Also joining us in London is the team behind Bloomsbury AI, which we announced earlier this month. They have a strong background in natural language processing.",qualifying_machine_verified_pending_human_review,medium,
3268975020,Box Inc,Butter AI Corp,2018-07-10,unknown,asset purchase,unclear,ai_company_acquisition,machine learning,not_documented_in_reviewed_sources,https://blog.box.com/welcome-butter-ai-team-Box,,supp_0efd95a26b6f4ecc,official_company_announcement,"We're incredibly excited to share that the team from Butter.ai is joining Box to help us execute on our vision to bring intelligent search to the enterprise. Butter.ai, a member of All Turtles, has been focused on using machine learning to solve everyday problems.",qualifying_machine_verified_pending_human_review,medium,
3277163020,Flipps Media Inc,Avid Ai Inc,2018-08-08,unknown,asset purchase,unclear,unknown,acquirer_not_resolved_on_edgar,unknown,,,,not_applicable,,not_qualifying_no_primary_source_found,not_applicable,acquirer_not_resolved_on_edgar
3279851020,Shareholders,Milliman Inc-Gradient AI Busin,2018-08-20,unknown,stock/asset acquisition (unspecified),unclear,unknown,acquirer_not_resolved_on_edgar,unknown,,,,not_applicable,,not_qualifying_no_primary_source_found,not_applicable,acquirer_not_resolved_on_edgar
3289586020,Institl Capital Network Inc,Bk of America-AI Feeder Fund,2018-09-18,unknown,asset purchase,unclear,unknown,acquirer_not_resolved_on_edgar,unknown,,,,not_applicable,,not_qualifying_no_primary_source_found,not_applicable,acquirer_not_resolved_on_edgar
3312269020,Microsoft Corp,Lobe Artificial Intelligence,2018-09-13,unknown,asset purchase,unclear,ai_company_acquisition,deep learning,not_documented_in_reviewed_sources,https://blogs.microsoft.com/blog/2018/09/13/microsoft-acquires-lobe-to-help-bring-ai-development-capability-to-everyone/,,supp_eee385ba990d0f07,official_company_announcement,"Today, we’re excited to announce the acquisition of Lobe. Based in San Francisco, Lobe is working to make deep learning simple, understandable and accessible to everyone.",qualifying_machine_verified_pending_human_review,medium,
3313350040,AXA SA,Autonomous Research LLP,2018-11-20,unknown,statutory merger,unclear,unknown,acquirer_not_resolved_on_edgar,unknown,,,,not_applicable,,not_qualifying_no_primary_source_found,not_applicable,acquirer_not_resolved_on_edgar
3321073020,Snap Inc,Downstream.Ai Inc,2018-11-26,unknown,asset purchase,unclear,unknown,no_target_mention_in_retrieved_documents,unknown,,,,not_applicable,,not_qualifying_no_primary_source_found,not_applicable,no_target_mention_in_retrieved_documents
3328543020,Renovus Capital Partners LP,Data Science Evangelists Inc,2018-12-21,unknown,asset purchase,unclear,unknown,acquirer_not_resolved_on_edgar,unknown,,,,not_applicable,,not_qualifying_no_primary_source_found,not_applicable,acquirer_not_resolved_on_edgar
3331513020,Standard Cognition Corp,Explorer.Ai,2019-01-07,unknown,asset purchase,unclear,unknown,acquirer_not_resolved_on_edgar,unknown,,,,not_applicable,,not_qualifying_no_primary_source_found,not_applicable,acquirer_not_resolved_on_edgar
3338656040,Starwood Capital Group LLC,Autonomy Americas LLC- Office,2019-01-24,unknown,asset purchase,unclear,unknown,acquirer_not_resolved_on_edgar,unknown,,,,not_applicable,,not_qualifying_no_primary_source_found,not_applicable,acquirer_not_resolved_on_edgar
3343896020,ShopRunner Inc,Precognitive Inc,2019-01-22,unknown,asset purchase,unclear,unknown,acquirer_not_resolved_on_edgar,unknown,,,,not_applicable,,not_qualifying_no_primary_source_found,not_applicable,acquirer_not_resolved_on_edgar
3345746020,FLIR Systems Inc,Endeavor Robotics Inc,2019-02-11,unknown,asset purchase,unclear,unknown,acquirer_not_resolved_on_edgar,unknown,,,,not_applicable,,not_qualifying_no_primary_source_found,not_applicable,acquirer_not_resolved_on_edgar
3348911020,Sensory Inc,Vocalize AI Inc,2019-02-13,unknown,asset purchase,unclear,ai_company_acquisition,machine learning; speech recognition,not_documented_in_reviewed_sources,https://sensory.com/news/sensory-acquires-vocalize-ai-for-speech-technology-testing-capabilities/,,supp_4b9aa9fc3ba3f604,official_company_announcement,"g need for an independent evaluation service and software tools that ensure a quality user experience. It’s exciting to have access to the deep bench of AI and machine learning talent and resources of Sensory. It is also important to recognize that Vocalize.ai will operate as an independent company under the Sensory umbrella. In this model, we will continue to provide quality evaluations and competitive benchmarking services for the entire voice-enabled industry.” Sensory’s clients will ben",qualifying_machine_verified_pending_human_review,high,
3349861020,LFM Capital LLC,Pri Robotics & Automation Inc,2019-01-14,unknown,asset purchase,unclear,unknown,acquirer_not_resolved_on_edgar,unknown,,,,not_applicable,,not_qualifying_no_primary_source_found,not_applicable,acquirer_not_resolved_on_edgar
3353700020,SinglePoint Inc,AI Live Transfers LLC,2019-02-26,unknown,asset purchase,unclear,unknown,acquirer_not_resolved_on_edgar,unknown,,,,not_applicable,,not_qualifying_no_primary_source_found,not_applicable,acquirer_not_resolved_on_edgar
3372510020,Search Discovery Inc,Peachtree AI LLC,2019-03-19,unknown,asset purchase,unclear,unknown,acquirer_not_resolved_on_edgar,unknown,,,,not_applicable,,not_qualifying_no_primary_source_found,not_applicable,acquirer_not_resolved_on_edgar
3395934020,BAE Systems PLC,Riptide Autonomous Solutions,2019-04-12,unknown,asset purchase,unclear,unknown,acquirer_not_resolved_on_edgar,unknown,,,,not_applicable,,not_qualifying_no_primary_source_found,not_applicable,acquirer_not_resolved_on_edgar
3411731040,Twitter Inc,Fabula AI Ltd,2019-06-03,unknown,asset purchase,unclear,unknown,acquirer_not_resolved_on_edgar,unknown,,,,not_applicable,,not_qualifying_no_primary_source_found,not_applicable,acquirer_not_resolved_on_edgar
3420608020,iRobot Corp,Root Robotics Inc,2019-06-20,unknown,asset purchase,unclear,unknown,target_mentioned_without_local_ai_evidence,unknown,,,,not_applicable,,not_qualifying_no_primary_source_found,not_applicable,target_mentioned_without_local_ai_evidence
3421959020,Apple Inc,Drive.ai Inc,2019-06-25,unknown,asset purchase,unclear,unknown,target_mentioned_without_local_ai_evidence,unknown,,,,not_applicable,,not_qualifying_no_primary_source_found,not_applicable,target_mentioned_without_local_ai_evidence
3426068020,Navicure Inc,Digitize.AI Inc,2019-06-21,unknown,statutory merger,unclear,ai_company_acquisition,artificial intelligence; machine learning,not_documented_in_reviewed_sources,https://www.waystar.com/news/waystar-acquires-digitize-ai-to-automate-prior-authorization/,,supp_24e34863bc502dcb,official_company_announcement,"Waystar announced the acquisition of Digitize.AI, an artificial intelligence technology firm. Digitize.AI leverages artificial intelligence and machine learning to automate prior authorizations.",qualifying_machine_verified_pending_human_review,high,
3434593020,Velodyne Lidar Inc,"Mapper.ai Inc-Mapping,Localiza",2019-07-23,unknown,asset purchase,unclear,unknown,target_mentioned_without_local_ai_evidence,unknown,,,,not_applicable,,not_qualifying_no_primary_source_found,not_applicable,target_mentioned_without_local_ai_evidence
3439275020,Siemens AG,Corindus Vascular Robotics Inc,2019-08-08,unknown,statutory merger,unclear,unknown,target_mentioned_without_local_ai_evidence,unknown,,,,not_applicable,,not_qualifying_no_primary_source_found,not_applicable,target_mentioned_without_local_ai_evidence
3456854020,Facebook Inc,CTRL-Labs Corp,2019-09-23,unknown,asset purchase,unclear,unknown,target_mentioned_without_local_ai_evidence,unknown,,,,not_applicable,,not_qualifying_no_primary_source_found,not_applicable,target_mentioned_without_local_ai_evidence
3496497020,Harbor Communications LLC,Eh Publishing Inc- Robotics,2019-12-05,unknown,asset purchase,unclear,unknown,acquirer_not_resolved_on_edgar,unknown,,,,not_applicable,,not_qualifying_no_primary_source_found,not_applicable,acquirer_not_resolved_on_edgar
3505729020,Digital Dream Labs LLC,Anki Inc-Robotics &,2020-01-15,unknown,asset purchase,unclear,unknown,acquirer_not_resolved_on_edgar,unknown,,,,not_applicable,,not_qualifying_no_primary_source_found,not_applicable,acquirer_not_resolved_on_edgar
3508418020,Hitachi Ltd,Waterline Data Science Inc,2020-01-22,unknown,asset purchase,unclear,ai_company_acquisition,machine learning,not_documented_in_reviewed_sources,https://www.hitachivantara.com/pt-br/news-old/gl200122,,supp_481be70c17b4acbe,official_company_announcement,Waterline Data delivers catalog technology enabled by machine learning (ML) that automates metadata discovery to solve modern data challenges for analytics and governance.,qualifying_machine_verified_pending_human_review,medium,
3517288020,Align Capital Partners LLC,Trove Predictive Data Science,2020-02-12,unknown,asset purchase,unclear,unknown,acquirer_not_resolved_on_edgar,unknown,,,,not_applicable,,not_qualifying_no_primary_source_found,not_applicable,acquirer_not_resolved_on_edgar
3524280020,Apple Inc,Xnor.Ai Inc,2020-01-15,unknown,asset purchase,unclear,unknown,no_target_mention_in_retrieved_documents,unknown,,,,not_applicable,,not_qualifying_no_primary_source_found,not_applicable,no_target_mention_in_retrieved_documents
3529115020,TechTarget Inc,Data Science Central LLC,2020-02-18,unknown,asset purchase,unclear,unknown,no_documents_retrieved_for_deal,unknown,,,,not_applicable,,not_qualifying_no_primary_source_found,not_applicable,no_documents_retrieved_for_deal
3533268020,UAS Drone Corp,Duke Robotics Inc,2019-09-17,unknown,majority stock acquisition,unclear,unknown,acquirer_not_resolved_on_edgar,unknown,,,,not_applicable,,not_qualifying_no_primary_source_found,not_applicable,acquirer_not_resolved_on_edgar
3535746020,Nylas Inc,June.Ai,2020-03-17,unknown,asset purchase,unclear,ai_company_acquisition,\bai\s*/\s*ml\b,not_documented_in_reviewed_sources,https://www.nylas.com/blog/nylas-juneai-acquisition/,,supp_0d563879c627e619,official_company_announcement,"kflow features into their application in a fraction of the time. Today, we’re excited to announce the next big milestone on that journey: our acquisition of June.ai, a powerful email and productivity tool that combines AI/ML, data extraction, and sentiment analysis to improve the experience of reading and replying to email. Integrating June.ai’s core technology with Nylas’ universal email, calendar, and contacts APIs will enable developers to create sophis",qualifying_machine_verified_pending_human_review,medium,
3541403020,Niantic Inc,6D.ai,2020-03-31,unknown,asset purchase,unclear,ai_company_acquisition,computer vision,not_documented_in_reviewed_sources,https://medium.com/6d-ai/6d-ai-joins-niantic-making-a-major-step-toward-building-the-ar-cloud-1594be62e85f,,supp_90ae73638955701d,official_company_announcement,"When Victor and I first started 6D.ai, our mission was to solve the hardest computer vision software problems preventing developers from building engaging AR applications.",qualifying_machine_verified_pending_human_review,medium,
3543722040,Affinity,Nudge.ai,2020-03-11,unknown,asset purchase,unclear,unknown,acquirer_not_resolved_on_edgar,unknown,,,,not_applicable,,not_qualifying_no_primary_source_found,not_applicable,acquirer_not_resolved_on_edgar
3555360020,CocoTaps LLC,Robotic Beverage Tech Inc,2020-04-14,unknown,asset purchase,unclear,unknown,acquirer_not_resolved_on_edgar,unknown,,,,not_applicable,,not_qualifying_no_primary_source_found,not_applicable,acquirer_not_resolved_on_edgar
3572126040,FMC Corp,Isagro SpA-Fluindapyr AI Assts,2020-05-06,unknown,asset purchase,unclear,unknown,target_mentioned_without_local_ai_evidence,unknown,,,,not_applicable,,not_qualifying_no_primary_source_found,not_applicable,target_mentioned_without_local_ai_evidence
3581166040,Cleareye.ai Inc,Cleareye.ai India Pvt Ltd,2020-05-26,unknown,asset purchase,unclear,unknown,acquirer_not_resolved_on_edgar,unknown,,,,not_applicable,,not_qualifying_no_primary_source_found,not_applicable,acquirer_not_resolved_on_edgar
3601921020,Information Services Group Inc,Neuralify LLC,2020-07-09,unknown,asset purchase,unclear,unknown,target_mentioned_without_local_ai_evidence,unknown,,,,not_applicable,,not_qualifying_no_primary_source_found,not_applicable,target_mentioned_without_local_ai_evidence
3623364020,365 Retail Markets LLC,Stockwell AI Inc,2020-08-13,unknown,asset purchase,unclear,ai_company_acquisition,artificial intelligence; computer vision; machine learning,not_documented_in_reviewed_sources,https://365retailmarkets.com/blog/365-retail-markets-acquires-stockwell,,supp_483684a4076e1a42,official_company_announcement,"Troy, Michigan– August 13, 2020 –365 Retail Markets announced today the acquisition of the smart-store technology company, Stockwell of Oakland, California. Stockwell has gathered some of the best minds to build a retail platform that focuses on artificial intelligence, machine learning, and computer vision. 365 intends to hire select team members and integrate the technology platform into its industry-leading 365 Point of Sale systems. “The future of retail is unattended, no doubt. By adding the ex",qualifying_machine_verified_pending_human_review,high,
3624132020,Weyland Tech Inc,Fixel AI Inc,2020-08-13,unknown,statutory merger,unclear,unknown,acquirer_not_resolved_on_edgar,unknown,,,,not_applicable,,not_qualifying_no_primary_source_found,not_applicable,acquirer_not_resolved_on_edgar
3630683020,SPX Corp,ULC Robotics Inc,2020-09-02,unknown,asset purchase,unclear,unknown,acquirer_not_resolved_on_edgar,unknown,,,,not_applicable,,not_qualifying_no_primary_source_found,not_applicable,acquirer_not_resolved_on_edgar
3646764020,Seegrid Corp,Box Robotics Inc,2020-10-06,unknown,asset purchase,unclear,unknown,acquirer_not_resolved_on_edgar,unknown,,,,not_applicable,,not_qualifying_no_primary_source_found,not_applicable,acquirer_not_resolved_on_edgar
3648957020,Fluence Energy Inc,AMS-AI Driven Software Bus,2020-10-15,unknown,asset purchase,unclear,unknown,no_documents_retrieved_for_deal,unknown,,,,not_applicable,,not_qualifying_no_primary_source_found,not_applicable,no_documents_retrieved_for_deal
3666590040,Snap Inc,Voca AI Ltd,2020-11-11,unknown,asset purchase,unclear,unknown,no_target_mention_in_retrieved_documents,unknown,,,,not_applicable,,not_qualifying_no_primary_source_found,not_applicable,no_target_mention_in_retrieved_documents
3681294020,Nuro Inc,Ike Robotics Inc,2020-12-24,unknown,asset purchase,unclear,unknown,acquirer_not_resolved_on_edgar,unknown,,,,not_applicable,,not_qualifying_no_primary_source_found,not_applicable,acquirer_not_resolved_on_edgar
3681964040,Baker Hughes Co,Ge Inspection Robotics Ag,2020-10-01,unknown,asset purchase,unclear,unknown,target_mentioned_without_local_ai_evidence,unknown,,,,not_applicable,,not_qualifying_no_primary_source_found,not_applicable,target_mentioned_without_local_ai_evidence
3688880020,W2O Group,IPM.ai Inc,2021-01-07,unknown,asset purchase,unclear,ai_company_acquisition,artificial intelligence,not_documented_in_reviewed_sources,https://swoop.com/blog/w2o-acquires-swoop/,,supp_a47910b5436bd97a,official_company_announcement,W2O announced it acquired Swoop and IPM.ai. Swoop and IPM.ai are pioneers in using artificial intelligence and real world data to solve healthcare challenges.,qualifying_machine_verified_pending_human_review,medium,
3698920040,Vista Eq Partners Mgmt LLC,Flow.ai BV,2021-01-28,unknown,asset purchase,unclear,unknown,acquirer_not_resolved_on_edgar,unknown,,,,not_applicable,,not_qualifying_no_primary_source_found,not_applicable,acquirer_not_resolved_on_edgar
3701573020,FleetCor Technologies Inc,Roger.ai Inc,2021-01-28,unknown,asset purchase,unclear,ai_company_acquisition,machine learning,not_documented_in_reviewed_sources,https://www.corpay.com/corporate-newsroom/14201/fleetcor-acquires-cloud-software-platform-provider-of-b2b-online-bill-payment,,supp_5c5e3c455537ea83,official_company_announcement,"FLEETCOR announced it acquired Roger, an accounts-payable cloud platform. Roger eliminates manual data entry using machine learning technology.",qualifying_machine_verified_pending_human_review,medium,
3701621020,Algolia Inc,MorphL AI Inc,2021-01-26,unknown,asset purchase,unclear,ai_company_acquisition,\bai[- ]powered\b; \bai\s*/\s*ml\b; artificial intelligence; machine learning,not_documented_in_reviewed_sources,https://www.globenewswire.com/news-release/2021/01/26/2164201/0/en/Algolia-Acquires-MorphL-Launches-AI-Powered-Predictive-Experiences-and-Personalization.html,,supp_f27a205c0a017de2,official_company_press_release_distributor,"Algolia Acquires MorphL, Launches AI-Powered Predictive Accessibility: Skip TopNav Consumer Products and Ser",qualifying_machine_verified_pending_human_review,high,
3708541020,The Toro Co,Left Hand Robotics Inc,2021-03-02,unknown,asset purchase,unclear,unknown,target_mentioned_without_local_ai_evidence,unknown,,,,not_applicable,,not_qualifying_no_primary_source_found,not_applicable,target_mentioned_without_local_ai_evidence
3711060020,Shareholders,Postmates Inc-Robotics Div,2021-03-02,unknown,stock/asset acquisition (unspecified),unclear,unknown,acquirer_not_resolved_on_edgar,unknown,,,,not_applicable,,not_qualifying_no_primary_source_found,not_applicable,acquirer_not_resolved_on_edgar
3716276020,Snow Phipps Group LLC,AI Fire LLC,2021-03-23,unknown,asset purchase,unclear,unknown,acquirer_not_resolved_on_edgar,unknown,,,,not_applicable,,not_qualifying_no_primary_source_found,not_applicable,acquirer_not_resolved_on_edgar
3727571020,AppHarvest Inc,Root AI Inc,2021-04-08,unknown,asset purchase,unclear,ai_company_acquisition,"\bai\b(?=[\s,-]*(?:platform|model|models|startup|company|software|technology|lab|labs|research|system|systems|capability|capabilities|assistant|agent|agents|product|products)); artificial intelligence",not_documented_in_reviewed_sources,https://www.globenewswire.com/news-release/2021/04/08/2206486/0/en/appharvest-acquires-agricultural-robotics-and-artificial-intelligence-company-root-ai-to-increase-efficiency.html,,supp_f56ffb1c8870a6f6,official_company_press_release_distributor,"More Browse the Latest News AppHarvest Acquires Agricultural Robotics and Artificial Intelligence Company Root AI to Increase Efficiency April 08, 2021 06:00 ET | Source: AppHarvest AppHarvest Acquisition of Root AI and its signature robot, Virgo, bolsters company’s intelligent tools",qualifying_machine_verified_pending_human_review,high,
3728982040,Life Clips Inc,Cognitive Apps Software,2021-04-15,unknown,asset purchase,unclear,ai_company_acquisition,artificial intelligence,not_documented_in_reviewed_sources,https://www.globenewswire.com/news-release/2021/04/06/2204941/0/en/Life-Clips-Closes-Transaction-to-Acquire-Cognitive-Apps-Software-Solutions-Inc.html,,supp_f0f18f18d45e2547,official_company_press_release_distributor,"Life Clips closed the acquisition of Cognitive Apps Software Solutions, a developer of artificial intelligence applications for healthcare and psychedelic research.",qualifying_machine_verified_pending_human_review,medium,
3739054020,Augmented Reality Concepts Inc,Pulsar AI Inc,2021-05-11,unknown,asset purchase,unclear,unknown,acquirer_not_resolved_on_edgar,unknown,,,,not_applicable,,not_qualifying_no_primary_source_found,not_applicable,acquirer_not_resolved_on_edgar
3741554020,Ondas Holdings Inc,Amer Robotics Inc,2021-05-17,unknown,statutory merger,unclear,unknown,acquirer_not_resolved_on_edgar,unknown,,,,not_applicable,,not_qualifying_no_primary_source_found,not_applicable,acquirer_not_resolved_on_edgar
3742169040,SkySpecs Inc,Vertikal AI ApS,2021-05-17,unknown,asset purchase,unclear,ai_company_acquisition,applied ai,not_documented_in_reviewed_sources,https://skyspecs.com/blog/skyspecs-acquires-fincovi-and-vertikal-ai/,,supp_c0a01e7012c4bb9e,official_company_announcement,"SkySpecs acquired Vertikal AI, a pioneer in predictive maintenance for wind energy. Vertikal AI uses data analytics and applied AI to optimize wind-turbine health.",qualifying_machine_verified_pending_human_review,medium,
3754779020,Liveaction Inc,CounterFlow AI Inc,2021-05-04,unknown,asset purchase,unclear,ai_company_acquisition,machine learning,not_documented_in_reviewed_sources,https://www.liveaction.com/press/liveaction-acquires-counterflow-ai-to-expand-network-security-offerings/,,supp_bfe94cddfded4cfb,official_company_announcement,CounterFlow AI’s unique security portfolio will help LiveAction partners and customers gain end-to-end network visibility. Its Streaming Machine Learning Engine processes packet data in real-time.,qualifying_machine_verified_pending_human_review,medium,
3759466020,Hewlett Packard Enterprise Co,Determined.ai Inc,2021-06-21,unknown,asset purchase,unclear,ai_company_acquisition,"\bai\b(?=[\s,-]*(?:platform|model|models|startup|company|software|technology|lab|labs|research|system|systems|capability|capabilities|assistant|agent|agents|product|products)); computer vision; deep learning; generative ai",not_documented_in_reviewed_sources,https://developer.hpe.com/blog/determined-ai-is-joining-hewlett-packard-enterprise/,,supp_dfc2ba2af0730b1a,official_company_announcement,"ents Training Join the Community Neil Conway, Evan Sparks, Ameet Talwalkar Determined AI is Joining Hewlett Packard Enterprise October 12, 2021 Editor’s Note: Determined AI products and solutions sold prior to the acquisition of such assets by Hewlett Packard Enterprise Company in 2021 may have older product names that differ from current solutions. Today is a big day for Determined AI, our customers, and our",qualifying_machine_verified_pending_human_review,high,
3763322020,Sighthound Inc,Boulder Ai Inc,2021-06-21,unknown,asset purchase,unclear,ai_company_acquisition,computer vision,not_documented_in_reviewed_sources,https://www.sighthound.com/news/sighthound-acquires-boulder-ai-to-move-computer-vision-to-the-edge-for-real-time-video-intelligence,,supp_24cb4b6a72c57ba6,official_company_announcement,Sighthound announced it would acquire Boulder AI to move computer vision to the edge. Boulder AI provides smart cameras and edge-computing solutions.,qualifying_machine_verified_pending_human_review,medium,
3763340020,Fractal Analytics Inc,Samya.Ai Inc,2021-06-22,unknown,asset purchase,unclear,ai_company_acquisition,"\bai\b(?=[\s,-]*(?:platform|model|models|startup|company|software|technology|lab|labs|research|system|systems|capability|capabilities|assistant|agent|agents|product|products)); machine learning; reinforcement learning",not_documented_in_reviewed_sources,https://fractal.ai/docs/Investor-Relations/Fractal-Analytics-Limited-Financial-Statements/Financial-Statements-Consolidated/Fractal-Analytics-Ltd-Consolidated-Financial-Statements-FY-23.pdf,,supp_60ce6b40bdfcfb8d,official_company_financial_statement,"Acquisition of Asper.ai Group, formerly known as Samya.ai. Asper.ai is an AI company using probabilistic machine learning and reinforcement learning approaches.",qualifying_machine_verified_pending_human_review,high,
3767523020,Zebra Technologies Corp,Fetch Robotics Inc,2021-07-01,unknown,statutory merger,unclear,ai_company_acquisition,"\bai\b(?=[\s,-]*(?:platform|model|models|startup|company|software|technology|lab|labs|research|system|systems|capability|capabilities|assistant|agent|agents|product|products))",not_documented_in_reviewed_sources,https://www.sec.gov/Archives/edgar/data/877212/000087721222000023/zbraex991123121.htm,0000877212-22-000023,doc_5d324afbb941229e,primary_sec_filing,"ed when they utilize Zebra innovations that help them sense, analyze and act in real time. In 2021, Zebra expanded its industrial automation portfolio with its Fetch Robotics acquisition and increased its machine vision and AI software capabilities with the acquisitions of Adaptive Vision and antuit.ai. Zebra is #25 on Newsweek's inaugural list of America's Most Loved Workplaces and on Forbes' list of America's best employers for the fifth year. Learn more at ze",qualifying_machine_verified_pending_human_review,medium,
3769973020,Fortinet Inc,Sken Ai,2021-07-07,unknown,statutory merger,unclear,ai_company_acquisition,machine learning,not_documented_in_reviewed_sources,https://www.fortinet.com/blog/business-and-technology/fortinet-acquires-application-security-innovator-skenai-to-accelerate-devsecops,,supp_51c55fd18a22cc50,official_company_announcement,"CI/CD platforms. Sken.ai also offers comprehensive testing across all scan types (SAST, DAST, SCA, Secrets and more) for all major languages and frameworks. Sken.ai uses machine learning (ML) to correlate and assign security risk rating of each vulnerability discovered across disparate scan types and applications. For example, if similar vulnerabilities are found across different scan types, the risk rating of that issue i",qualifying_machine_verified_pending_human_review,medium,
3778252040,Opentrons Labworks Inc,Zenith Ai (N.i.) Ltd,2021-06-29,unknown,asset purchase,unclear,ai_company_acquisition,machine learning,not_documented_in_reviewed_sources,https://opentrons.com/archives/news/press-release-opentrons-announces-200-million-series-c-round-led-by-softbank,,supp_0422efe0d68e82e7,official_company_announcement,Zenith AI is a wholly-owned subsidiary of Opentrons that was acquired in June 2021. Zenith AI brings proprietary no-code AI and modern machine learning to the Opentrons platform.,qualifying_machine_verified_pending_human_review,medium,
3781439020,Deere & Co,Bear Flag Robotics Inc,2021-08-05,unknown,asset purchase,unclear,unknown,target_mentioned_without_local_ai_evidence,unknown,,,,not_applicable,,not_qualifying_no_primary_source_found,not_applicable,target_mentioned_without_local_ai_evidence
3788092020,Integrity Implants Inc,Fusion Robotics LLC,2021-07-06,unknown,statutory merger,unclear,unknown,acquirer_not_resolved_on_edgar,unknown,,,,not_applicable,,not_qualifying_no_primary_source_found,not_applicable,acquirer_not_resolved_on_edgar
3791403020,Niantic Inc,Toolbox AI Inc,2021-08-10,unknown,asset purchase,unclear,unknown,acquirer_not_resolved_on_edgar,unknown,,,,not_applicable,,not_qualifying_no_primary_source_found,not_applicable,acquirer_not_resolved_on_edgar
3800015040,AGCO Corp,Farm Robotics & Automation SL,2021-09-10,unknown,statutory merger,unclear,unknown,acquirer_not_resolved_on_edgar,unknown,,,,not_applicable,,not_qualifying_no_primary_source_found,not_applicable,acquirer_not_resolved_on_edgar
3803400020,Locus Robotics Corp,Waypoint Robotics Inc,2021-09-20,unknown,asset purchase,unclear,unknown,acquirer_not_resolved_on_edgar,unknown,,,,not_applicable,,not_qualifying_no_primary_source_found,not_applicable,acquirer_not_resolved_on_edgar
3815848040,Slinger Bag Inc,Gameface.AI,2021-09-27,unknown,statutory merger,unclear,ai_company_acquisition,artificial intelligence,not_documented_in_reviewed_sources,https://slingerbag.com/blogs/news/slinger-announces-official-closing-of-gameface-ai-acquisition,,supp_d9db35df81172da6,official_company_announcement,"Slinger announced the finalization of its acquisition of GAMEFACE.AI, an artificial intelligence technology provider for sports.",qualifying_machine_verified_pending_human_review,medium,
3824154020,Maplebear Inc,Caper AI,2021-10-19,unknown,asset purchase,unclear,ai_company_acquisition,\bai[- ]powered\b,not_documented_in_reviewed_sources,https://company.instacart.com/pressreleases/instacart-acquires-caper-ai-a-leader-in-smart-cart-and-smart-checkout-technology-creating-a-unified-online-and-in-store-commerce-solution-for-retailers,,supp_3924f48dc3e22ee0,official_company_announcement,"Instacart, the leading online grocery platform in North America, today announced its acquisition of Caper AI (“Caper”), a leading AI-powered shopping cart and checkout technology platform.",qualifying_machine_verified_pending_human_review,medium,
3824479040,GHO Capital Partners LLP,Glamorous AI Ltd,2021-10-28,unknown,asset purchase,unclear,ai_company_acquisition,artificial intelligence,not_documented_in_reviewed_sources,https://ghocapital.com/updates/x-chem-acquires-glamorous-ai-and-cominnex-harnessing-machine-learning-to-accelerate-outcomes-across-small-molecule-drug-discovery/,,supp_7965493b1375a0d5,official_company_announcement,"GHO Capital reported that its portfolio company X-Chem acquired Glamorous AI, a leader in artificial intelligence solutions for drug discovery.",qualifying_machine_verified_pending_human_review,medium,
3827631020,TCGPlayer Inc,Roca Robotics Inc,2021-11-04,unknown,asset purchase,unclear,unknown,acquirer_not_resolved_on_edgar,unknown,,,,not_applicable,,not_qualifying_no_primary_source_found,not_applicable,acquirer_not_resolved_on_edgar
3832746020,Ocean Power Technologies Inc,Marine Advanced Robotics Inc,2021-11-16,unknown,statutory merger,unclear,unknown,target_mentioned_without_local_ai_evidence,unknown,,,,not_applicable,,not_qualifying_no_primary_source_found,not_applicable,target_mentioned_without_local_ai_evidence
3844522020,Cloudflare Inc,Sweeps Ai Inc,2021-12-08,unknown,asset purchase,unclear,unknown,no_target_mention_in_retrieved_documents,unknown,,,,not_applicable,,not_qualifying_no_primary_source_found,not_applicable,no_target_mention_in_retrieved_documents
3844957040,Fieldin Inc,Midnight Robotics Tech Inc,2021-11-17,unknown,asset purchase,unclear,unknown,target_mentioned_without_local_ai_evidence,unknown,,,,not_applicable,,not_qualifying_no_primary_source_found,not_applicable,target_mentioned_without_local_ai_evidence
3848240020,Cleantech Acquisition Corp,Nauticus Robotics Inc,2021-12-17,unknown,statutory merger,unclear,unknown,acquirer_not_resolved_on_edgar,unknown,,,,not_applicable,,not_qualifying_no_primary_source_found,not_applicable,acquirer_not_resolved_on_edgar
3854487020,Stockx LLC,Scout App AI Inc,2021-11-17,unknown,asset purchase,unclear,unknown,acquirer_not_resolved_on_edgar,unknown,,,,not_applicable,,not_qualifying_no_primary_source_found,not_applicable,acquirer_not_resolved_on_edgar
3865096040,Ei3c Corp,Cognitive Sltns & Innovatn AG,2022-01-19,unknown,asset purchase,unclear,unknown,acquirer_not_resolved_on_edgar,unknown,,,,not_applicable,,not_qualifying_no_primary_source_found,not_applicable,acquirer_not_resolved_on_edgar
3883453040,AiDash Inc,Nevronas AI Labs Pvt Ltd,2022-02-20,unknown,asset purchase,unclear,unknown,acquirer_not_resolved_on_edgar,unknown,,,,not_applicable,,not_qualifying_no_primary_source_found,not_applicable,acquirer_not_resolved_on_edgar
3884762020,Tetra Tech Inc,Axiom Data Science LLC,2022-03-08,unknown,asset purchase,unclear,unknown,target_mentioned_without_local_ai_evidence,unknown,,,,not_applicable,,not_qualifying_no_primary_source_found,not_applicable,target_mentioned_without_local_ai_evidence
3897450020,Bridesview Inc,Replier.ai,2022-03-30,unknown,asset purchase,unclear,ai_company_acquisition,"\bai\b(?=[\s,-]*(?:platform|model|models|startup|company|software|technology|lab|labs|research|system|systems|capability|capabilities|assistant|agent|agents|product|products))",not_documented_in_reviewed_sources,https://www.prnewswire.com/news-releases/tailwind-acquires-replierai-adding-ai-capability-to-help-marketers-break-writers-block--write-better-copy-301514233.html,,supp_65df7410879e926e,official_company_press_release_distributor,"Tailwind acquired Replier.ai, adding AI capability to help marketers generate custom replies and content and expanding its team, products and customer base.",qualifying_machine_verified_pending_human_review,medium,
3931591040,WBI Investments Inc,Fortuna AI Labs Inc,2022-05-24,unknown,asset purchase,unclear,unknown,acquirer_not_resolved_on_edgar,unknown,,,,not_applicable,,not_qualifying_no_primary_source_found,not_applicable,acquirer_not_resolved_on_edgar
3931884040,CVC Advisers Ltd,Drishyam Ai Inc,2022-06-07,unknown,asset purchase,unclear,ai_company_acquisition,artificial intelligence; natural language processing,not_documented_in_reviewed_sources,https://www.mediaocean.com/mediaocean-acquires-drishyam-ai,,supp_f368e85a0b40f759,official_company_announcement,"Mediaocean acquired Drishyam AI, a software company that automates ad-content identification and optimization using artificial intelligence and natural language processing.",qualifying_machine_verified_pending_human_review,high,
3939905020,Glia Technologies Inc,Finn AI,2022-06-23,unknown,asset purchase,unclear,ai_company_acquisition,"\bai[- ]powered\b; \bai\b(?=[\s,-]*(?:platform|model|models|startup|company|software|technology|lab|labs|research|system|systems|capability|capabilities|assistant|agent|agents|product|products)); conversational ai",not_documented_in_reviewed_sources,https://www.glia.com/news/glia-acquires-finn-ai,,supp_e28fecde52a19db4,official_company_announcement,"Learn more → Back to Resources News June 23, 2022 Glia Acquires Finn AI to Deliver Turnkey Banking Virtual Assistants for Enhanced Digital Customer Service Finn AI’s state-of-the-art Conversational AI solution and deep financial services expertise complement Glia’s industry-leading DCS platform Finn AI’s state-of-the-art Conversational AI solution and deep financial services expertise complement Glia’s industry-leading DCS platform ‍ NE",qualifying_machine_verified_pending_human_review,high,
3941044020,SoundCommerce LLC,Outlier Ai Inc,2022-05-10,unknown,asset purchase,unclear,unknown,acquirer_not_resolved_on_edgar,unknown,,,,not_applicable,,not_qualifying_no_primary_source_found,not_applicable,acquirer_not_resolved_on_edgar
3947075020,TryMyUI Inc,Stitchology.ai,2022-06-30,unknown,asset purchase,unclear,unknown,acquirer_not_resolved_on_edgar,unknown,,,,not_applicable,,not_qualifying_no_primary_source_found,not_applicable,acquirer_not_resolved_on_edgar
3947466040,IBM Corp,Databand.ai Ltd,2022-07-06,unknown,asset purchase,unclear,ai_company_acquisition,"\bai\b(?=[\s,-]*(?:platform|model|models|startup|company|software|technology|lab|labs|research|system|systems|capability|capabilities|assistant|agent|agents|product|products)); machine learning",not_documented_in_reviewed_sources,https://newsroom.ibm.com/2022-07-06-IBM-Aims-to-Capture-Growing-Market-Opportunity-for-Data-Observability-with-Databand-ai-Acquisition,,supp_cedfc0619ce50a42,official_company_announcement,"bservability by Instana APM and IBM Watson Studio , IBM is well-positioned to address the full spectrum of observability across IT operations. For example, Databand.ai capabilities can alert data teams and engineers when the data they are using to fuel an analytics system is incomplete or missing. In common cases where data originates from an enterprise application, Instana can then help users quickly ex",qualifying_machine_verified_pending_human_review,high,
3963056020,Eltropy Inc,Marsview.ai Inc,2022-08-17,unknown,asset purchase,unclear,ai_company_acquisition,"\bai\b(?=[\s,-]*(?:platform|model|models|startup|company|software|technology|lab|labs|research|system|systems|capability|capabilities|assistant|agent|agents|product|products))",not_documented_in_reviewed_sources,https://www.globenewswire.com/news-release/2022/08/17/2500216/0/en/Eltropy-Acquires-Marsview-AI-Empowering-Financial-Institutions-to-Automate-the-Contact-Center.html,,supp_664287af541d6741,official_company_press_release_distributor,"Eltropy, the industry-leading Digital Communications platform for financial institutions, today announced the acquisition of Marsview.ai, the AI platform for conversational intelligence.",qualifying_machine_verified_pending_human_review,medium,
3977482040,Wingate Partners LP,Bright Path AI-IP Rights & Ass,2022-08-22,unknown,asset purchase,unclear,unknown,acquirer_not_resolved_on_edgar,unknown,,,,not_applicable,,not_qualifying_no_primary_source_found,not_applicable,acquirer_not_resolved_on_edgar
3984774040,Velodyne Lidar Inc,Bluecity.ai,2022-10-04,unknown,asset purchase,unclear,ai_company_acquisition,"\bai\b(?=[\s,-]*(?:platform|model|models|startup|company|software|technology|lab|labs|research|system|systems|capability|capabilities|assistant|agent|agents|product|products))",not_documented_in_reviewed_sources,https://www.sec.gov/Archives/edgar/data/1745317/000119312522281315/d413040d425.htm,,supp_27bba806dccbb131,primary_sec_filing,"initiatives to improve our gross margin and lower our cost structure. In addition, we added new multiyear customer agreements and announced the acquisition of Bluecity, which further bolsters our software and AI capabilities. In the third quarter, billings of $12.5 million were above our guidance range of $10 million to $12 million. Revenue of $9.6 million was within the guidance range of $8 million to $11 million. As discussed in prior quarter",qualifying_machine_verified_pending_human_review,medium,
