occurrence_id,passage_id,deal_id,document_id,accession_number,document_type,document_family,source_url,heading,block_start,block_end,char_start,char_end,duplicate_group_id,content_sha256
occurrence_01a957ad45b248ea,passage_7f859f48f7729ac3,3947466040,supp_cedfc0619ce50a42,,official_company_announcement,official_announcement,https://newsroom.ibm.com/2022-07-06-IBM-Aims-to-Capture-Growing-Market-Opportunity-for-Data-Observability-with-Databand-ai-Acquisition,,45,45,5166,5679,duplicate_7f859f48f7729ac3,7f859f48f7729ac302152d831b049ec325543663483150cbc0ae5c56e9b0c29d
occurrence_08e1a2fdf71f094f,passage_6c4d292ed3b7acfd,3153170020,supp_6bb6449c48074311,,official_company_announcement,official_announcement,https://www.hubspot.com/company-news/hubspot-acquires-motion-ai-one-of-the-top-visual-chatbot-builders,,34,34,1700,2230,duplicate_6c4d292ed3b7acfd,6c4d292ed3b7acfdd98583b2784cf97b4a488dd81cd1e2c77ed551374e3f0f1d
occurrence_0a00c6cd73204856,passage_a25496ff66f1efd7,3767523020,supp_1850451931a95a19,,official_company_announcement,official_announcement,https://www.zebra.com/us/en/about-zebra/newsroom/press-releases/2021/zebra-technologies-to-acquire-fetch-robotics.html,,1244,1244,43633,43720,duplicate_a25496ff66f1efd7,a25496ff66f1efd7d951cb77765e26f3681934bd3d6bea24beb005073bf0b70f
occurrence_0d5f9695ae5dfb30,passage_4204551be0436452,3939905020,supp_e28fecde52a19db4,,official_company_announcement,official_announcement,https://www.glia.com/news/glia-acquires-finn-ai,,10,10,698,781,duplicate_4204551be0436452,4204551be04364523a683a327bfcda9f555945f9f755925152745550966c6af6
occurrence_10ad3e455365c318,passage_949618066d7a7221,3767523020,supp_1850451931a95a19,,official_company_announcement,official_announcement,https://www.zebra.com/us/en/about-zebra/newsroom/press-releases/2021/zebra-technologies-to-acquire-fetch-robotics.html,,1958,1958,66765,66866,duplicate_949618066d7a7221,949618066d7a72212c0f7475877d11580d8ca0de43253082d55087dc65fc9f97
occurrence_13182a688e260f42,passage_8b5ef75354ae837c,3939905020,supp_e28fecde52a19db4,,official_company_announcement,official_announcement,https://www.glia.com/news/glia-acquires-finn-ai,,34,34,5958,7468,duplicate_8b5ef75354ae837c,8b5ef75354ae837ca13e2fd38d20086c795388a09a13995096af4b0eb400e06a
occurrence_1a4e5c103cf92e58,passage_c0d85fc860dd084f,3984774040,supp_27bba806dccbb131,,primary_sec_filing,official_announcement,https://www.sec.gov/Archives/edgar/data/1745317/000119312522281315/d413040d425.htm,,134,134,27415,28260,duplicate_c0d85fc860dd084f,c0d85fc860dd084ff2c36fad09bc441f578ea6eaedec4d0bec055486b944cd9f
occurrence_1ab0538d8f0c4c82,passage_10e11e9997aaae70,3767523020,supp_1850451931a95a19,,official_company_announcement,official_announcement,https://www.zebra.com/us/en/about-zebra/newsroom/press-releases/2021/zebra-technologies-to-acquire-fetch-robotics.html,,563,563,20076,20178,duplicate_10e11e9997aaae70,10e11e9997aaae7080b93ca390e78a95895f52df365b84c2be3ea0fe672cee22
occurrence_1c9e6304b9c6925f,passage_a97eade5682dd512,3701621020,supp_de9d737d2dd430ac,,official_company_announcement,official_announcement,https://www.algolia.com/blog/algolia/i-co-founded-the-ai-company-that-joined-algolia,,273,273,5957,6642,duplicate_a97eade5682dd512,a97eade5682dd5129b8a82ef1c23d1fb47c516b2f54bee4b968f3f3070efe312
occurrence_1d30664598eb4a28,passage_b7c15ff824bee49e,3701621020,supp_f27a205c0a017de2,,official_company_press_release_distributor,official_announcement,https://www.globenewswire.com/news-release/2021/01/26/2164201/0/en/Algolia-Acquires-MorphL-Launches-AI-Powered-Predictive-Experiences-and-Personalization.html,,57,57,3899,4320,duplicate_b7c15ff824bee49e,b7c15ff824bee49ea2c3cd646d31df22b0933c8c4fc993c14c3e5b4d2ab730fe
occurrence_1da69e9b70a35e8c,passage_be8908cba27a3da5,3767523020,supp_1850451931a95a19,,official_company_announcement,official_announcement,https://www.zebra.com/us/en/about-zebra/newsroom/press-releases/2021/zebra-technologies-to-acquire-fetch-robotics.html,,1973,1973,67225,67338,duplicate_be8908cba27a3da5,be8908cba27a3da58533097e661eceeeb98873faa70dc9a1f7b040ddaf106aa8
occurrence_287bff6d658ead32,passage_af3870e143af9088,3984774040,supp_27bba806dccbb131,,primary_sec_filing,official_announcement,https://www.sec.gov/Archives/edgar/data/1745317/000119312522281315/d413040d425.htm,,29,29,1773,1978,duplicate_af3870e143af9088,af3870e143af9088ab8e7bac74f3cd4f811cad6a25eeab70b6f0c5172f54b5b1
occurrence_40daa0023623193f,passage_5d4b855751cf2fbf,3201487020,supp_afd5f3e53a041df6,,official_company_announcement,official_announcement,https://www.smartsheet.com/content-center/news/smartsheet-announces-converseai-natural-language-automation-acquisition,,123,123,4695,5264,duplicate_5d4b855751cf2fbf,5d4b855751cf2fbfb46ae6eb854fdc37eff5dd621da9cc9dd2d7bf3699f90ce1
occurrence_41b54d9ca2bf6636,passage_bf00662c0390942e,3767523020,supp_1850451931a95a19,,official_company_announcement,official_announcement,https://www.zebra.com/us/en/about-zebra/newsroom/press-releases/2021/zebra-technologies-to-acquire-fetch-robotics.html,,1865,1865,63821,63903,duplicate_bf00662c0390942e,bf00662c0390942e27c5d62b3d2be9afc952923e67405c110eaa4248c4c92512
occurrence_439bc08f10dc3266,passage_2cf3c77a8aa72614,3153170020,supp_6bb6449c48074311,,official_company_announcement,official_announcement,https://www.hubspot.com/company-news/hubspot-acquires-motion-ai-one-of-the-top-visual-chatbot-builders,,104,104,5748,5763,duplicate_2cf3c77a8aa72614,2cf3c77a8aa726147bd3a2dc5c8597eae4d3479a1830884ebb080f3c64233031
occurrence_4b0c07d2aa9989c0,passage_1bc39d673735bfb8,3767523020,supp_1850451931a95a19,,official_company_announcement,official_announcement,https://www.zebra.com/us/en/about-zebra/newsroom/press-releases/2021/zebra-technologies-to-acquire-fetch-robotics.html,,1364,1364,47729,47810,duplicate_1bc39d673735bfb8,1bc39d673735bfb805e1e202597d23f708f9c5f7b91fa8a6998049d63010672d
occurrence_4da06fdd3016bf97,passage_e5a65ef006ed8c96,3257183040,supp_2d6e94103484791d,,official_company_press_release_distributor,official_announcement,https://www.prnewswire.com/news-releases/leanplum-acquires-connecto-a-conversational-marketing-company-300668664.html,,106,106,2396,2433,duplicate_e5a65ef006ed8c96,e5a65ef006ed8c9662889e8e4e91cf394e80d8def62b8c7b417eb51cd9d45e16
occurrence_4e03d891f8d7e3fc,passage_fe9576f3890637fc,3767523020,supp_1850451931a95a19,,official_company_announcement,official_announcement,https://www.zebra.com/us/en/about-zebra/newsroom/press-releases/2021/zebra-technologies-to-acquire-fetch-robotics.html,,977,977,34330,34423,duplicate_fe9576f3890637fc,fe9576f3890637fcf5927fc9f4c1307a331d5df456831a9aadc2a4e310353c5c
occurrence_52072f9c192fb331,passage_47c22e2904d71f3f,3348911020,supp_4b9aa9fc3ba3f604,,official_company_announcement,official_announcement,https://sensory.com/news/sensory-acquires-vocalize-ai-for-speech-technology-testing-capabilities/,,173,173,6143,6156,duplicate_47c22e2904d71f3f,47c22e2904d71f3fa2923c914af0774b8a481cc7390feabdb8c601432e01bb73
occurrence_52e50166eb461b22,passage_f2d99d9d28273e6d,3939905020,supp_e28fecde52a19db4,,official_company_announcement,official_announcement,https://www.glia.com/news/glia-acquires-finn-ai,,22,22,2402,2748,duplicate_f2d99d9d28273e6d,f2d99d9d28273e6db2d1a1afa457e1c41815b4bcd8626294eade57221897ca54
occurrence_5726d13848415021,passage_68a024fb024bc605,3767523020,supp_1850451931a95a19,,official_company_announcement,official_announcement,https://www.zebra.com/us/en/about-zebra/newsroom/press-releases/2021/zebra-technologies-to-acquire-fetch-robotics.html,,1373,1373,48034,48127,duplicate_68a024fb024bc605,68a024fb024bc6052aeb571e11d7a214616d32f56ab450d79d14e8b231938527
occurrence_57eb263418c92a0b,passage_c88b268c4ea1b722,3984774040,supp_27bba806dccbb131,,primary_sec_filing,official_announcement,https://www.sec.gov/Archives/edgar/data/1745317/000119312522281315/d413040d425.htm,,194,194,43602,45092,duplicate_c88b268c4ea1b722,c88b268c4ea1b722fb5b9f1b856fe3f99b58d1ad1d69bd773730a115cbd479d0
occurrence_58926f6c894ed717,passage_6165a0701c7135a5,3767523020,supp_1850451931a95a19,,official_company_announcement,official_announcement,https://www.zebra.com/us/en/about-zebra/newsroom/press-releases/2021/zebra-technologies-to-acquire-fetch-robotics.html,,1697,1697,58521,58632,duplicate_6165a0701c7135a5,6165a0701c7135a5cf309e05d29023b4e1475bbd62ad4c0a8432adc9af988e79
occurrence_59d796959704af36,passage_ca105f56c1a47a59,3767523020,supp_1850451931a95a19,,official_company_announcement,official_announcement,https://www.zebra.com/us/en/about-zebra/newsroom/press-releases/2021/zebra-technologies-to-acquire-fetch-robotics.html,,172,172,4713,4852,duplicate_ca105f56c1a47a59,ca105f56c1a47a5942f5f472f59d1f2ace73c58b76dca50175c3c123545f977d
occurrence_5c63a40bde32d2ab,passage_b61a12d56792d283,3767523020,supp_1850451931a95a19,,official_company_announcement,official_announcement,https://www.zebra.com/us/en/about-zebra/newsroom/press-releases/2021/zebra-technologies-to-acquire-fetch-robotics.html,,1268,1268,44456,44546,duplicate_b61a12d56792d283,b61a12d56792d283b7fe96167ad86df1acd23fdbd6f6b69bd5c44af6b98b330a
occurrence_628c9584c2e2c660,passage_a0f9acef0fdc5332,3767523020,supp_1850451931a95a19,,official_company_announcement,official_announcement,https://www.zebra.com/us/en/about-zebra/newsroom/press-releases/2021/zebra-technologies-to-acquire-fetch-robotics.html,,947,947,33370,33458,duplicate_a0f9acef0fdc5332,a0f9acef0fdc533260a1ddb3c761aedaf266373fd1f11f780e176ba963112934
occurrence_6bb26b1d2472c4ef,passage_04fd3d2318ca0670,3767523020,supp_1850451931a95a19,,official_company_announcement,official_announcement,https://www.zebra.com/us/en/about-zebra/newsroom/press-releases/2021/zebra-technologies-to-acquire-fetch-robotics.html,,764,764,27024,27130,duplicate_04fd3d2318ca0670,04fd3d2318ca0670cd36e2838048637ea8b0d2d9f7f839b7af2aee8cf952ee93
occurrence_6e300e06f2ada8df,passage_6d5b73b4b3d18264,3078525020,supp_327ff1ecfdd9a623,,official_company_announcement,official_announcement,https://blog.google/innovation-and-ai/infrastructure-and-cloud/google-cloud/100-announcements-google-cloud-next-17/,,247,247,21816,23249,duplicate_6d5b73b4b3d18264,6d5b73b4b3d18264ce7fa672387b33ac033633c71c3ec6f1d0e2e77a50140bee
occurrence_72817e5ccfd10813,passage_6d3ecd439b83874c,3947466040,supp_cedfc0619ce50a42,,official_company_announcement,official_announcement,https://newsroom.ibm.com/2022-07-06-IBM-Aims-to-Capture-Growing-Market-Opportunity-for-Data-Observability-with-Databand-ai-Acquisition,,46,46,5680,5991,duplicate_6d3ecd439b83874c,6d3ecd439b83874cde729e8660a60283ae430ca528b2d3de3443dc5418f17fa8
occurrence_72f9860106639939,passage_2370eb8b672cf483,3767523020,supp_1850451931a95a19,,official_company_announcement,official_announcement,https://www.zebra.com/us/en/about-zebra/newsroom/press-releases/2021/zebra-technologies-to-acquire-fetch-robotics.html,,336,336,10884,10922,duplicate_2370eb8b672cf483,2370eb8b672cf483d36d204d10b53d737c947d2af7af246f1a876446ecdb3b09
occurrence_7cf4c56459f214ef,passage_47b20fe4d63ccae0,3257183040,supp_2d6e94103484791d,,official_company_press_release_distributor,official_announcement,https://www.prnewswire.com/news-releases/leanplum-acquires-connecto-a-conversational-marketing-company-300668664.html,,112,112,2532,2555,duplicate_47b20fe4d63ccae0,47b20fe4d63ccae02babc2656eb3299cc7f465c411fad808abed762a0d3d850a
occurrence_82a3a87dc1162ae2,passage_243beb2712293a24,3939905020,supp_e28fecde52a19db4,,official_company_announcement,official_announcement,https://www.glia.com/news/glia-acquires-finn-ai,,33,33,4617,5956,duplicate_243beb2712293a24,243beb2712293a24fc6b8426c3697177350ecee0ac49831443529aa335cb41ec
occurrence_84f7737c3b3fe8dc,passage_fbc9df1cbeb51993,3727571020,supp_f56ffb1c8870a6f6,,official_company_press_release_distributor,official_announcement,https://www.globenewswire.com/news-release/2021/04/08/2206486/0/en/appharvest-acquires-agricultural-robotics-and-artificial-intelligence-company-root-ai-to-increase-efficiency.html,,57,57,5514,6243,duplicate_fbc9df1cbeb51993,fbc9df1cbeb51993636d71566a088e1ae6cd4c78c27ec141db1f0a95b67339b9
occurrence_8e37ec8263675c2e,passage_bcbca2530b3bb203,3078525020,supp_327ff1ecfdd9a623,,official_company_announcement,official_announcement,https://blog.google/innovation-and-ai/infrastructure-and-cloud/google-cloud/100-announcements-google-cloud-next-17/,,248,248,23250,24738,duplicate_bcbca2530b3bb203,bcbca2530b3bb20385c7d4c2c8a9b807c3b0b1e45b2d5eeea79ca18cdfb02b41
occurrence_92c49c8675eaac9e,passage_d4582714563ad8fe,3939905020,supp_e28fecde52a19db4,,official_company_announcement,official_announcement,https://www.glia.com/news/glia-acquires-finn-ai,,39,39,8025,9603,duplicate_d4582714563ad8fe,d4582714563ad8feef7b7eeee2ab86002fbc5bb3637a783bb0ccd142f3bacec0
occurrence_9feede83a1d8a1e6,passage_215c6c7df4fb7b17,3153170020,supp_6bb6449c48074311,,official_company_announcement,official_announcement,https://www.hubspot.com/company-news/hubspot-acquires-motion-ai-one-of-the-top-visual-chatbot-builders,,37,37,3333,3766,duplicate_215c6c7df4fb7b17,215c6c7df4fb7b172277326d1d0d3538d086b27317b14bd6378b1bc6a222ecb7
occurrence_a24358fc9d629275,passage_57b4e08be826d747,3767523020,supp_1850451931a95a19,,official_company_announcement,official_announcement,https://www.zebra.com/us/en/about-zebra/newsroom/press-releases/2021/zebra-technologies-to-acquire-fetch-robotics.html,,2018,2018,68513,68604,duplicate_57b4e08be826d747,57b4e08be826d7478ebdc984ef7b038bab09517c4ee1c402a80e42a81b16dd9b
occurrence_a25df2afcb8a3620,passage_2ffc7e5b56643e2b,3767523020,supp_1850451931a95a19,,official_company_announcement,official_announcement,https://www.zebra.com/us/en/about-zebra/newsroom/press-releases/2021/zebra-technologies-to-acquire-fetch-robotics.html,,755,755,26688,26786,duplicate_2ffc7e5b56643e2b,2ffc7e5b56643e2bb6f183ccda1f6516af48734ec05f5b581e46a3054ca8367c
occurrence_a3e04909123b1d53,passage_2958eb660ddb6681,3767523020,supp_1850451931a95a19,,official_company_announcement,official_announcement,https://www.zebra.com/us/en/about-zebra/newsroom/press-releases/2021/zebra-technologies-to-acquire-fetch-robotics.html,,1448,1448,50636,50716,duplicate_2958eb660ddb6681,2958eb660ddb6681edea90c5a580983e8526ae00297f53f0a696a73163fe9691
occurrence_a5944b666d2a64cc,passage_a003b89be13ba97b,3701621020,supp_de9d737d2dd430ac,,official_company_announcement,official_announcement,https://www.algolia.com/blog/algolia/i-co-founded-the-ai-company-that-joined-algolia,,270,270,5101,5720,duplicate_a003b89be13ba97b,a003b89be13ba97b043ad009a21743e3ecabd35bb9da0f4c9947bf8cb8128d14
occurrence_a9273c7b67cfb170,passage_5b9ea1ff628a1d67,3767523020,supp_1850451931a95a19,,official_company_announcement,official_announcement,https://www.zebra.com/us/en/about-zebra/newsroom/press-releases/2021/zebra-technologies-to-acquire-fetch-robotics.html,,347,347,11694,11859,duplicate_5b9ea1ff628a1d67,5b9ea1ff628a1d67ebdd37ee0b1252fe905cd6d1ccd349cf9a5a21ab57bc60e8
occurrence_ad96fe2d690b5357,passage_151a4a2dd3fbc967,3767523020,supp_1850451931a95a19,,official_company_announcement,official_announcement,https://www.zebra.com/us/en/about-zebra/newsroom/press-releases/2021/zebra-technologies-to-acquire-fetch-robotics.html,,1250,1250,43833,43900,duplicate_151a4a2dd3fbc967,151a4a2dd3fbc967363bc3b186f3c24755d464de7a82993f23ee870ab657df2e
occurrence_b113a5562adbc431,passage_e1be5c3842829237,3984774040,supp_27bba806dccbb131,,primary_sec_filing,official_announcement,https://www.sec.gov/Archives/edgar/data/1745317/000119312522281315/d413040d425.htm,,28,28,1713,1772,duplicate_e1be5c3842829237,e1be5c38428292375cd6c962ba676098c504b2c312d607a0f4bc53fb02a20c92
occurrence_b1eeaa86e1b240ab,passage_d2af94049325cd2e,3767523020,supp_1850451931a95a19,,official_company_announcement,official_announcement,https://www.zebra.com/us/en/about-zebra/newsroom/press-releases/2021/zebra-technologies-to-acquire-fetch-robotics.html,,1367,1367,47832,47929,duplicate_d2af94049325cd2e,d2af94049325cd2e519b489b7539bae2a6ecd0a3975a47fb0b0db2c10402107b
occurrence_b1faa1034aa79d59,passage_bf1c5581dc674300,3201487020,supp_afd5f3e53a041df6,,official_company_announcement,official_announcement,https://www.smartsheet.com/content-center/news/smartsheet-announces-converseai-natural-language-automation-acquisition,,124,124,5265,5734,duplicate_bf1c5581dc674300,bf1c5581dc67430022568824718dddc6d6d96e3a887a4b3edc456bb6c3d788b7
occurrence_b48b4aa89603fe44,passage_4cc3d2a5e68feaff,3767523020,supp_1850451931a95a19,,official_company_announcement,official_announcement,https://www.zebra.com/us/en/about-zebra/newsroom/press-releases/2021/zebra-technologies-to-acquire-fetch-robotics.html,,1145,1145,40137,40225,duplicate_4cc3d2a5e68feaff,4cc3d2a5e68feaff5eecd83a49b8fa47cc8c720634d52a94939ea21f32c435ad
occurrence_b6637b7386adbe3f,passage_72378914b191a65a,3767523020,supp_1850451931a95a19,,official_company_announcement,official_announcement,https://www.zebra.com/us/en/about-zebra/newsroom/press-releases/2021/zebra-technologies-to-acquire-fetch-robotics.html,,1337,1337,46822,46900,duplicate_72378914b191a65a,72378914b191a65a3747e2a7ec425fe03ff26bd1e33f9bd7d5946186f21ba580
occurrence_b99d85f5b515ce87,passage_cbb32f754ce6eda1,3769973020,supp_51c55fd18a22cc50,,official_company_announcement,official_announcement,https://www.fortinet.com/blog/business-and-technology/fortinet-acquires-application-security-innovator-skenai-to-accelerate-devsecops,,32,32,3145,3399,duplicate_cbb32f754ce6eda1,cbb32f754ce6eda1589ab3b9a6ac59a3fbac98cd96b51c54e7659d5de85c75fc
occurrence_b9a37db91c04e116,passage_dd89ff8e103e9095,3767523020,supp_1850451931a95a19,,official_company_announcement,official_announcement,https://www.zebra.com/us/en/about-zebra/newsroom/press-releases/2021/zebra-technologies-to-acquire-fetch-robotics.html,,1397,1397,48893,48980,duplicate_dd89ff8e103e9095,dd89ff8e103e90954f5b7371be24725e0ed5033f0ce52df68d9df754ba11fd9c
occurrence_bea1ae3b67be46d3,passage_e3bfc3677ae905eb,3727571020,supp_f56ffb1c8870a6f6,,official_company_press_release_distributor,official_announcement,https://www.globenewswire.com/news-release/2021/04/08/2206486/0/en/appharvest-acquires-agricultural-robotics-and-artificial-intelligence-company-root-ai-to-increase-efficiency.html,,52,52,2335,3076,duplicate_e3bfc3677ae905eb,e3bfc3677ae905ebcb42f46f64f9552d6549716cdfce56bef335b106ff9d6c15
occurrence_bfd9d3d9be0aba28,passage_ec77b33430e0f1b4,3078525020,supp_327ff1ecfdd9a623,,official_company_announcement,official_announcement,https://blog.google/innovation-and-ai/infrastructure-and-cloud/google-cloud/100-announcements-google-cloud-next-17/,,249,249,24739,24791,duplicate_ec77b33430e0f1b4,ec77b33430e0f1b44d82b850c12bb25fa77b453c6facfb02aa7b529970413cfa
occurrence_bfe1d46da7ea90df,passage_bc22833d2d7672e5,3767523020,supp_1850451931a95a19,,official_company_announcement,official_announcement,https://www.zebra.com/us/en/about-zebra/newsroom/press-releases/2021/zebra-technologies-to-acquire-fetch-robotics.html,,1784,1784,61308,61393,duplicate_bc22833d2d7672e5,bc22833d2d7672e50b445c15996392cacc729eead58d6d42150ab3a1aeeb1d23
occurrence_c094d60c37df3746,passage_46c26553e663b974,3984774040,supp_27bba806dccbb131,,primary_sec_filing,official_announcement,https://www.sec.gov/Archives/edgar/data/1745317/000119312522281315/d413040d425.htm,,209,209,50769,52100,duplicate_46c26553e663b974,46c26553e663b974d95ffba8a38ad98df3aa6ce34f9de432bff82ef3c9269399
occurrence_c5687e139a51cba7,passage_2cf3c77a8aa72614,3153170020,supp_6bb6449c48074311,,official_company_announcement,official_announcement,https://www.hubspot.com/company-news/hubspot-acquires-motion-ai-one-of-the-top-visual-chatbot-builders,,105,105,5764,5779,duplicate_2cf3c77a8aa72614,2cf3c77a8aa726147bd3a2dc5c8597eae4d3479a1830884ebb080f3c64233031
occurrence_c7eb51e739747c17,passage_b5d837129601c64c,3767523020,supp_1850451931a95a19,,official_company_announcement,official_announcement,https://www.zebra.com/us/en/about-zebra/newsroom/press-releases/2021/zebra-technologies-to-acquire-fetch-robotics.html,,788,788,27869,27953,duplicate_b5d837129601c64c,b5d837129601c64c9666ad6a7d2673054eae65a0c9f104ca15d2d707dc61a91b
occurrence_cd12b2ca079bfb15,passage_f3de41039e0c29fc,3727571020,supp_f56ffb1c8870a6f6,,official_company_press_release_distributor,official_announcement,https://www.globenewswire.com/news-release/2021/04/08/2206486/0/en/appharvest-acquires-agricultural-robotics-and-artificial-intelligence-company-root-ai-to-increase-efficiency.html,,53,53,3077,3748,duplicate_f3de41039e0c29fc,f3de41039e0c29fc360a185e35656f86b39a0751112d304b092762e5c6c36bc5
occurrence_d3ab660d4e769ead,passage_d012fd8139a07603,3623364020,supp_483684a4076e1a42,,official_company_announcement,official_announcement,https://365retailmarkets.com/blog/365-retail-markets-acquires-stockwell,,24,24,592,689,duplicate_d012fd8139a07603,d012fd8139a076032645183f0ddfc76620b66a50bd3c9cbf10921f4f54039f98
occurrence_d3d919bfdf626c92,passage_e0d0eee4d84fc076,3701621020,supp_f27a205c0a017de2,,official_company_press_release_distributor,official_announcement,https://www.globenewswire.com/news-release/2021/01/26/2164201/0/en/Algolia-Acquires-MorphL-Launches-AI-Powered-Predictive-Experiences-and-Personalization.html,,53,53,2428,2841,duplicate_e0d0eee4d84fc076,e0d0eee4d84fc07649a5390074d04cb90140ce7cce2a9b45e5b5dc1999868607
occurrence_d57a1c197a75c85d,passage_c303eacb37876ebf,3078525020,supp_327ff1ecfdd9a623,,official_company_announcement,official_announcement,https://blog.google/innovation-and-ai/infrastructure-and-cloud/google-cloud/100-announcements-google-cloud-next-17/,,243,243,17875,19222,duplicate_c303eacb37876ebf,c303eacb37876ebffffc3f019d19da41e92e9eb4e74d6ddd5d906596d9755664
occurrence_d6cfddfe24ffebaa,passage_29a9ba25f48663f5,3767523020,supp_1850451931a95a19,,official_company_announcement,official_announcement,https://www.zebra.com/us/en/about-zebra/newsroom/press-releases/2021/zebra-technologies-to-acquire-fetch-robotics.html,,209,209,5769,5921,duplicate_29a9ba25f48663f5,29a9ba25f48663f5f23fd956534c98af9b19ba3645d8753eacd5b6ce64fef2da
occurrence_d7eaeb6f8f03adff,passage_07d2431212e14579,3767523020,supp_1850451931a95a19,,official_company_announcement,official_announcement,https://www.zebra.com/us/en/about-zebra/newsroom/press-releases/2021/zebra-technologies-to-acquire-fetch-robotics.html,,104,104,2176,2198,duplicate_07d2431212e14579,07d2431212e145794344443bf0162a3678c551fd22e4b8cdc68835b606a5b3af
occurrence_d834f018a6360a36,passage_5c8cb89d9f16a1da,3767523020,supp_1850451931a95a19,,official_company_announcement,official_announcement,https://www.zebra.com/us/en/about-zebra/newsroom/press-releases/2021/zebra-technologies-to-acquire-fetch-robotics.html,,779,779,27562,27658,duplicate_5c8cb89d9f16a1da,5c8cb89d9f16a1da1d0fc0dda654ea6f4e85a20dfafc439db21a359eac2bcd44
occurrence_dd22f9a1a5ebc2d9,passage_c8093868dd42eab8,3769973020,supp_51c55fd18a22cc50,,official_company_announcement,official_announcement,https://www.fortinet.com/blog/business-and-technology/fortinet-acquires-application-security-innovator-skenai-to-accelerate-devsecops,,38,38,5276,5452,duplicate_c8093868dd42eab8,c8093868dd42eab823fc3368d65ac6ca35d7a377ab6a6490e62f4257400b4b40
occurrence_e3c4b4e0aee6cb33,passage_63175763f5942696,3984774040,supp_27bba806dccbb131,,primary_sec_filing,official_announcement,https://www.sec.gov/Archives/edgar/data/1745317/000119312522281315/d413040d425.htm,,23,23,1368,1425,duplicate_63175763f5942696,63175763f594269656f5096a50617060da7ab1de9b4285050f1a89e350f32626
occurrence_e6591af6cb5b90e9,passage_f0491f499d3f8091,3623364020,supp_483684a4076e1a42,,official_company_announcement,official_announcement,https://365retailmarkets.com/blog/365-retail-markets-acquires-stockwell,,113,113,5221,5691,duplicate_f0491f499d3f8091,f0491f499d3f809170205fce00d92d30fc8328260e1c208a7c2e2353008d9d55
occurrence_e6d8e1dc5eb9b942,passage_98e566a20b2a9e14,3201487020,supp_afd5f3e53a041df6,,official_company_announcement,official_announcement,https://www.smartsheet.com/content-center/news/smartsheet-announces-converseai-natural-language-automation-acquisition,,130,130,7666,7839,duplicate_98e566a20b2a9e14,98e566a20b2a9e14f35352ec9815a30704fb3dad2f689b9ca2a00cf5ec6be124
occurrence_ebb74aaddd62779d,passage_0bd8ffe0aeae67ab,3767523020,supp_1850451931a95a19,,official_company_announcement,official_announcement,https://www.zebra.com/us/en/about-zebra/newsroom/press-releases/2021/zebra-technologies-to-acquire-fetch-robotics.html,,560,560,19957,20054,duplicate_0bd8ffe0aeae67ab,0bd8ffe0aeae67ab7fab21f0ff0b2c2b05b3dcb7612ab0058e6b69fc3911ad48
occurrence_ef1c93eb250e9ad2,passage_f8e0a9f868de0e8f,3767523020,supp_1850451931a95a19,,official_company_announcement,official_announcement,https://www.zebra.com/us/en/about-zebra/newsroom/press-releases/2021/zebra-technologies-to-acquire-fetch-robotics.html,,337,337,10923,11151,duplicate_f8e0a9f868de0e8f,f8e0a9f868de0e8f24d744c55d1f50c2fe9f6f59407547125f597186c99102ee
occurrence_f0b00030d7742b12,passage_3c8b0198869c1ac7,3767523020,supp_1850451931a95a19,,official_company_announcement,official_announcement,https://www.zebra.com/us/en/about-zebra/newsroom/press-releases/2021/zebra-technologies-to-acquire-fetch-robotics.html,,782,782,27680,27773,duplicate_3c8b0198869c1ac7,3c8b0198869c1ac79c599640ab913af946683c91c9fff05747a874841fa90795
occurrence_f1f5941ac44ac59a,passage_7ef6fd7ccffe6fd9,3939905020,supp_e28fecde52a19db4,,official_company_announcement,official_announcement,https://www.glia.com/news/glia-acquires-finn-ai,,16,16,980,1381,duplicate_7ef6fd7ccffe6fd9,7ef6fd7ccffe6fd93e90a4ef062fe5a6a9c912aa9e756fbee0baf6e62703381e
occurrence_fa5d23570dc6ac7c,passage_56d4e1a500d9b445,3257183040,supp_2d6e94103484791d,,official_company_press_release_distributor,official_announcement,https://www.prnewswire.com/news-releases/leanplum-acquires-connecto-a-conversational-marketing-company-300668664.html,,409,409,9767,11345,duplicate_56d4e1a500d9b445,56d4e1a500d9b44591ca3980db24cb6480cee2605a5c623c520033b0f570e05c
occurrence_fc7cf54ed313aa6f,passage_a6761b7d152f05b0,3257183040,supp_2d6e94103484791d,,official_company_press_release_distributor,official_announcement,https://www.prnewswire.com/news-releases/leanplum-acquires-connecto-a-conversational-marketing-company-300668664.html,,273,273,6293,6306,duplicate_a6761b7d152f05b0,a6761b7d152f05b05897335febcfa93df51fc1c600d7b11bd4b9832e19338c14
occurrence_fda8e68a97ae5379,passage_0ffe875ed0300f93,3767523020,supp_1850451931a95a19,,official_company_announcement,official_announcement,https://www.zebra.com/us/en/about-zebra/newsroom/press-releases/2021/zebra-technologies-to-acquire-fetch-robotics.html,,1445,1445,50532,50614,duplicate_0ffe875ed0300f93,0ffe875ed0300f93f92b5c34fa1ec056a754fa930206286e346480e265d25c19
