deal_id,document_id,document_family,retrieval_status,transaction_relevance_status,employee_passage_count,employee_screen_status
3078525020,doc_04bf16c29348b0e2,press_release_exhibit,retrieved,excluded_no_target_link,0,zero_qualifying_passages
3078525020,doc_0cc3eee680ee1564,current_report_body,retrieved,excluded_no_target_link,0,zero_qualifying_passages
3078525020,doc_10a1742f1106f7f2,current_report_body,retrieved,excluded_no_target_link,0,zero_qualifying_passages
3078525020,doc_12b5ced6c6ec69bf,current_report_body,retrieved,excluded_no_target_link,0,zero_qualifying_passages
3078525020,doc_22c47ec84c17d032,current_report_body,retrieved,excluded_no_target_link,0,zero_qualifying_passages
3078525020,doc_37933e76e8fce8fb,current_report_body,retrieved,excluded_no_target_link,0,zero_qualifying_passages
3078525020,doc_3b6d6c7ccbaa73b0,press_release_exhibit,retrieved,excluded_no_target_link,0,zero_qualifying_passages
3078525020,doc_41e615cf1e9d15e2,press_release_exhibit,retrieved,excluded_no_target_link,0,zero_qualifying_passages
3078525020,doc_45dc1df7f7338c53,current_report_body,retrieved,excluded_no_target_link,0,zero_qualifying_passages
3078525020,doc_48355a68f815ac32,press_release_exhibit,retrieved,excluded_no_target_link,0,zero_qualifying_passages
3078525020,doc_4cd748dcd6346474,current_report_body,retrieved,excluded_no_target_link,0,zero_qualifying_passages
3078525020,doc_53cae81e522f08ba,current_report_body,retrieved,excluded_no_target_link,0,zero_qualifying_passages
3078525020,doc_5ee0d5460eb3f8bd,current_report_body,retrieved,excluded_no_target_link,0,zero_qualifying_passages
3078525020,doc_601899a994b2b349,current_report_body,retrieved,excluded_no_target_link,0,zero_qualifying_passages
3078525020,doc_657772db3707ad77,proxy_statement,retrieved,excluded_no_target_link,0,zero_qualifying_passages
3078525020,doc_7e99be6f310a0eed,press_release_exhibit,retrieved,excluded_no_target_link,0,zero_qualifying_passages
3078525020,doc_8ce75d44d63674c8,current_report_body,retrieved,excluded_no_target_link,0,zero_qualifying_passages
3078525020,doc_8fdb419dc94a92ba,employment_or_plan,retrieved,excluded_no_target_link,0,zero_qualifying_passages
3078525020,doc_9371db75f6c9b109,press_release_exhibit,retrieved,excluded_no_target_link,0,zero_qualifying_passages
3078525020,doc_a4f06dea19eab9ea,current_report_body,retrieved,excluded_no_target_link,0,zero_qualifying_passages
3078525020,doc_a5cbc5fc6a42a86f,proxy_statement,retrieved,excluded_no_target_link,0,zero_qualifying_passages
3078525020,doc_add17fb55e67a9e8,proxy_statement,retrieved,excluded_no_target_link,0,zero_qualifying_passages
3078525020,doc_b8bf8f10f74c3237,current_report_body,retrieved,excluded_no_target_link,0,zero_qualifying_passages
3078525020,doc_c98934b9878372ae,current_report_body,retrieved,excluded_no_target_link,0,zero_qualifying_passages
3078525020,doc_ddfa7951674eb7bb,proxy_statement,retrieved,excluded_no_target_link,0,zero_qualifying_passages
3078525020,doc_e2b6fe8967910970,current_report_body,retrieved,excluded_no_target_link,0,zero_qualifying_passages
3078525020,doc_f107bf209865a65b,proxy_statement,retrieved,excluded_no_target_link,0,zero_qualifying_passages
3078525020,doc_fcd545825e834b24,press_release_exhibit,retrieved,excluded_no_target_link,0,zero_qualifying_passages
3078525020,doc_ff150b21728951f9,proxy_statement,retrieved,excluded_no_target_link,0,zero_qualifying_passages
3078525020,supp_327ff1ecfdd9a623,official_announcement,retrieved,target_linked,4,included
3153170020,doc_0091f871839de446,current_report_body,retrieved,excluded_no_target_link,0,zero_qualifying_passages
3153170020,doc_0a5c9a0eecbb37b0,current_report_body,retrieved,excluded_no_target_link,0,zero_qualifying_passages
3153170020,doc_10d773e13a69e9df,press_release_exhibit,retrieved,excluded_no_target_link,0,zero_qualifying_passages
3153170020,doc_140db2408e9d25a6,current_report_body,retrieved,excluded_no_target_link,0,zero_qualifying_passages
3153170020,doc_175f1f260f0d13db,current_report_body,retrieved,excluded_no_target_link,0,zero_qualifying_passages
3153170020,doc_19ff1318799fa830,current_report_body,retrieved,excluded_no_target_link,0,zero_qualifying_passages
3153170020,doc_1c62a0e5c9982bf4,current_report_body,retrieved,excluded_no_target_link,0,zero_qualifying_passages
3153170020,doc_1e71fab3535b5774,current_report_body,retrieved,excluded_no_target_link,0,zero_qualifying_passages
3153170020,doc_21e9c72b82892d8e,current_report_body,retrieved,excluded_no_target_link,0,zero_qualifying_passages
3153170020,doc_30d67ab59842b53a,proxy_statement,retrieved,excluded_no_target_link,0,zero_qualifying_passages
3153170020,doc_4d876bd5a5133f50,current_report_body,retrieved,excluded_no_target_link,0,zero_qualifying_passages
3153170020,doc_4db48a85b2bf68a5,press_release_exhibit,retrieved,excluded_no_target_link,0,zero_qualifying_passages
3153170020,doc_4dd9a6d8548d3687,proxy_statement,retrieved,excluded_no_target_link,0,zero_qualifying_passages
3153170020,doc_58c4a009f1240331,current_report_body,retrieved,excluded_no_target_link,0,zero_qualifying_passages
3153170020,doc_58c91a8973cab3e5,current_report_body,retrieved,excluded_no_target_link,0,zero_qualifying_passages
3153170020,doc_5b44d940b4048878,current_report_body,retrieved,excluded_no_target_link,0,zero_qualifying_passages
3153170020,doc_60d1cd87d4995783,proxy_statement,retrieved,excluded_no_target_link,0,zero_qualifying_passages
3153170020,doc_69bcb4f965a0aa18,current_report_body,retrieved,excluded_no_target_link,0,zero_qualifying_passages
3153170020,doc_6c462fe67259235d,current_report_body,retrieved,excluded_no_target_link,0,zero_qualifying_passages
3153170020,doc_739bbb6c3804cbb3,current_report_body,retrieved,excluded_no_target_link,0,zero_qualifying_passages
3153170020,doc_87606522c149b37f,press_release_exhibit,retrieved,excluded_no_target_link,0,zero_qualifying_passages
3153170020,doc_89bd8051d4084f1b,press_release_exhibit,retrieved,excluded_no_target_link,0,zero_qualifying_passages
3153170020,doc_975f44595dec3e54,current_report_body,retrieved,excluded_no_target_link,0,zero_qualifying_passages
3153170020,doc_9c6fac986c300d9c,proxy_statement,retrieved,excluded_no_target_link,0,zero_qualifying_passages
3153170020,doc_9cd8e1c7b88de2c6,proxy_statement,retrieved,excluded_no_target_link,0,zero_qualifying_passages
3153170020,doc_a7ff879676943de9,press_release_exhibit,retrieved,excluded_no_target_link,0,zero_qualifying_passages
3153170020,doc_aa254d4d968001d6,current_report_body,retrieved,excluded_no_target_link,0,zero_qualifying_passages
3153170020,doc_ad4eed04aac78c81,current_report_body,retrieved,excluded_no_target_link,0,zero_qualifying_passages
3153170020,doc_ad55c2091387752b,current_report_body,retrieved,excluded_no_target_link,0,zero_qualifying_passages
3153170020,doc_aef4046fe0decf40,current_report_body,retrieved,excluded_no_target_link,0,zero_qualifying_passages
3153170020,doc_c10a4b16972383bf,press_release_exhibit,retrieved,excluded_no_target_link,0,zero_qualifying_passages
3153170020,doc_c15dcf491c0539db,current_report_body,retrieved,excluded_no_target_link,0,zero_qualifying_passages
3153170020,doc_c796ffbbec3adbc5,current_report_body,retrieved,excluded_no_target_link,0,zero_qualifying_passages
3153170020,doc_ce0f8a325e0adf44,current_report_body,retrieved,excluded_no_target_link,0,zero_qualifying_passages
3153170020,doc_d3c2e65e97f316d3,current_report_body,retrieved,excluded_no_target_link,0,zero_qualifying_passages
3153170020,doc_e72d67d95b93f9e7,current_report_body,retrieved,excluded_no_target_link,0,zero_qualifying_passages
3153170020,doc_e82e895fc615260e,current_report_body,retrieved,excluded_no_target_link,0,zero_qualifying_passages
3153170020,doc_ed31a9e4867617b1,press_release_exhibit,retrieved,excluded_no_target_link,0,zero_qualifying_passages
3153170020,doc_f0a72432a5c96dd7,press_release_exhibit,retrieved,excluded_no_target_link,0,zero_qualifying_passages
3153170020,doc_f2d377722f57193c,current_report_body,retrieved,excluded_no_target_link,0,zero_qualifying_passages
3153170020,doc_f97b05599a9415ab,proxy_statement,retrieved,excluded_no_target_link,0,zero_qualifying_passages
3153170020,supp_6bb6449c48074311,official_announcement,retrieved,target_linked,4,included
3201487020,supp_afd5f3e53a041df6,official_announcement,retrieved,target_linked,3,included
3257183040,supp_2d6e94103484791d,official_announcement,retrieved,target_linked,4,included
3263747040,supp_0ba198132a3ce9ce,official_announcement,retrieved,target_linked,0,zero_qualifying_passages
3268975020,doc_06674f2903b1d2f4,current_report_body,retrieved,excluded_no_target_link,0,zero_qualifying_passages
3268975020,doc_15746bdc9a521754,current_report_body,retrieved,excluded_no_target_link,0,zero_qualifying_passages
3268975020,doc_1e665a8ad47fc3a6,press_release_exhibit,retrieved,excluded_no_target_link,0,zero_qualifying_passages
3268975020,doc_251aee857c5e63da,proxy_statement,retrieved,excluded_no_target_link,0,zero_qualifying_passages
3268975020,doc_26a3be90851e46d3,current_report_body,retrieved,excluded_no_target_link,0,zero_qualifying_passages
3268975020,doc_2bf6b41c4374ea20,current_report_body,retrieved,excluded_no_target_link,0,zero_qualifying_passages
3268975020,doc_2e14e3612c03f1fb,proxy_statement,retrieved,excluded_no_target_link,0,zero_qualifying_passages
3268975020,doc_316c8a6cdf8bd2b6,current_report_body,retrieved,excluded_no_target_link,0,zero_qualifying_passages
3268975020,doc_42f8770c32232df5,press_release_exhibit,retrieved,excluded_no_target_link,0,zero_qualifying_passages
3268975020,doc_442644ae94823a6c,current_report_body,retrieved,excluded_no_target_link,0,zero_qualifying_passages
3268975020,doc_4720fc50cb134782,proxy_statement,retrieved,excluded_no_target_link,0,zero_qualifying_passages
3268975020,doc_49bf6b36181173f8,current_report_body,retrieved,excluded_no_target_link,0,zero_qualifying_passages
3268975020,doc_5a2a72a5dbe08e81,current_report_body,retrieved,excluded_no_target_link,0,zero_qualifying_passages
3268975020,doc_5e28b407ead1adb7,current_report_body,retrieved,excluded_no_target_link,0,zero_qualifying_passages
3268975020,doc_5eca48e85a7fbe9a,current_report_body,retrieved,excluded_no_target_link,0,zero_qualifying_passages
3268975020,doc_6275299e3e1d3899,current_report_body,retrieved,excluded_no_target_link,0,zero_qualifying_passages
3268975020,doc_6766bc1910654d44,current_report_body,retrieved,target_linked,0,zero_qualifying_passages
3268975020,doc_6fadcdfbf2332b34,current_report_body,retrieved,excluded_no_target_link,0,zero_qualifying_passages
3268975020,doc_7e10a30eba79b4a7,current_report_body,retrieved,excluded_no_target_link,0,zero_qualifying_passages
3268975020,doc_87ac223702950f81,current_report_body,retrieved,excluded_no_target_link,0,zero_qualifying_passages
3268975020,doc_8b766361f9a32c12,current_report_body,retrieved,excluded_no_target_link,0,zero_qualifying_passages
3268975020,doc_8f34a5dbcb1e97c3,current_report_body,retrieved,excluded_no_target_link,0,zero_qualifying_passages
3268975020,doc_94e4160b73eb6762,current_report_body,retrieved,excluded_no_target_link,0,zero_qualifying_passages
3268975020,doc_955c5cb0b5325f45,current_report_body,retrieved,excluded_no_target_link,0,zero_qualifying_passages
3268975020,doc_9c911951f50f2d94,current_report_body,retrieved,excluded_no_target_link,0,zero_qualifying_passages
3268975020,doc_b2d3adda87b37f93,proxy_statement,retrieved,excluded_no_target_link,0,zero_qualifying_passages
3268975020,doc_cf26b76b6ae41886,current_report_body,retrieved,excluded_no_target_link,0,zero_qualifying_passages
3268975020,doc_d781a97e146f7902,current_report_body,retrieved,excluded_no_target_link,0,zero_qualifying_passages
3268975020,doc_ea70d0853140e748,press_release_exhibit,retrieved,target_linked,0,zero_qualifying_passages
3268975020,doc_f60b1b1dc1a24250,proxy_statement,retrieved,excluded_no_target_link,0,zero_qualifying_passages
3268975020,doc_fac775c730c48183,press_release_exhibit,retrieved,excluded_no_target_link,0,zero_qualifying_passages
3268975020,doc_fd893cff5488cf07,current_report_body,retrieved,excluded_no_target_link,0,zero_qualifying_passages
3268975020,supp_0efd95a26b6f4ecc,official_announcement,retrieved,target_linked,0,zero_qualifying_passages
3312269020,doc_1799103e45ca2bce,current_report_body,retrieved,excluded_no_target_link,0,zero_qualifying_passages
3312269020,doc_28a55767f1d10f9b,employment_or_plan,retrieved,excluded_no_target_link,0,zero_qualifying_passages
3312269020,doc_3c4d4ce40c97f791,proxy_statement,retrieved,excluded_no_target_link,0,zero_qualifying_passages
3312269020,doc_412edf26125a14bb,current_report_body,retrieved,excluded_no_target_link,0,zero_qualifying_passages
3312269020,doc_55f27a36d75b454f,current_report_body,retrieved,excluded_no_target_link,0,zero_qualifying_passages
3312269020,doc_6cb1a9aa8da31758,press_release_exhibit,retrieved,excluded_no_target_link,0,zero_qualifying_passages
3312269020,doc_719316c4c3151e37,proxy_statement,retrieved,excluded_no_target_link,0,zero_qualifying_passages
3312269020,doc_7bb65354bc1fa69e,press_release_exhibit,retrieved,excluded_no_target_link,0,zero_qualifying_passages
3312269020,doc_889c5e2431dba65b,proxy_statement,retrieved,excluded_no_target_link,0,zero_qualifying_passages
3312269020,doc_8a3f5d1fd0a8fbee,current_report_body,retrieved,excluded_no_target_link,0,zero_qualifying_passages
3312269020,doc_91992242a49b3b85,current_report_body,retrieved,excluded_no_target_link,0,zero_qualifying_passages
3312269020,doc_9492cd1c65f025e3,current_report_body,retrieved,excluded_no_target_link,0,zero_qualifying_passages
3312269020,doc_afee59e83db2f934,current_report_body,retrieved,excluded_no_target_link,0,zero_qualifying_passages
3312269020,doc_b9a693d61f7fa32d,proxy_statement,retrieved,excluded_no_target_link,0,zero_qualifying_passages
3312269020,doc_ba734f3932935fd0,current_report_body,retrieved,excluded_no_target_link,0,zero_qualifying_passages
3312269020,doc_bcca6bd9c59d0b89,proxy_statement,retrieved,excluded_no_target_link,0,zero_qualifying_passages
3312269020,doc_c444d1827042195e,proxy_statement,retrieved,excluded_no_target_link,0,zero_qualifying_passages
3312269020,doc_c97a6567714ca995,current_report_body,retrieved,excluded_no_target_link,0,zero_qualifying_passages
3312269020,doc_d0cfb2aaf952471e,press_release_exhibit,retrieved,excluded_no_target_link,0,zero_qualifying_passages
3312269020,doc_deb99e9e4a513f90,current_report_body,retrieved,excluded_no_target_link,0,zero_qualifying_passages
3312269020,doc_e72bcf1c479e0e51,current_report_body,retrieved,excluded_no_target_link,0,zero_qualifying_passages
3312269020,doc_eb63061b0060772a,current_report_body,retrieved,excluded_no_target_link,0,zero_qualifying_passages
3312269020,doc_ecb2795e0189462a,press_release_exhibit,retrieved,excluded_no_target_link,0,zero_qualifying_passages
3312269020,supp_eee385ba990d0f07,official_announcement,retrieved,target_linked,0,zero_qualifying_passages
3348911020,supp_4b9aa9fc3ba3f604,official_announcement,retrieved,target_linked,1,included
3426068020,supp_24e34863bc502dcb,official_announcement,retrieved,target_linked,0,zero_qualifying_passages
3508418020,supp_481be70c17b4acbe,official_announcement,retrieved,target_linked,0,zero_qualifying_passages
3535746020,supp_0d563879c627e619,official_announcement,retrieved,target_linked,0,zero_qualifying_passages
3541403020,supp_90ae73638955701d,official_announcement,retrieved,target_linked,0,zero_qualifying_passages
3623364020,supp_483684a4076e1a42,official_announcement,retrieved,target_linked,2,included
3688880020,supp_a47910b5436bd97a,official_announcement,retrieved,target_linked,0,zero_qualifying_passages
3701573020,supp_5c5e3c455537ea83,official_announcement,retrieved,target_linked,0,zero_qualifying_passages
3701621020,supp_de9d737d2dd430ac,official_announcement,retrieved,target_linked,2,included
3701621020,supp_f27a205c0a017de2,official_announcement,retrieved,target_linked,2,included
3727571020,supp_f56ffb1c8870a6f6,official_announcement,retrieved,target_linked,3,included
3728982040,supp_f0f18f18d45e2547,official_announcement,retrieved,target_linked,0,zero_qualifying_passages
3742169040,supp_c0a01e7012c4bb9e,official_announcement,retrieved,target_linked,0,zero_qualifying_passages
3754779020,supp_bfe94cddfded4cfb,official_announcement,retrieved,target_linked,0,zero_qualifying_passages
3759466020,doc_019fa1ae09ff12d2,employment_or_plan,retrieved,excluded_no_target_link,0,zero_qualifying_passages
3759466020,doc_03e5eb008ef6be6c,current_report_body,retrieved,excluded_no_target_link,0,zero_qualifying_passages
3759466020,doc_09401bf81768911d,current_report_body,retrieved,target_linked,0,zero_qualifying_passages
3759466020,doc_123edf14991f02e8,current_report_body,retrieved,excluded_no_target_link,0,zero_qualifying_passages
3759466020,doc_12fb0c63cbae4f56,current_report_body,retrieved,excluded_no_target_link,0,zero_qualifying_passages
3759466020,doc_1a619aee57478cdf,current_report_body,retrieved,excluded_no_target_link,0,zero_qualifying_passages
3759466020,doc_1e5b0ef6f6b45b8a,current_report_body,retrieved,target_linked,0,zero_qualifying_passages
3759466020,doc_2434802436914f3c,proxy_statement,retrieved,target_linked,0,zero_qualifying_passages
3759466020,doc_251b1decf10d138c,employment_or_plan,retrieved,excluded_no_target_link,0,zero_qualifying_passages
3759466020,doc_26c7021b604481f5,current_report_body,retrieved,excluded_no_target_link,0,zero_qualifying_passages
3759466020,doc_2d115b95143d040f,employment_or_plan,retrieved,excluded_no_target_link,0,zero_qualifying_passages
3759466020,doc_311a3444dc80f8f8,employment_or_plan,retrieved,excluded_no_target_link,0,zero_qualifying_passages
3759466020,doc_32fd8edaf60183fb,employment_or_plan,retrieved,excluded_no_target_link,0,zero_qualifying_passages
3759466020,doc_36ee7fd2a4c2faad,employment_or_plan,retrieved,excluded_no_target_link,0,zero_qualifying_passages
3759466020,doc_392f278402f81dea,employment_or_plan,retrieved,excluded_no_target_link,0,zero_qualifying_passages
3759466020,doc_444e577d0f2fc93d,current_report_body,retrieved,excluded_no_target_link,0,zero_qualifying_passages
3759466020,doc_455877ae268db3d0,employment_or_plan,retrieved,excluded_no_target_link,0,zero_qualifying_passages
3759466020,doc_46436087a35d6a30,employment_or_plan,retrieved,excluded_no_target_link,0,zero_qualifying_passages
3759466020,doc_493c4e3241a9b68d,press_release_exhibit,retrieved,excluded_no_target_link,0,zero_qualifying_passages
3759466020,doc_4e019ccdd3cf477b,employment_or_plan,retrieved,excluded_no_target_link,0,zero_qualifying_passages
3759466020,doc_52ba836ac1b1ed27,employment_or_plan,retrieved,excluded_no_target_link,0,zero_qualifying_passages
3759466020,doc_5941e645f62bcae3,current_report_body,retrieved,excluded_no_target_link,0,zero_qualifying_passages
3759466020,doc_5acfd453a57f726c,current_report_body,retrieved,excluded_no_target_link,0,zero_qualifying_passages
3759466020,doc_5cccbae584873596,current_report_body,retrieved,excluded_no_target_link,0,zero_qualifying_passages
3759466020,doc_5eadd37bf22cb863,employment_or_plan,retrieved,excluded_no_target_link,0,zero_qualifying_passages
3759466020,doc_64e56431559c2881,employment_or_plan,retrieved,excluded_no_target_link,0,zero_qualifying_passages
3759466020,doc_69168167d5474899,current_report_body,retrieved,excluded_no_target_link,0,zero_qualifying_passages
3759466020,doc_6a83a831f3357e14,current_report_body,retrieved,excluded_no_target_link,0,zero_qualifying_passages
3759466020,doc_6d2fe03cf425d961,employment_or_plan,retrieved,excluded_no_target_link,0,zero_qualifying_passages
3759466020,doc_6d9cea5a9bb464c4,employment_or_plan,retrieved,excluded_no_target_link,0,zero_qualifying_passages
3759466020,doc_76ef511d5ac4b73c,press_release_exhibit,retrieved,excluded_no_target_link,0,zero_qualifying_passages
3759466020,doc_7733f131369a5a98,employment_or_plan,retrieved,excluded_no_target_link,0,zero_qualifying_passages
3759466020,doc_7e7a8fafa453a406,employment_or_plan,retrieved,excluded_no_target_link,0,zero_qualifying_passages
3759466020,doc_7ff54fcb9fd256c0,employment_or_plan,retrieved,excluded_no_target_link,0,zero_qualifying_passages
3759466020,doc_901084f2af3b5829,current_report_body,retrieved,excluded_no_target_link,0,zero_qualifying_passages
3759466020,doc_94169a15c4292216,current_report_body,retrieved,excluded_no_target_link,0,zero_qualifying_passages
3759466020,doc_9850d3f3fc6405b6,employment_or_plan,retrieved,excluded_no_target_link,0,zero_qualifying_passages
3759466020,doc_99db2d6c0b1bf31c,current_report_body,retrieved,excluded_no_target_link,0,zero_qualifying_passages
3759466020,doc_9d60ff6756f6aa2d,proxy_statement,retrieved,target_linked,0,zero_qualifying_passages
3759466020,doc_9e2bf62c07424d44,employment_or_plan,retrieved,excluded_no_target_link,0,zero_qualifying_passages
3759466020,doc_a0362e2dd137337e,employment_or_plan,retrieved,excluded_no_target_link,0,zero_qualifying_passages
3759466020,doc_a634202b175bf7d6,employment_or_plan,retrieved,excluded_no_target_link,0,zero_qualifying_passages
3759466020,doc_ae02844d2827c860,employment_or_plan,retrieved,excluded_no_target_link,0,zero_qualifying_passages
3759466020,doc_b28da363098ce4bd,current_report_body,retrieved,excluded_no_target_link,0,zero_qualifying_passages
3759466020,doc_bc0d6d791be237d6,employment_or_plan,retrieved,excluded_no_target_link,0,zero_qualifying_passages
3759466020,doc_bfb0e2ad8740b143,press_release_exhibit,retrieved,excluded_no_target_link,0,zero_qualifying_passages
3759466020,doc_c11e306e2cc4bb89,employment_or_plan,retrieved,excluded_no_target_link,0,zero_qualifying_passages
3759466020,doc_c7f3da66332ea8f0,employment_or_plan,retrieved,excluded_no_target_link,0,zero_qualifying_passages
3759466020,doc_c8b1b478a53895a4,employment_or_plan,retrieved,excluded_no_target_link,0,zero_qualifying_passages
3759466020,doc_ccb2da128a0528e9,employment_or_plan,retrieved,excluded_no_target_link,0,zero_qualifying_passages
3759466020,doc_d676fbd43ec30fa6,press_release_exhibit,retrieved,excluded_no_target_link,0,zero_qualifying_passages
3759466020,doc_d7ae7873779df098,employment_or_plan,retrieved,excluded_no_target_link,0,zero_qualifying_passages
3759466020,doc_d96425686d4a74dc,employment_or_plan,retrieved,excluded_no_target_link,0,zero_qualifying_passages
3759466020,doc_dd80b2aa45168c1d,employment_or_plan,retrieved,excluded_no_target_link,0,zero_qualifying_passages
3759466020,doc_ddea1c974c267b6a,employment_or_plan,retrieved,excluded_no_target_link,0,zero_qualifying_passages
3759466020,doc_df36808873a05671,employment_or_plan,retrieved,excluded_no_target_link,0,zero_qualifying_passages
3759466020,doc_e038b5d15bb6906c,current_report_body,retrieved,excluded_no_target_link,0,zero_qualifying_passages
3759466020,doc_e19e19d7349b4b6a,employment_or_plan,retrieved,excluded_no_target_link,0,zero_qualifying_passages
3759466020,doc_e32bc2a2a779adca,employment_or_plan,retrieved,excluded_no_target_link,0,zero_qualifying_passages
3759466020,doc_e494cd0b5d7c1425,employment_or_plan,retrieved,excluded_no_target_link,0,zero_qualifying_passages
3759466020,doc_e7a4cce0adad96a1,employment_or_plan,retrieved,excluded_no_target_link,0,zero_qualifying_passages
3759466020,doc_e7e93dee54d85087,employment_or_plan,retrieved,excluded_no_target_link,0,zero_qualifying_passages
3759466020,doc_eab4960ef4c0f1b1,proxy_statement,retrieved,excluded_no_target_link,0,zero_qualifying_passages
3759466020,doc_ed47cee2b8c3219d,employment_or_plan,retrieved,excluded_no_target_link,0,zero_qualifying_passages
3759466020,doc_ee6f11f751bbf2d4,proxy_statement,retrieved,excluded_no_target_link,0,zero_qualifying_passages
3759466020,doc_f2de1994f30308ff,press_release_exhibit,retrieved,excluded_no_target_link,0,zero_qualifying_passages
3759466020,doc_f52d26308f0bbbbf,employment_or_plan,retrieved,excluded_no_target_link,0,zero_qualifying_passages
3759466020,doc_f694f744b1c6fbd4,employment_or_plan,retrieved,excluded_no_target_link,0,zero_qualifying_passages
3759466020,doc_fa74eb5295056bdf,current_report_body,retrieved,excluded_no_target_link,0,zero_qualifying_passages
3759466020,doc_fabd80367992086d,proxy_statement,retrieved,excluded_no_target_link,0,zero_qualifying_passages
3759466020,doc_fb8db46a9e72e8b5,press_release_exhibit,retrieved,excluded_no_target_link,0,zero_qualifying_passages
3759466020,doc_ff821173acbf5dcd,proxy_statement,retrieved,excluded_no_target_link,0,zero_qualifying_passages
3759466020,supp_dfc2ba2af0730b1a,official_announcement,retrieved,target_linked,0,zero_qualifying_passages
3763322020,supp_24cb4b6a72c57ba6,official_announcement,retrieved,target_linked,0,zero_qualifying_passages
3763340020,supp_60ce6b40bdfcfb8d,official_announcement,retrieved,target_linked,0,zero_qualifying_passages
3767523020,doc_07ce6eae46c7035e,employment_or_plan,retrieved,excluded_no_target_link,0,zero_qualifying_passages
3767523020,doc_0870b28e23b65e3e,employment_or_plan,retrieved,excluded_no_target_link,0,zero_qualifying_passages
3767523020,doc_0d761ca5127bfcdb,current_report_body,retrieved,excluded_no_target_link,0,zero_qualifying_passages
3767523020,doc_1015f75c440dcd5c,employment_or_plan,retrieved,excluded_no_target_link,0,zero_qualifying_passages
3767523020,doc_1345c1c68706b39d,press_release_exhibit,retrieved,target_linked,0,zero_qualifying_passages
3767523020,doc_14f16d2c7019bf6e,press_release_exhibit,retrieved,target_linked,0,zero_qualifying_passages
3767523020,doc_178b90f947213886,current_report_body,retrieved,excluded_no_target_link,0,zero_qualifying_passages
3767523020,doc_18600d3f5febb6c8,proxy_statement,retrieved,excluded_no_target_link,0,zero_qualifying_passages
3767523020,doc_1d689343af61b6cd,press_release_exhibit,retrieved,excluded_no_target_link,0,zero_qualifying_passages
3767523020,doc_235c0cf234e2683e,employment_or_plan,retrieved,excluded_no_target_link,0,zero_qualifying_passages
3767523020,doc_293f568ec7634e95,current_report_body,retrieved,excluded_no_target_link,0,zero_qualifying_passages
3767523020,doc_2b265823f684cead,employment_or_plan,retrieved,excluded_no_target_link,0,zero_qualifying_passages
3767523020,doc_3156e071b29823ee,current_report_body,retrieved,excluded_no_target_link,0,zero_qualifying_passages
3767523020,doc_31a073740d059917,current_report_body,retrieved,excluded_no_target_link,0,zero_qualifying_passages
3767523020,doc_3401152b733a5462,employment_or_plan,retrieved,excluded_no_target_link,0,zero_qualifying_passages
3767523020,doc_36cd9c823c682827,current_report_body,retrieved,target_linked,0,zero_qualifying_passages
3767523020,doc_39aea47ec9e8466b,employment_or_plan,retrieved,excluded_no_target_link,0,zero_qualifying_passages
3767523020,doc_3cf0916b77207e3a,current_report_body,retrieved,excluded_no_target_link,0,zero_qualifying_passages
3767523020,doc_3fa0fc06f2c3a1af,employment_or_plan,retrieved,excluded_no_target_link,0,zero_qualifying_passages
3767523020,doc_41a25715f184f71d,employment_or_plan,retrieved,excluded_no_target_link,0,zero_qualifying_passages
3767523020,doc_47c2697820e26a79,employment_or_plan,retrieved,excluded_no_target_link,0,zero_qualifying_passages
3767523020,doc_4c8e335442a3afc8,employment_or_plan,retrieved,excluded_no_target_link,0,zero_qualifying_passages
3767523020,doc_4fe05b5d5e05664e,current_report_body,retrieved,excluded_no_target_link,0,zero_qualifying_passages
3767523020,doc_596be3df4c792582,current_report_body,retrieved,excluded_no_target_link,0,zero_qualifying_passages
3767523020,doc_5d324afbb941229e,press_release_exhibit,retrieved,target_linked,0,zero_qualifying_passages
3767523020,doc_6476410d0d4c17c1,employment_or_plan,retrieved,excluded_no_target_link,0,zero_qualifying_passages
3767523020,doc_6d25d5615580cd3a,proxy_statement,retrieved,excluded_no_target_link,0,zero_qualifying_passages
3767523020,doc_7078c893b4d59149,employment_or_plan,retrieved,excluded_no_target_link,0,zero_qualifying_passages
3767523020,doc_715f11c4de57d812,proxy_statement,retrieved,excluded_no_target_link,0,zero_qualifying_passages
3767523020,doc_717667fba613ebc6,employment_or_plan,retrieved,excluded_no_target_link,0,zero_qualifying_passages
3767523020,doc_7f4604ed11e77cff,current_report_body,retrieved,target_linked,0,zero_qualifying_passages
3767523020,doc_857b66dc7cd08d77,employment_or_plan,retrieved,excluded_no_target_link,0,zero_qualifying_passages
3767523020,doc_8a12a906c91881e0,current_report_body,retrieved,excluded_no_target_link,0,zero_qualifying_passages
3767523020,doc_8ff6d71632b7557c,proxy_statement,retrieved,excluded_no_target_link,0,zero_qualifying_passages
3767523020,doc_90f2bc31826c93ad,employment_or_plan,retrieved,excluded_no_target_link,0,zero_qualifying_passages
3767523020,doc_9bc919d678d8c8fb,employment_or_plan,retrieved,excluded_no_target_link,0,zero_qualifying_passages
3767523020,doc_9edc707bb32c0507,employment_or_plan,retrieved,excluded_no_target_link,0,zero_qualifying_passages
3767523020,doc_a5e534e9b924cb00,press_release_exhibit,retrieved,target_linked,0,zero_qualifying_passages
3767523020,doc_a8b316522822c18a,employment_or_plan,retrieved,excluded_no_target_link,0,zero_qualifying_passages
3767523020,doc_ae450b94f55c1176,press_release_exhibit,retrieved,target_linked,0,zero_qualifying_passages
3767523020,doc_b798e9bfdc095237,press_release_exhibit,retrieved,target_linked,0,zero_qualifying_passages
3767523020,doc_bbaace4bbc18ba80,current_report_body,retrieved,excluded_no_target_link,0,zero_qualifying_passages
3767523020,doc_be292df7f0f8bfc0,employment_or_plan,retrieved,excluded_no_target_link,0,zero_qualifying_passages
3767523020,doc_c01b2e824e428ff7,current_report_body,retrieved,target_linked,0,zero_qualifying_passages
3767523020,doc_c26589338fd082d3,employment_or_plan,retrieved,excluded_no_target_link,0,zero_qualifying_passages
3767523020,doc_c68a232e8b2770f7,employment_or_plan,retrieved,excluded_no_target_link,0,zero_qualifying_passages
3767523020,doc_c9ecb0ac5a333f45,current_report_body,retrieved,target_linked,0,zero_qualifying_passages
3767523020,doc_d1f2ac7e8a8a52f3,employment_or_plan,retrieved,excluded_no_target_link,0,zero_qualifying_passages
3767523020,doc_d5550827397d819f,employment_or_plan,retrieved,excluded_no_target_link,0,zero_qualifying_passages
3767523020,doc_d5560fa21120a61b,current_report_body,retrieved,excluded_no_target_link,0,zero_qualifying_passages
3767523020,doc_d773d942ba682c99,current_report_body,retrieved,excluded_no_target_link,0,zero_qualifying_passages
3767523020,doc_d77a02dfb8fb538a,press_release_exhibit,retrieved,target_linked,0,zero_qualifying_passages
3767523020,doc_d896041f1b7076b8,current_report_body,retrieved,target_linked,0,zero_qualifying_passages
3767523020,doc_da33b3a6ac4817bb,employment_or_plan,retrieved,excluded_no_target_link,0,zero_qualifying_passages
3767523020,doc_da74e4de0f6d7b3c,proxy_statement,retrieved,target_linked,0,zero_qualifying_passages
3767523020,doc_dadfc3770a1e317a,employment_or_plan,retrieved,excluded_no_target_link,0,zero_qualifying_passages
3767523020,doc_dc42073e9eff91f1,proxy_statement,retrieved,target_linked,0,zero_qualifying_passages
3767523020,doc_df2b5af8ed24d68e,employment_or_plan,retrieved,excluded_no_target_link,0,zero_qualifying_passages
3767523020,doc_e113ab96c25cfdb8,employment_or_plan,retrieved,excluded_no_target_link,0,zero_qualifying_passages
3767523020,doc_e6b15ded496966d7,employment_or_plan,retrieved,excluded_no_target_link,0,zero_qualifying_passages
3767523020,doc_ea8f9ebf2babbfef,current_report_body,retrieved,target_linked,0,zero_qualifying_passages
3767523020,doc_eec816ecd814fe23,current_report_body,retrieved,excluded_no_target_link,0,zero_qualifying_passages
3767523020,doc_f15368c96a7f8531,current_report_body,retrieved,excluded_no_target_link,0,zero_qualifying_passages
3767523020,doc_f7701190c7b69051,current_report_body,retrieved,target_linked,0,zero_qualifying_passages
3767523020,doc_fb69413aa3e524f5,current_report_body,retrieved,excluded_no_target_link,0,zero_qualifying_passages
3767523020,doc_fd4f489ad193be4c,employment_or_plan,retrieved,excluded_no_target_link,0,zero_qualifying_passages
3767523020,supp_1850451931a95a19,official_announcement,retrieved,target_linked,32,included
3769973020,doc_001056f4a11ef081,employment_or_plan,retrieved,excluded_no_target_link,0,zero_qualifying_passages
3769973020,doc_0947ae287217fbf7,current_report_body,retrieved,excluded_no_target_link,0,zero_qualifying_passages
3769973020,doc_0a76c76b6dfd9f3d,current_report_body,retrieved,excluded_no_target_link,0,zero_qualifying_passages
3769973020,doc_0e4ec2127e7cd51e,current_report_body,retrieved,excluded_no_target_link,0,zero_qualifying_passages
3769973020,doc_0f51eed07e8bca8f,employment_or_plan,retrieved,excluded_no_target_link,0,zero_qualifying_passages
3769973020,doc_120e4336f02312a6,employment_or_plan,retrieved,excluded_no_target_link,0,zero_qualifying_passages
3769973020,doc_169604ff1af8e4cf,employment_or_plan,retrieved,excluded_no_target_link,0,zero_qualifying_passages
3769973020,doc_1adf38c934f0f904,employment_or_plan,retrieved,excluded_no_target_link,0,zero_qualifying_passages
3769973020,doc_1ca3359bd1b341ab,employment_or_plan,retrieved,excluded_no_target_link,0,zero_qualifying_passages
3769973020,doc_20f8782b86018f81,employment_or_plan,retrieved,excluded_no_target_link,0,zero_qualifying_passages
3769973020,doc_21cdcf94570bcde6,employment_or_plan,retrieved,excluded_no_target_link,0,zero_qualifying_passages
3769973020,doc_22bec3f5d56c9a98,employment_or_plan,retrieved,excluded_no_target_link,0,zero_qualifying_passages
3769973020,doc_2992b90da107cfb0,current_report_body,retrieved,excluded_no_target_link,0,zero_qualifying_passages
3769973020,doc_2ad8d772d69e2d75,current_report_body,retrieved,excluded_no_target_link,0,zero_qualifying_passages
3769973020,doc_347e7d702f410f37,current_report_body,retrieved,excluded_no_target_link,0,zero_qualifying_passages
3769973020,doc_379a4d1a6522422a,press_release_exhibit,retrieved,excluded_no_target_link,0,zero_qualifying_passages
3769973020,doc_399b56b557b700c2,proxy_statement,retrieved,excluded_no_target_link,0,zero_qualifying_passages
3769973020,doc_3b8baaa66fe74be0,employment_or_plan,retrieved,excluded_no_target_link,0,zero_qualifying_passages
3769973020,doc_3f75cca2f764d335,employment_or_plan,retrieved,excluded_no_target_link,0,zero_qualifying_passages
3769973020,doc_41613e6fb440394b,current_report_body,retrieved,excluded_no_target_link,0,zero_qualifying_passages
3769973020,doc_41c949b16d3fff21,employment_or_plan,retrieved,excluded_no_target_link,0,zero_qualifying_passages
3769973020,doc_4ad8ee822fa40009,current_report_body,retrieved,excluded_no_target_link,0,zero_qualifying_passages
3769973020,doc_4bd55d454f5b8353,current_report_body,retrieved,excluded_no_target_link,0,zero_qualifying_passages
3769973020,doc_4c16a6bf21b7ff1f,current_report_body,retrieved,excluded_no_target_link,0,zero_qualifying_passages
3769973020,doc_4d2d0d3a489885f0,proxy_statement,retrieved,excluded_no_target_link,0,zero_qualifying_passages
3769973020,doc_56fb9f3b790ee5cd,current_report_body,retrieved,excluded_no_target_link,0,zero_qualifying_passages
3769973020,doc_5856499871afe76a,current_report_body,retrieved,excluded_no_target_link,0,zero_qualifying_passages
3769973020,doc_58bfd9883a64c01c,current_report_body,retrieved,excluded_no_target_link,0,zero_qualifying_passages
3769973020,doc_6752e876487ccb2b,proxy_statement,retrieved,excluded_no_target_link,0,zero_qualifying_passages
3769973020,doc_6d5edd604eab9eb1,employment_or_plan,retrieved,excluded_no_target_link,0,zero_qualifying_passages
3769973020,doc_6f3852b4bbb1f1f0,employment_or_plan,retrieved,excluded_no_target_link,0,zero_qualifying_passages
3769973020,doc_70687dbf3872b1ea,press_release_exhibit,retrieved,excluded_no_target_link,0,zero_qualifying_passages
3769973020,doc_7228fc89dac8c392,employment_or_plan,retrieved,excluded_no_target_link,0,zero_qualifying_passages
3769973020,doc_727bc79ef33374db,employment_or_plan,retrieved,excluded_no_target_link,0,zero_qualifying_passages
3769973020,doc_743aa89dde05a3cf,current_report_body,retrieved,excluded_no_target_link,0,zero_qualifying_passages
3769973020,doc_7779092cdcf6ea9f,press_release_exhibit,retrieved,excluded_no_target_link,0,zero_qualifying_passages
3769973020,doc_7a21d313b27ec855,employment_or_plan,retrieved,excluded_no_target_link,0,zero_qualifying_passages
3769973020,doc_7bd2011d94838a3e,current_report_body,retrieved,excluded_no_target_link,0,zero_qualifying_passages
3769973020,doc_7cd1d8302df89f36,employment_or_plan,retrieved,excluded_no_target_link,0,zero_qualifying_passages
3769973020,doc_7f5bb532de54940f,employment_or_plan,retrieved,excluded_no_target_link,0,zero_qualifying_passages
3769973020,doc_84f202dca4b31359,employment_or_plan,retrieved,excluded_no_target_link,0,zero_qualifying_passages
3769973020,doc_8635cb3e549807d0,current_report_body,retrieved,excluded_no_target_link,0,zero_qualifying_passages
3769973020,doc_89c50e8ed5147ba2,current_report_body,retrieved,excluded_no_target_link,0,zero_qualifying_passages
3769973020,doc_8bfe527d22255784,employment_or_plan,retrieved,excluded_no_target_link,0,zero_qualifying_passages
3769973020,doc_8f2fdb97d2438799,current_report_body,retrieved,excluded_no_target_link,0,zero_qualifying_passages
3769973020,doc_906c1a20dc85fce4,current_report_body,retrieved,excluded_no_target_link,0,zero_qualifying_passages
3769973020,doc_9ddffb852085f23c,current_report_body,retrieved,excluded_no_target_link,0,zero_qualifying_passages
3769973020,doc_a58a856236473456,current_report_body,retrieved,excluded_no_target_link,0,zero_qualifying_passages
3769973020,doc_a59c5825508f7cb1,employment_or_plan,retrieved,excluded_no_target_link,0,zero_qualifying_passages
3769973020,doc_a820b04bde47382b,current_report_body,retrieved,excluded_no_target_link,0,zero_qualifying_passages
3769973020,doc_b377f593ca708fd1,employment_or_plan,retrieved,excluded_no_target_link,0,zero_qualifying_passages
3769973020,doc_b399f83ad896ab2f,current_report_body,retrieved,excluded_no_target_link,0,zero_qualifying_passages
3769973020,doc_b5ede5ded3f452c7,press_release_exhibit,retrieved,excluded_no_target_link,0,zero_qualifying_passages
3769973020,doc_b8156b7a62d8cdb5,employment_or_plan,retrieved,excluded_no_target_link,0,zero_qualifying_passages
3769973020,doc_ba565bfd9a7df434,press_release_exhibit,retrieved,excluded_no_target_link,0,zero_qualifying_passages
3769973020,doc_bab123abeb09af08,employment_or_plan,retrieved,excluded_no_target_link,0,zero_qualifying_passages
3769973020,doc_bcb0c1f5878978a0,current_report_body,retrieved,excluded_no_target_link,0,zero_qualifying_passages
3769973020,doc_c37f6c3763f62c2f,current_report_body,retrieved,excluded_no_target_link,0,zero_qualifying_passages
3769973020,doc_c3baab1d26eea9ef,proxy_statement,retrieved,excluded_no_target_link,0,zero_qualifying_passages
3769973020,doc_cedfcc591bb96a4f,proxy_statement,retrieved,excluded_no_target_link,0,zero_qualifying_passages
3769973020,doc_d03fa19eba14a66b,employment_or_plan,retrieved,excluded_no_target_link,0,zero_qualifying_passages
3769973020,doc_e0dbc41ad1910521,employment_or_plan,retrieved,excluded_no_target_link,0,zero_qualifying_passages
3769973020,doc_e5c3438bcbcd0da2,proxy_statement,failed:retrieval,retrieval_failed,0,zero_qualifying_passages
3769973020,doc_e5e8e779ea087cfc,current_report_body,retrieved,excluded_no_target_link,0,zero_qualifying_passages
3769973020,doc_e8f556143647a3ac,employment_or_plan,retrieved,excluded_no_target_link,0,zero_qualifying_passages
3769973020,doc_ec0c3146bcbb433c,current_report_body,retrieved,excluded_no_target_link,0,zero_qualifying_passages
3769973020,doc_f11d058e5e015008,employment_or_plan,retrieved,excluded_no_target_link,0,zero_qualifying_passages
3769973020,doc_f4afbfb98950a872,employment_or_plan,retrieved,excluded_no_target_link,0,zero_qualifying_passages
3769973020,doc_f7f680db7549a2fd,employment_or_plan,retrieved,excluded_no_target_link,0,zero_qualifying_passages
3769973020,doc_fade405595af66b4,current_report_body,retrieved,excluded_no_target_link,0,zero_qualifying_passages
3769973020,doc_fe1b15ff3cbdeae7,employment_or_plan,retrieved,excluded_no_target_link,0,zero_qualifying_passages
3769973020,doc_ffd14607ecaa6b98,employment_or_plan,retrieved,excluded_no_target_link,0,zero_qualifying_passages
3769973020,supp_51c55fd18a22cc50,official_announcement,retrieved,target_linked,2,included
3778252040,supp_0422efe0d68e82e7,official_announcement,retrieved,target_linked,0,zero_qualifying_passages
3815848040,supp_d9db35df81172da6,official_announcement,retrieved,target_linked,0,zero_qualifying_passages
3824154020,supp_3924f48dc3e22ee0,official_announcement,retrieved,target_linked,0,zero_qualifying_passages
3824479040,supp_7965493b1375a0d5,official_announcement,retrieved,target_linked,0,zero_qualifying_passages
3897450020,supp_65df7410879e926e,official_announcement,retrieved,target_linked,0,zero_qualifying_passages
3931884040,supp_f368e85a0b40f759,official_announcement,retrieved,target_linked,0,zero_qualifying_passages
3939905020,supp_e28fecde52a19db4,official_announcement,retrieved,target_linked,6,included
3947466040,supp_cedfc0619ce50a42,official_announcement,retrieved,target_linked,2,included
3963056020,supp_664287af541d6741,official_announcement,retrieved,target_linked,0,zero_qualifying_passages
3984774040,supp_27bba806dccbb131,official_announcement,retrieved,target_linked,6,included
3984774040,supp_aeb82ebac1817b2f,official_announcement,failed:retrieval,retrieval_failed,0,zero_qualifying_passages
