passage_id,deal_id,document_family,token_count,count_positive,count_negative,count_hedging,count_modality,count_protection_program,count_retention,count_pay_wages,count_benefits,count_equity_vesting,count_termination_severance,count_employee_workforce,rate_positive_per100,rate_negative_per100,rate_hedging_per100,rate_modality_per100,rate_protection_program_per100,rate_retention_per100,rate_pay_wages_per100,rate_benefits_per100,rate_equity_vesting_per100,rate_termination_severance_per100,rate_employee_workforce_per100,raw_or_adjusted,rate_benefits_per100_adjusted,baseline_mean_benefits,baseline_fallback_benefits,rate_employee_workforce_per100_adjusted,baseline_mean_employee_workforce,baseline_fallback_employee_workforce,rate_equity_vesting_per100_adjusted,baseline_mean_equity_vesting,baseline_fallback_equity_vesting,rate_hedging_per100_adjusted,baseline_mean_hedging,baseline_fallback_hedging,rate_modality_per100_adjusted,baseline_mean_modality,baseline_fallback_modality,rate_negative_per100_adjusted,baseline_mean_negative,baseline_fallback_negative,rate_pay_wages_per100_adjusted,baseline_mean_pay_wages,baseline_fallback_pay_wages,rate_positive_per100_adjusted,baseline_mean_positive,baseline_fallback_positive,rate_protection_program_per100_adjusted,baseline_mean_protection_program,baseline_fallback_protection_program,rate_retention_per100_adjusted,baseline_mean_retention,baseline_fallback_retention,rate_termination_severance_per100_adjusted,baseline_mean_termination_severance,baseline_fallback_termination_severance
passage_04fd3d2318ca0670,3767523020,official_announcement,15,0,0,0,0,0,0,0,0,0,0,0,0.0,0.0,0.0,0.0,0.0,0.0,0.0,0.0,0.0,0.0,0.0,raw_and_baseline_adjusted,-0.0063,0.0063,0,-3.5338,3.5338,0,0.0,0.0,0,-0.1288,0.1288,0,-0.204,0.204,0,-0.0189,0.0189,0,0.0,0.0,0,-0.5521,0.5521,0,0.0,0.0,0,-0.1347,0.1347,0,-0.0063,0.0063,0
passage_07d2431212e14579,3767523020,official_announcement,2,0,0,0,0,0,0,0,0,0,0,1,0.0,0.0,0.0,0.0,0.0,0.0,0.0,0.0,0.0,0.0,50.0,raw_and_baseline_adjusted,-0.0063,0.0063,0,46.4662,3.5338,0,0.0,0.0,0,-0.1288,0.1288,0,-0.204,0.204,0,-0.0189,0.0189,0,0.0,0.0,0,-0.5521,0.5521,0,0.0,0.0,0,-0.1347,0.1347,0,-0.0063,0.0063,0
passage_0bd8ffe0aeae67ab,3767523020,official_announcement,12,0,0,0,0,0,0,0,0,0,0,1,0.0,0.0,0.0,0.0,0.0,0.0,0.0,0.0,0.0,0.0,8.3333,raw_and_baseline_adjusted,-0.0063,0.0063,0,4.7995,3.5338,0,0.0,0.0,0,-0.1288,0.1288,0,-0.204,0.204,0,-0.0189,0.0189,0,0.0,0.0,0,-0.5521,0.5521,0,0.0,0.0,0,-0.1347,0.1347,0,-0.0063,0.0063,0
passage_0ffe875ed0300f93,3767523020,official_announcement,11,1,0,0,0,0,0,0,0,0,0,0,9.0909,0.0,0.0,0.0,0.0,0.0,0.0,0.0,0.0,0.0,0.0,raw_and_baseline_adjusted,-0.0063,0.0063,0,-3.5338,3.5338,0,0.0,0.0,0,-0.1288,0.1288,0,-0.204,0.204,0,-0.0189,0.0189,0,0.0,0.0,0,8.5388,0.5521,0,0.0,0.0,0,-0.1347,0.1347,0,-0.0063,0.0063,0
passage_10e11e9997aaae70,3767523020,official_announcement,13,0,0,0,0,0,0,0,0,0,0,0,0.0,0.0,0.0,0.0,0.0,0.0,0.0,0.0,0.0,0.0,0.0,raw_and_baseline_adjusted,-0.0063,0.0063,0,-3.5338,3.5338,0,0.0,0.0,0,-0.1288,0.1288,0,-0.204,0.204,0,-0.0189,0.0189,0,0.0,0.0,0,-0.5521,0.5521,0,0.0,0.0,0,-0.1347,0.1347,0,-0.0063,0.0063,0
passage_151a4a2dd3fbc967,3767523020,official_announcement,10,0,0,0,0,0,0,0,0,0,0,0,0.0,0.0,0.0,0.0,0.0,0.0,0.0,0.0,0.0,0.0,0.0,raw_and_baseline_adjusted,-0.0063,0.0063,0,-3.5338,3.5338,0,0.0,0.0,0,-0.1288,0.1288,0,-0.204,0.204,0,-0.0189,0.0189,0,0.0,0.0,0,-0.5521,0.5521,0,0.0,0.0,0,-0.1347,0.1347,0,-0.0063,0.0063,0
passage_1bc39d673735bfb8,3767523020,official_announcement,13,0,0,0,0,0,0,0,0,0,0,1,0.0,0.0,0.0,0.0,0.0,0.0,0.0,0.0,0.0,0.0,7.6923,raw_and_baseline_adjusted,-0.0063,0.0063,0,4.1585,3.5338,0,0.0,0.0,0,-0.1288,0.1288,0,-0.204,0.204,0,-0.0189,0.0189,0,0.0,0.0,0,-0.5521,0.5521,0,0.0,0.0,0,-0.1347,0.1347,0,-0.0063,0.0063,0
passage_215c6c7df4fb7b17,3153170020,official_announcement,76,1,0,0,0,0,0,0,0,0,0,0,1.3158,0.0,0.0,0.0,0.0,0.0,0.0,0.0,0.0,0.0,0.0,raw_and_baseline_adjusted,-0.0063,0.0063,0,-3.5338,3.5338,0,0.0,0.0,0,-0.1288,0.1288,0,-0.204,0.204,0,-0.0189,0.0189,0,0.0,0.0,0,0.7637,0.5521,0,0.0,0.0,0,-0.1347,0.1347,0,-0.0063,0.0063,0
passage_2370eb8b672cf483,3767523020,official_announcement,4,0,0,0,0,0,0,0,0,0,0,1,0.0,0.0,0.0,0.0,0.0,0.0,0.0,0.0,0.0,0.0,25.0,raw_and_baseline_adjusted,-0.0063,0.0063,0,21.4662,3.5338,0,0.0,0.0,0,-0.1288,0.1288,0,-0.204,0.204,0,-0.0189,0.0189,0,0.0,0.0,0,-0.5521,0.5521,0,0.0,0.0,0,-0.1347,0.1347,0,-0.0063,0.0063,0
passage_243beb2712293a24,3939905020,official_announcement,220,1,0,0,3,0,0,0,0,0,0,0,0.4545,0.0,0.0,1.3636,0.0,0.0,0.0,0.0,0.0,0.0,0.0,raw_and_baseline_adjusted,-0.0063,0.0063,0,-3.5338,3.5338,0,0.0,0.0,0,-0.1288,0.1288,0,1.1596,0.204,0,-0.0189,0.0189,0,0.0,0.0,0,-0.0976,0.5521,0,0.0,0.0,0,-0.1347,0.1347,0,-0.0063,0.0063,0
passage_2958eb660ddb6681,3767523020,official_announcement,9,0,0,0,0,0,0,0,0,0,0,0,0.0,0.0,0.0,0.0,0.0,0.0,0.0,0.0,0.0,0.0,0.0,raw_and_baseline_adjusted,-0.0063,0.0063,0,-3.5338,3.5338,0,0.0,0.0,0,-0.1288,0.1288,0,-0.204,0.204,0,-0.0189,0.0189,0,0.0,0.0,0,-0.5521,0.5521,0,0.0,0.0,0,-0.1347,0.1347,0,-0.0063,0.0063,0
passage_29a9ba25f48663f5,3767523020,official_announcement,22,0,0,0,0,0,0,0,0,0,0,1,0.0,0.0,0.0,0.0,0.0,0.0,0.0,0.0,0.0,0.0,4.5455,raw_and_baseline_adjusted,-0.0063,0.0063,0,1.0117,3.5338,0,0.0,0.0,0,-0.1288,0.1288,0,-0.204,0.204,0,-0.0189,0.0189,0,0.0,0.0,0,-0.5521,0.5521,0,0.0,0.0,0,-0.1347,0.1347,0,-0.0063,0.0063,0
passage_2cf3c77a8aa72614,3153170020,official_announcement,2,0,0,0,0,0,0,0,0,0,0,0,0.0,0.0,0.0,0.0,0.0,0.0,0.0,0.0,0.0,0.0,0.0,raw_and_baseline_adjusted,-0.0063,0.0063,0,-3.5338,3.5338,0,0.0,0.0,0,-0.1288,0.1288,0,-0.204,0.204,0,-0.0189,0.0189,0,0.0,0.0,0,-0.5521,0.5521,0,0.0,0.0,0,-0.1347,0.1347,0,-0.0063,0.0063,0
passage_2ffc7e5b56643e2b,3767523020,official_announcement,14,0,0,0,0,0,0,0,0,0,0,1,0.0,0.0,0.0,0.0,0.0,0.0,0.0,0.0,0.0,0.0,7.1429,raw_and_baseline_adjusted,-0.0063,0.0063,0,3.6091,3.5338,0,0.0,0.0,0,-0.1288,0.1288,0,-0.204,0.204,0,-0.0189,0.0189,0,0.0,0.0,0,-0.5521,0.5521,0,0.0,0.0,0,-0.1347,0.1347,0,-0.0063,0.0063,0
passage_3c8b0198869c1ac7,3767523020,official_announcement,13,0,0,0,0,0,0,0,0,0,0,0,0.0,0.0,0.0,0.0,0.0,0.0,0.0,0.0,0.0,0.0,0.0,raw_and_baseline_adjusted,-0.0063,0.0063,0,-3.5338,3.5338,0,0.0,0.0,0,-0.1288,0.1288,0,-0.204,0.204,0,-0.0189,0.0189,0,0.0,0.0,0,-0.5521,0.5521,0,0.0,0.0,0,-0.1347,0.1347,0,-0.0063,0.0063,0
passage_4204551be0436452,3939905020,official_announcement,12,1,0,0,0,0,1,0,0,0,0,0,8.3333,0.0,0.0,0.0,0.0,8.3333,0.0,0.0,0.0,0.0,0.0,raw_and_baseline_adjusted,-0.0063,0.0063,0,-3.5338,3.5338,0,0.0,0.0,0,-0.1288,0.1288,0,-0.204,0.204,0,-0.0189,0.0189,0,0.0,0.0,0,7.7812,0.5521,0,0.0,0.0,0,8.1986,0.1347,0,-0.0063,0.0063,0
passage_46c26553e663b974,3984774040,official_announcement,203,0,0,4,5,0,0,0,0,0,0,1,0.0,0.0,1.9704,2.4631,0.0,0.0,0.0,0.0,0.0,0.0,0.4926,raw_and_baseline_adjusted,-0.0063,0.0063,0,-3.0412,3.5338,0,0.0,0.0,0,1.8416,0.1288,0,2.2591,0.204,0,-0.0189,0.0189,0,0.0,0.0,0,-0.5521,0.5521,0,0.0,0.0,0,-0.1347,0.1347,0,-0.0063,0.0063,0
passage_47b20fe4d63ccae0,3257183040,official_announcement,2,0,0,0,0,0,0,0,0,0,0,1,0.0,0.0,0.0,0.0,0.0,0.0,0.0,0.0,0.0,0.0,50.0,raw_and_baseline_adjusted,-0.0063,0.0063,0,46.4662,3.5338,0,0.0,0.0,0,-0.1288,0.1288,0,-0.204,0.204,0,-0.0189,0.0189,0,0.0,0.0,0,-0.5521,0.5521,0,0.0,0.0,0,-0.1347,0.1347,0,-0.0063,0.0063,0
passage_47c22e2904d71f3f,3348911020,official_announcement,2,0,0,0,0,0,0,0,0,0,0,0,0.0,0.0,0.0,0.0,0.0,0.0,0.0,0.0,0.0,0.0,0.0,raw_and_baseline_adjusted,-0.0063,0.0063,0,-3.5338,3.5338,0,0.0,0.0,0,-0.1288,0.1288,0,-0.204,0.204,0,-0.0189,0.0189,0,0.0,0.0,0,-0.5521,0.5521,0,0.0,0.0,0,-0.1347,0.1347,0,-0.0063,0.0063,0
passage_4cc3d2a5e68feaff,3767523020,official_announcement,12,0,0,0,0,0,0,0,0,0,0,1,0.0,0.0,0.0,0.0,0.0,0.0,0.0,0.0,0.0,0.0,8.3333,raw_and_baseline_adjusted,-0.0063,0.0063,0,4.7995,3.5338,0,0.0,0.0,0,-0.1288,0.1288,0,-0.204,0.204,0,-0.0189,0.0189,0,0.0,0.0,0,-0.5521,0.5521,0,0.0,0.0,0,-0.1347,0.1347,0,-0.0063,0.0063,0
passage_56d4e1a500d9b445,3257183040,official_announcement,220,2,0,0,1,0,0,0,0,0,0,0,0.9091,0.0,0.0,0.4545,0.0,0.0,0.0,0.0,0.0,0.0,0.0,raw_and_baseline_adjusted,-0.0063,0.0063,0,-3.5338,3.5338,0,0.0,0.0,0,-0.1288,0.1288,0,0.2505,0.204,0,-0.0189,0.0189,0,0.0,0.0,0,0.357,0.5521,0,0.0,0.0,0,-0.1347,0.1347,0,-0.0063,0.0063,0
passage_57b4e08be826d747,3767523020,official_announcement,11,0,0,0,0,0,0,0,0,0,0,1,0.0,0.0,0.0,0.0,0.0,0.0,0.0,0.0,0.0,0.0,9.0909,raw_and_baseline_adjusted,-0.0063,0.0063,0,5.5571,3.5338,0,0.0,0.0,0,-0.1288,0.1288,0,-0.204,0.204,0,-0.0189,0.0189,0,0.0,0.0,0,-0.5521,0.5521,0,0.0,0.0,0,-0.1347,0.1347,0,-0.0063,0.0063,0
passage_5b9ea1ff628a1d67,3767523020,official_announcement,22,1,0,0,0,0,0,0,0,0,0,1,4.5455,0.0,0.0,0.0,0.0,0.0,0.0,0.0,0.0,0.0,4.5455,raw_and_baseline_adjusted,-0.0063,0.0063,0,1.0117,3.5338,0,0.0,0.0,0,-0.1288,0.1288,0,-0.204,0.204,0,-0.0189,0.0189,0,0.0,0.0,0,3.9934,0.5521,0,0.0,0.0,0,-0.1347,0.1347,0,-0.0063,0.0063,0
passage_5c8cb89d9f16a1da,3767523020,official_announcement,13,0,0,0,0,0,0,0,0,0,0,1,0.0,0.0,0.0,0.0,0.0,0.0,0.0,0.0,0.0,0.0,7.6923,raw_and_baseline_adjusted,-0.0063,0.0063,0,4.1585,3.5338,0,0.0,0.0,0,-0.1288,0.1288,0,-0.204,0.204,0,-0.0189,0.0189,0,0.0,0.0,0,-0.5521,0.5521,0,0.0,0.0,0,-0.1347,0.1347,0,-0.0063,0.0063,0
passage_5d4b855751cf2fbf,3201487020,official_announcement,76,1,0,0,0,0,0,0,0,0,0,0,1.3158,0.0,0.0,0.0,0.0,0.0,0.0,0.0,0.0,0.0,0.0,raw_and_baseline_adjusted,-0.0063,0.0063,0,-3.5338,3.5338,0,0.0,0.0,0,-0.1288,0.1288,0,-0.204,0.204,0,-0.0189,0.0189,0,0.0,0.0,0,0.7637,0.5521,0,0.0,0.0,0,-0.1347,0.1347,0,-0.0063,0.0063,0
passage_6165a0701c7135a5,3767523020,official_announcement,13,0,0,0,0,0,0,0,0,0,0,0,0.0,0.0,0.0,0.0,0.0,0.0,0.0,0.0,0.0,0.0,0.0,raw_and_baseline_adjusted,-0.0063,0.0063,0,-3.5338,3.5338,0,0.0,0.0,0,-0.1288,0.1288,0,-0.204,0.204,0,-0.0189,0.0189,0,0.0,0.0,0,-0.5521,0.5521,0,0.0,0.0,0,-0.1347,0.1347,0,-0.0063,0.0063,0
passage_63175763f5942696,3984774040,official_announcement,9,0,0,0,0,0,0,0,0,0,0,0,0.0,0.0,0.0,0.0,0.0,0.0,0.0,0.0,0.0,0.0,0.0,raw_and_baseline_adjusted,-0.0063,0.0063,0,-3.5338,3.5338,0,0.0,0.0,0,-0.1288,0.1288,0,-0.204,0.204,0,-0.0189,0.0189,0,0.0,0.0,0,-0.5521,0.5521,0,0.0,0.0,0,-0.1347,0.1347,0,-0.0063,0.0063,0
passage_68a024fb024bc605,3767523020,official_announcement,10,0,0,0,0,0,0,0,0,0,0,0,0.0,0.0,0.0,0.0,0.0,0.0,0.0,0.0,0.0,0.0,0.0,raw_and_baseline_adjusted,-0.0063,0.0063,0,-3.5338,3.5338,0,0.0,0.0,0,-0.1288,0.1288,0,-0.204,0.204,0,-0.0189,0.0189,0,0.0,0.0,0,-0.5521,0.5521,0,0.0,0.0,0,-0.1347,0.1347,0,-0.0063,0.0063,0
passage_6c4d292ed3b7acfd,3153170020,official_announcement,86,0,0,0,0,0,0,0,0,0,0,0,0.0,0.0,0.0,0.0,0.0,0.0,0.0,0.0,0.0,0.0,0.0,raw_and_baseline_adjusted,-0.0063,0.0063,0,-3.5338,3.5338,0,0.0,0.0,0,-0.1288,0.1288,0,-0.204,0.204,0,-0.0189,0.0189,0,0.0,0.0,0,-0.5521,0.5521,0,0.0,0.0,0,-0.1347,0.1347,0,-0.0063,0.0063,0
passage_6d3ecd439b83874c,3947466040,official_announcement,51,0,0,0,1,0,0,0,0,0,0,1,0.0,0.0,0.0,1.9608,0.0,0.0,0.0,0.0,0.0,0.0,1.9608,raw_and_baseline_adjusted,-0.0063,0.0063,0,-1.573,3.5338,0,0.0,0.0,0,-0.1288,0.1288,0,1.7568,0.204,0,-0.0189,0.0189,0,0.0,0.0,0,-0.5521,0.5521,0,0.0,0.0,0,-0.1347,0.1347,0,-0.0063,0.0063,0
passage_6d5b73b4b3d18264,3078525020,official_announcement,220,0,0,0,0,0,0,0,1,0,0,2,0.0,0.0,0.0,0.0,0.0,0.0,0.0,0.4545,0.0,0.0,0.9091,raw_and_baseline_adjusted,0.4482,0.0063,0,-2.6247,3.5338,0,0.0,0.0,0,-0.1288,0.1288,0,-0.204,0.204,0,-0.0189,0.0189,0,0.0,0.0,0,-0.5521,0.5521,0,0.0,0.0,0,-0.1347,0.1347,0,-0.0063,0.0063,0
passage_72378914b191a65a,3767523020,official_announcement,11,0,0,0,0,0,0,0,0,0,0,0,0.0,0.0,0.0,0.0,0.0,0.0,0.0,0.0,0.0,0.0,0.0,raw_and_baseline_adjusted,-0.0063,0.0063,0,-3.5338,3.5338,0,0.0,0.0,0,-0.1288,0.1288,0,-0.204,0.204,0,-0.0189,0.0189,0,0.0,0.0,0,-0.5521,0.5521,0,0.0,0.0,0,-0.1347,0.1347,0,-0.0063,0.0063,0
passage_7ef6fd7ccffe6fd9,3939905020,official_announcement,58,0,0,0,0,0,0,0,0,0,0,1,0.0,0.0,0.0,0.0,0.0,0.0,0.0,0.0,0.0,0.0,1.7241,raw_and_baseline_adjusted,-0.0063,0.0063,0,-1.8097,3.5338,0,0.0,0.0,0,-0.1288,0.1288,0,-0.204,0.204,0,-0.0189,0.0189,0,0.0,0.0,0,-0.5521,0.5521,0,0.0,0.0,0,-0.1347,0.1347,0,-0.0063,0.0063,0
passage_7f859f48f7729ac3,3947466040,official_announcement,80,0,0,0,1,0,0,0,0,0,0,0,0.0,0.0,0.0,1.25,0.0,0.0,0.0,0.0,0.0,0.0,0.0,raw_and_baseline_adjusted,-0.0063,0.0063,0,-3.5338,3.5338,0,0.0,0.0,0,-0.1288,0.1288,0,1.046,0.204,0,-0.0189,0.0189,0,0.0,0.0,0,-0.5521,0.5521,0,0.0,0.0,0,-0.1347,0.1347,0,-0.0063,0.0063,0
passage_8b5ef75354ae837c,3939905020,official_announcement,220,2,0,0,1,0,0,0,0,0,0,1,0.9091,0.0,0.0,0.4545,0.0,0.0,0.0,0.0,0.0,0.0,0.4545,raw_and_baseline_adjusted,-0.0063,0.0063,0,-3.0793,3.5338,0,0.0,0.0,0,-0.1288,0.1288,0,0.2505,0.204,0,-0.0189,0.0189,0,0.0,0.0,0,0.357,0.5521,0,0.0,0.0,0,-0.1347,0.1347,0,-0.0063,0.0063,0
passage_949618066d7a7221,3767523020,official_announcement,12,0,0,0,0,0,0,0,0,0,0,0,0.0,0.0,0.0,0.0,0.0,0.0,0.0,0.0,0.0,0.0,0.0,raw_and_baseline_adjusted,-0.0063,0.0063,0,-3.5338,3.5338,0,0.0,0.0,0,-0.1288,0.1288,0,-0.204,0.204,0,-0.0189,0.0189,0,0.0,0.0,0,-0.5521,0.5521,0,0.0,0.0,0,-0.1347,0.1347,0,-0.0063,0.0063,0
passage_98e566a20b2a9e14,3201487020,official_announcement,27,0,0,0,0,0,0,0,0,0,0,1,0.0,0.0,0.0,0.0,0.0,0.0,0.0,0.0,0.0,0.0,3.7037,raw_and_baseline_adjusted,-0.0063,0.0063,0,0.1699,3.5338,0,0.0,0.0,0,-0.1288,0.1288,0,-0.204,0.204,0,-0.0189,0.0189,0,0.0,0.0,0,-0.5521,0.5521,0,0.0,0.0,0,-0.1347,0.1347,0,-0.0063,0.0063,0
passage_a003b89be13ba97b,3701621020,official_announcement,112,0,0,0,0,0,0,0,0,0,0,0,0.0,0.0,0.0,0.0,0.0,0.0,0.0,0.0,0.0,0.0,0.0,raw_and_baseline_adjusted,-0.0063,0.0063,0,-3.5338,3.5338,0,0.0,0.0,0,-0.1288,0.1288,0,-0.204,0.204,0,-0.0189,0.0189,0,0.0,0.0,0,-0.5521,0.5521,0,0.0,0.0,0,-0.1347,0.1347,0,-0.0063,0.0063,0
passage_a0f9acef0fdc5332,3767523020,official_announcement,12,0,0,0,0,0,0,0,0,0,0,1,0.0,0.0,0.0,0.0,0.0,0.0,0.0,0.0,0.0,0.0,8.3333,raw_and_baseline_adjusted,-0.0063,0.0063,0,4.7995,3.5338,0,0.0,0.0,0,-0.1288,0.1288,0,-0.204,0.204,0,-0.0189,0.0189,0,0.0,0.0,0,-0.5521,0.5521,0,0.0,0.0,0,-0.1347,0.1347,0,-0.0063,0.0063,0
passage_a25496ff66f1efd7,3767523020,official_announcement,12,0,0,0,0,0,0,0,0,0,0,0,0.0,0.0,0.0,0.0,0.0,0.0,0.0,0.0,0.0,0.0,0.0,raw_and_baseline_adjusted,-0.0063,0.0063,0,-3.5338,3.5338,0,0.0,0.0,0,-0.1288,0.1288,0,-0.204,0.204,0,-0.0189,0.0189,0,0.0,0.0,0,-0.5521,0.5521,0,0.0,0.0,0,-0.1347,0.1347,0,-0.0063,0.0063,0
passage_a6761b7d152f05b0,3257183040,official_announcement,2,0,0,0,0,0,0,0,0,0,0,0,0.0,0.0,0.0,0.0,0.0,0.0,0.0,0.0,0.0,0.0,0.0,raw_and_baseline_adjusted,-0.0063,0.0063,0,-3.5338,3.5338,0,0.0,0.0,0,-0.1288,0.1288,0,-0.204,0.204,0,-0.0189,0.0189,0,0.0,0.0,0,-0.5521,0.5521,0,0.0,0.0,0,-0.1347,0.1347,0,-0.0063,0.0063,0
passage_a97eade5682dd512,3701621020,official_announcement,113,1,0,0,0,0,0,0,0,0,0,0,0.885,0.0,0.0,0.0,0.0,0.0,0.0,0.0,0.0,0.0,0.0,raw_and_baseline_adjusted,-0.0063,0.0063,0,-3.5338,3.5338,0,0.0,0.0,0,-0.1288,0.1288,0,-0.204,0.204,0,-0.0189,0.0189,0,0.0,0.0,0,0.3329,0.5521,0,0.0,0.0,0,-0.1347,0.1347,0,-0.0063,0.0063,0
passage_af3870e143af9088,3984774040,official_announcement,32,0,0,0,0,0,0,0,0,0,0,0,0.0,0.0,0.0,0.0,0.0,0.0,0.0,0.0,0.0,0.0,0.0,raw_and_baseline_adjusted,-0.0063,0.0063,0,-3.5338,3.5338,0,0.0,0.0,0,-0.1288,0.1288,0,-0.204,0.204,0,-0.0189,0.0189,0,0.0,0.0,0,-0.5521,0.5521,0,0.0,0.0,0,-0.1347,0.1347,0,-0.0063,0.0063,0
passage_b5d837129601c64c,3767523020,official_announcement,13,0,0,0,0,0,0,0,0,0,0,0,0.0,0.0,0.0,0.0,0.0,0.0,0.0,0.0,0.0,0.0,0.0,raw_and_baseline_adjusted,-0.0063,0.0063,0,-3.5338,3.5338,0,0.0,0.0,0,-0.1288,0.1288,0,-0.204,0.204,0,-0.0189,0.0189,0,0.0,0.0,0,-0.5521,0.5521,0,0.0,0.0,0,-0.1347,0.1347,0,-0.0063,0.0063,0
passage_b61a12d56792d283,3767523020,official_announcement,12,0,0,0,0,0,0,0,0,0,0,0,0.0,0.0,0.0,0.0,0.0,0.0,0.0,0.0,0.0,0.0,0.0,raw_and_baseline_adjusted,-0.0063,0.0063,0,-3.5338,3.5338,0,0.0,0.0,0,-0.1288,0.1288,0,-0.204,0.204,0,-0.0189,0.0189,0,0.0,0.0,0,-0.5521,0.5521,0,0.0,0.0,0,-0.1347,0.1347,0,-0.0063,0.0063,0
passage_b7c15ff824bee49e,3701621020,official_announcement,66,1,0,0,0,0,0,0,0,0,0,0,1.5152,0.0,0.0,0.0,0.0,0.0,0.0,0.0,0.0,0.0,0.0,raw_and_baseline_adjusted,-0.0063,0.0063,0,-3.5338,3.5338,0,0.0,0.0,0,-0.1288,0.1288,0,-0.204,0.204,0,-0.0189,0.0189,0,0.0,0.0,0,0.9631,0.5521,0,0.0,0.0,0,-0.1347,0.1347,0,-0.0063,0.0063,0
passage_bc22833d2d7672e5,3767523020,official_announcement,12,0,0,0,0,0,0,0,0,0,0,0,0.0,0.0,0.0,0.0,0.0,0.0,0.0,0.0,0.0,0.0,0.0,raw_and_baseline_adjusted,-0.0063,0.0063,0,-3.5338,3.5338,0,0.0,0.0,0,-0.1288,0.1288,0,-0.204,0.204,0,-0.0189,0.0189,0,0.0,0.0,0,-0.5521,0.5521,0,0.0,0.0,0,-0.1347,0.1347,0,-0.0063,0.0063,0
passage_bcbca2530b3bb203,3078525020,official_announcement,220,2,0,0,0,0,0,0,0,0,0,1,0.9091,0.0,0.0,0.0,0.0,0.0,0.0,0.0,0.0,0.0,0.4545,raw_and_baseline_adjusted,-0.0063,0.0063,0,-3.0793,3.5338,0,0.0,0.0,0,-0.1288,0.1288,0,-0.204,0.204,0,-0.0189,0.0189,0,0.0,0.0,0,0.357,0.5521,0,0.0,0.0,0,-0.1347,0.1347,0,-0.0063,0.0063,0
passage_be8908cba27a3da5,3767523020,official_announcement,12,0,0,0,0,0,0,0,0,0,0,0,0.0,0.0,0.0,0.0,0.0,0.0,0.0,0.0,0.0,0.0,0.0,raw_and_baseline_adjusted,-0.0063,0.0063,0,-3.5338,3.5338,0,0.0,0.0,0,-0.1288,0.1288,0,-0.204,0.204,0,-0.0189,0.0189,0,0.0,0.0,0,-0.5521,0.5521,0,0.0,0.0,0,-0.1347,0.1347,0,-0.0063,0.0063,0
passage_bf00662c0390942e,3767523020,official_announcement,12,0,0,0,0,0,0,0,0,0,0,0,0.0,0.0,0.0,0.0,0.0,0.0,0.0,0.0,0.0,0.0,0.0,raw_and_baseline_adjusted,-0.0063,0.0063,0,-3.5338,3.5338,0,0.0,0.0,0,-0.1288,0.1288,0,-0.204,0.204,0,-0.0189,0.0189,0,0.0,0.0,0,-0.5521,0.5521,0,0.0,0.0,0,-0.1347,0.1347,0,-0.0063,0.0063,0
passage_bf1c5581dc674300,3201487020,official_announcement,71,1,0,0,0,0,0,0,0,0,0,0,1.4085,0.0,0.0,0.0,0.0,0.0,0.0,0.0,0.0,0.0,0.0,raw_and_baseline_adjusted,-0.0063,0.0063,0,-3.5338,3.5338,0,0.0,0.0,0,-0.1288,0.1288,0,-0.204,0.204,0,-0.0189,0.0189,0,0.0,0.0,0,0.8564,0.5521,0,0.0,0.0,0,-0.1347,0.1347,0,-0.0063,0.0063,0
passage_c0d85fc860dd084f,3984774040,official_announcement,138,2,0,0,1,0,0,0,0,0,0,0,1.4493,0.0,0.0,0.7246,0.0,0.0,0.0,0.0,0.0,0.0,0.0,raw_and_baseline_adjusted,-0.0063,0.0063,0,-3.5338,3.5338,0,0.0,0.0,0,-0.1288,0.1288,0,0.5206,0.204,0,-0.0189,0.0189,0,0.0,0.0,0,0.8972,0.5521,0,0.0,0.0,0,-0.1347,0.1347,0,-0.0063,0.0063,0
passage_c303eacb37876ebf,3078525020,official_announcement,220,0,0,0,0,0,1,0,0,0,0,2,0.0,0.0,0.0,0.0,0.0,0.4545,0.0,0.0,0.0,0.0,0.9091,raw_and_baseline_adjusted,-0.0063,0.0063,0,-2.6247,3.5338,0,0.0,0.0,0,-0.1288,0.1288,0,-0.204,0.204,0,-0.0189,0.0189,0,0.0,0.0,0,-0.5521,0.5521,0,0.0,0.0,0,0.3198,0.1347,0,-0.0063,0.0063,0
passage_c8093868dd42eab8,3769973020,official_announcement,28,0,0,0,0,0,0,0,0,0,0,0,0.0,0.0,0.0,0.0,0.0,0.0,0.0,0.0,0.0,0.0,0.0,raw_and_baseline_adjusted,-0.0063,0.0063,0,-3.5338,3.5338,0,0.0,0.0,0,-0.1288,0.1288,0,-0.204,0.204,0,-0.0189,0.0189,0,0.0,0.0,0,-0.5521,0.5521,0,0.0,0.0,0,-0.1347,0.1347,0,-0.0063,0.0063,0
passage_c88b268c4ea1b722,3984774040,official_announcement,220,0,3,8,5,0,1,0,0,0,1,1,0.0,1.3636,3.6364,2.2727,0.0,0.4545,0.0,0.0,0.0,0.4545,0.4545,raw_and_baseline_adjusted,-0.0063,0.0063,0,-3.0793,3.5338,0,0.0,0.0,0,3.5076,0.1288,0,2.0687,0.204,0,1.3447,0.0189,0,0.0,0.0,0,-0.5521,0.5521,0,0.0,0.0,0,0.3198,0.1347,0,0.4482,0.0063,0
passage_ca105f56c1a47a59,3767523020,official_announcement,20,0,0,0,0,0,0,0,0,0,0,0,0.0,0.0,0.0,0.0,0.0,0.0,0.0,0.0,0.0,0.0,0.0,raw_and_baseline_adjusted,-0.0063,0.0063,0,-3.5338,3.5338,0,0.0,0.0,0,-0.1288,0.1288,0,-0.204,0.204,0,-0.0189,0.0189,0,0.0,0.0,0,-0.5521,0.5521,0,0.0,0.0,0,-0.1347,0.1347,0,-0.0063,0.0063,0
passage_cbb32f754ce6eda1,3769973020,official_announcement,40,0,0,0,0,0,0,0,0,0,0,1,0.0,0.0,0.0,0.0,0.0,0.0,0.0,0.0,0.0,0.0,2.5,raw_and_baseline_adjusted,-0.0063,0.0063,0,-1.0338,3.5338,0,0.0,0.0,0,-0.1288,0.1288,0,-0.204,0.204,0,-0.0189,0.0189,0,0.0,0.0,0,-0.5521,0.5521,0,0.0,0.0,0,-0.1347,0.1347,0,-0.0063,0.0063,0
passage_d012fd8139a07603,3623364020,official_announcement,15,0,0,0,0,0,0,0,0,0,0,1,0.0,0.0,0.0,0.0,0.0,0.0,0.0,0.0,0.0,0.0,6.6667,raw_and_baseline_adjusted,-0.0063,0.0063,0,3.1329,3.5338,0,0.0,0.0,0,-0.1288,0.1288,0,-0.204,0.204,0,-0.0189,0.0189,0,0.0,0.0,0,-0.5521,0.5521,0,0.0,0.0,0,-0.1347,0.1347,0,-0.0063,0.0063,0
passage_d2af94049325cd2e,3767523020,official_announcement,14,0,0,0,0,0,0,0,0,0,0,0,0.0,0.0,0.0,0.0,0.0,0.0,0.0,0.0,0.0,0.0,0.0,raw_and_baseline_adjusted,-0.0063,0.0063,0,-3.5338,3.5338,0,0.0,0.0,0,-0.1288,0.1288,0,-0.204,0.204,0,-0.0189,0.0189,0,0.0,0.0,0,-0.5521,0.5521,0,0.0,0.0,0,-0.1347,0.1347,0,-0.0063,0.0063,0
passage_d4582714563ad8fe,3939905020,official_announcement,220,8,0,0,0,0,1,0,0,0,0,2,3.6364,0.0,0.0,0.0,0.0,0.4545,0.0,0.0,0.0,0.0,0.9091,raw_and_baseline_adjusted,-0.0063,0.0063,0,-2.6247,3.5338,0,0.0,0.0,0,-0.1288,0.1288,0,-0.204,0.204,0,-0.0189,0.0189,0,0.0,0.0,0,3.0843,0.5521,0,0.0,0.0,0,0.3198,0.1347,0,-0.0063,0.0063,0
passage_dd89ff8e103e9095,3767523020,official_announcement,12,0,0,0,0,0,0,0,0,0,0,0,0.0,0.0,0.0,0.0,0.0,0.0,0.0,0.0,0.0,0.0,0.0,raw_and_baseline_adjusted,-0.0063,0.0063,0,-3.5338,3.5338,0,0.0,0.0,0,-0.1288,0.1288,0,-0.204,0.204,0,-0.0189,0.0189,0,0.0,0.0,0,-0.5521,0.5521,0,0.0,0.0,0,-0.1347,0.1347,0,-0.0063,0.0063,0
passage_e0d0eee4d84fc076,3701621020,official_announcement,61,0,0,0,0,0,0,0,0,0,0,0,0.0,0.0,0.0,0.0,0.0,0.0,0.0,0.0,0.0,0.0,0.0,raw_and_baseline_adjusted,-0.0063,0.0063,0,-3.5338,3.5338,0,0.0,0.0,0,-0.1288,0.1288,0,-0.204,0.204,0,-0.0189,0.0189,0,0.0,0.0,0,-0.5521,0.5521,0,0.0,0.0,0,-0.1347,0.1347,0,-0.0063,0.0063,0
passage_e1be5c3842829237,3984774040,official_announcement,9,0,0,0,0,0,0,0,0,0,0,0,0.0,0.0,0.0,0.0,0.0,0.0,0.0,0.0,0.0,0.0,0.0,raw_and_baseline_adjusted,-0.0063,0.0063,0,-3.5338,3.5338,0,0.0,0.0,0,-0.1288,0.1288,0,-0.204,0.204,0,-0.0189,0.0189,0,0.0,0.0,0,-0.5521,0.5521,0,0.0,0.0,0,-0.1347,0.1347,0,-0.0063,0.0063,0
passage_e3bfc3677ae905eb,3727571020,official_announcement,116,0,0,0,0,0,0,0,0,0,0,0,0.0,0.0,0.0,0.0,0.0,0.0,0.0,0.0,0.0,0.0,0.0,raw_and_baseline_adjusted,-0.0063,0.0063,0,-3.5338,3.5338,0,0.0,0.0,0,-0.1288,0.1288,0,-0.204,0.204,0,-0.0189,0.0189,0,0.0,0.0,0,-0.5521,0.5521,0,0.0,0.0,0,-0.1347,0.1347,0,-0.0063,0.0063,0
passage_e5a65ef006ed8c96,3257183040,official_announcement,4,0,0,0,0,0,0,0,0,0,0,1,0.0,0.0,0.0,0.0,0.0,0.0,0.0,0.0,0.0,0.0,25.0,raw_and_baseline_adjusted,-0.0063,0.0063,0,21.4662,3.5338,0,0.0,0.0,0,-0.1288,0.1288,0,-0.204,0.204,0,-0.0189,0.0189,0,0.0,0.0,0,-0.5521,0.5521,0,0.0,0.0,0,-0.1347,0.1347,0,-0.0063,0.0063,0
passage_ec77b33430e0f1b4,3078525020,official_announcement,6,0,0,0,0,0,0,0,0,0,0,1,0.0,0.0,0.0,0.0,0.0,0.0,0.0,0.0,0.0,0.0,16.6667,raw_and_baseline_adjusted,-0.0063,0.0063,0,13.1329,3.5338,0,0.0,0.0,0,-0.1288,0.1288,0,-0.204,0.204,0,-0.0189,0.0189,0,0.0,0.0,0,-0.5521,0.5521,0,0.0,0.0,0,-0.1347,0.1347,0,-0.0063,0.0063,0
passage_f0491f499d3f8091,3623364020,official_announcement,65,2,0,0,0,0,0,0,0,0,0,0,3.0769,0.0,0.0,0.0,0.0,0.0,0.0,0.0,0.0,0.0,0.0,raw_and_baseline_adjusted,-0.0063,0.0063,0,-3.5338,3.5338,0,0.0,0.0,0,-0.1288,0.1288,0,-0.204,0.204,0,-0.0189,0.0189,0,0.0,0.0,0,2.5248,0.5521,0,0.0,0.0,0,-0.1347,0.1347,0,-0.0063,0.0063,0
passage_f2d99d9d28273e6d,3939905020,official_announcement,49,0,0,0,0,0,0,0,0,0,0,0,0.0,0.0,0.0,0.0,0.0,0.0,0.0,0.0,0.0,0.0,0.0,raw_and_baseline_adjusted,-0.0063,0.0063,0,-3.5338,3.5338,0,0.0,0.0,0,-0.1288,0.1288,0,-0.204,0.204,0,-0.0189,0.0189,0,0.0,0.0,0,-0.5521,0.5521,0,0.0,0.0,0,-0.1347,0.1347,0,-0.0063,0.0063,0
passage_f3de41039e0c29fc,3727571020,official_announcement,106,0,0,0,3,0,0,0,0,0,0,0,0.0,0.0,0.0,2.8302,0.0,0.0,0.0,0.0,0.0,0.0,0.0,raw_and_baseline_adjusted,-0.0063,0.0063,0,-3.5338,3.5338,0,0.0,0.0,0,-0.1288,0.1288,0,2.6262,0.204,0,-0.0189,0.0189,0,0.0,0.0,0,-0.5521,0.5521,0,0.0,0.0,0,-0.1347,0.1347,0,-0.0063,0.0063,0
passage_f8e0a9f868de0e8f,3767523020,official_announcement,34,0,0,0,0,0,0,0,0,0,0,0,0.0,0.0,0.0,0.0,0.0,0.0,0.0,0.0,0.0,0.0,0.0,raw_and_baseline_adjusted,-0.0063,0.0063,0,-3.5338,3.5338,0,0.0,0.0,0,-0.1288,0.1288,0,-0.204,0.204,0,-0.0189,0.0189,0,0.0,0.0,0,-0.5521,0.5521,0,0.0,0.0,0,-0.1347,0.1347,0,-0.0063,0.0063,0
passage_fbc9df1cbeb51993,3727571020,official_announcement,109,0,0,4,1,0,0,0,0,0,0,1,0.0,0.0,3.6697,0.9174,0.0,0.0,0.0,0.0,0.0,0.0,0.9174,raw_and_baseline_adjusted,-0.0063,0.0063,0,-2.6164,3.5338,0,0.0,0.0,0,3.5409,0.1288,0,0.7134,0.204,0,-0.0189,0.0189,0,0.0,0.0,0,-0.5521,0.5521,0,0.0,0.0,0,-0.1347,0.1347,0,-0.0063,0.0063,0
passage_fe9576f3890637fc,3767523020,official_announcement,12,0,0,0,0,0,0,0,0,0,0,0,0.0,0.0,0.0,0.0,0.0,0.0,0.0,0.0,0.0,0.0,0.0,raw_and_baseline_adjusted,-0.0063,0.0063,0,-3.5338,3.5338,0,0.0,0.0,0,-0.1288,0.1288,0,-0.204,0.204,0,-0.0189,0.0189,0,0.0,0.0,0,-0.5521,0.5521,0,0.0,0.0,0,-0.1347,0.1347,0,-0.0063,0.0063,0
