passage_id,deal_id,document_id,accession_number,document_type,document_family,source_url,heading,block_start,block_end,char_start,char_end,text,model_text,token_count,screen_terms,content_sha256,duplicate_group_id,occurrence_count
passage_04fd3d2318ca0670,3767523020,supp_1850451931a95a19,,official_company_announcement,official_announcement,https://www.zebra.com/us/en/about-zebra/newsroom/press-releases/2021/zebra-technologies-to-acquire-fetch-robotics.html,,764,764,27024,27130,Zebra Technologies Expands Partner Network to Empower Frontline Workers with AI in Emerging Indian Markets,zebra technologies expands partner network to empower frontline workers with ai in emerging indian markets,15,workers,04fd3d2318ca0670cd36e2838048637ea8b0d2d9f7f839b7af2aee8cf952ee93,duplicate_04fd3d2318ca0670,1
passage_07d2431212e14579,3767523020,supp_1850451931a95a19,,official_company_announcement,official_announcement,https://www.zebra.com/us/en/about-zebra/newsroom/press-releases/2021/zebra-technologies-to-acquire-fetch-robotics.html,,104,104,2176,2198,Workforce Optimization,workforce optimization,2,workforce,07d2431212e145794344443bf0162a3678c551fd22e4b8cdc68835b606a5b3af,duplicate_07d2431212e14579,1
passage_0bd8ffe0aeae67ab,3767523020,supp_1850451931a95a19,,official_company_announcement,official_announcement,https://www.zebra.com/us/en/about-zebra/newsroom/press-releases/2021/zebra-technologies-to-acquire-fetch-robotics.html,,560,560,19957,20054,Nucleus Research Names Zebra Workcloud Task and Workforce Management Solutions Enterprise Leaders,nucleus research names zebra workcloud task and workforce management solutions enterprise leaders,12,workforce,0bd8ffe0aeae67ab7fab21f0ff0b2c2b05b3dcb7612ab0058e6b69fc3911ad48,duplicate_0bd8ffe0aeae67ab,1
passage_0ffe875ed0300f93,3767523020,supp_1850451931a95a19,,official_company_announcement,official_announcement,https://www.zebra.com/us/en/about-zebra/newsroom/press-releases/2021/zebra-technologies-to-acquire-fetch-robotics.html,,1445,1445,50532,50614,Zebra Technologies and Its Channel Partners Continue to Support Front-Line Workers,zebra technologies and its channel partners continue to support front-line workers,11,workers,0ffe875ed0300f93f92b5c34fa1ec056a754fa930206286e346480e265d25c19,duplicate_0ffe875ed0300f93,1
passage_10e11e9997aaae70,3767523020,supp_1850451931a95a19,,official_company_announcement,official_announcement,https://www.zebra.com/us/en/about-zebra/newsroom/press-releases/2021/zebra-technologies-to-acquire-fetch-robotics.html,,563,563,20076,20178,Zebra Technologies Empowers Frontline Workers with New DNA Software Platforms and AI-Powered Solutions,zebra technologies empowers frontline workers with new dna software platforms and ai-powered solutions,13,workers,10e11e9997aaae7080b93ca390e78a95895f52df365b84c2be3ea0fe672cee22,duplicate_10e11e9997aaae70,1
passage_151a4a2dd3fbc967,3767523020,supp_1850451931a95a19,,official_company_announcement,official_announcement,https://www.zebra.com/us/en/about-zebra/newsroom/press-releases/2021/zebra-technologies-to-acquire-fetch-robotics.html,,1250,1250,43833,43900,Zebra Technologies Names Bill Burns as Next Chief Executive Officer,zebra technologies names bill burns as next chief executive officer,10,executive officer,151a4a2dd3fbc967363bc3b186f3c24755d464de7a82993f23ee870ab657df2e,duplicate_151a4a2dd3fbc967,1
passage_1bc39d673735bfb8,3767523020,supp_1850451931a95a19,,official_company_announcement,official_announcement,https://www.zebra.com/us/en/about-zebra/newsroom/press-releases/2021/zebra-technologies-to-acquire-fetch-robotics.html,,1364,1364,47729,47810,Survey Says 95% of Bank Employees Prefer Managing Their Schedules with Mobile App,survey says numbertoken of bank employees prefer managing their schedules with mobile app,13,employees,1bc39d673735bfb805e1e202597d23f708f9c5f7b91fa8a6998049d63010672d,duplicate_1bc39d673735bfb8,1
passage_215c6c7df4fb7b17,3153170020,supp_6bb6449c48074311,,official_company_announcement,official_announcement,https://www.hubspot.com/company-news/hubspot-acquires-motion-ai-one-of-the-top-visual-chatbot-builders,,37,37,3333,3766,"""Motion AI was born out of the idea that anyone, regardless of their level of tech knowledge, should be able to build a chatbot. We believe that this aligns well with HubSpot's mission of creating technology that helps businesses address and adapt to the latest trends,"" said David Nelson, founder and CEO of Motion AI. ""We're excited to be joining the HubSpot team, and can't wait to get to work on some really innovative AI tools.""",motion ai was born out of the idea that anyone regardless of their level of tech knowledge should be able to build a chatbot we believe that this aligns well with hubspot's mission of creating technology that helps businesses address and adapt to the latest trends said david nelson founder and ceo of motion ai we're excited to be joining the hubspot team and can't wait to get to work on some really innovative ai tools,76,founder,215c6c7df4fb7b172277326d1d0d3538d086b27317b14bd6378b1bc6a222ecb7,duplicate_215c6c7df4fb7b17,1
passage_2370eb8b672cf483,3767523020,supp_1850451931a95a19,,official_company_announcement,official_announcement,https://www.zebra.com/us/en/about-zebra/newsroom/press-releases/2021/zebra-technologies-to-acquire-fetch-robotics.html,,336,336,10884,10922,Workcloud Workforce Optimization Suite,workcloud workforce optimization suite,4,workforce,2370eb8b672cf483d36d204d10b53d737c947d2af7af246f1a876446ecdb3b09,duplicate_2370eb8b672cf483,1
passage_243beb2712293a24,3939905020,supp_e28fecde52a19db4,,official_company_announcement,official_announcement,https://www.glia.com/news/glia-acquires-finn-ai,,33,33,4617,5956,"been able to achieve widespread adoption on their own,” said Dan Michaeli, co-founder and CEO of Glia. “Glia’s large and rapidly growing customer base , combined with solid financial backing to accelerate the pace of innovation, immediately brings that scale. Finn AI is a strong fit for Glia based on its technology, market approach and company culture. We are thrilled to welcome the Finn AI team to Glia,” Michaeli continued. It was apparent when Finn AI first launched its banking-focused virtual assistant for Glia’s DCS platform in 2020 that the two companies shared a vision. “Our vertical approach and tight integration with Glia helps financial institutions reduce the costs, extensive training and development time typically required for general AI platforms. Now as part of Glia, we will have the scale to deliver automation solutions to the market as part of a seamless Digital Customer Service platform that delivers the best of both self-service and human assistance when and where it is most convenient for customers. With our existing integration and satisfied joint customers, we will hit the ground running. This is an exciting next step in our journey and we couldn’t be happier to be a part of Glia” said Jake Tyler, co-founder and CEO of Finn AI. Glia will maintain and expand the presence in the Finn AI Canada office",been able to achieve widespread adoption on their own said dan michaeli co-founder and ceo of glia glia's large and rapidly growing customer base combined with solid financial backing to accelerate the pace of innovation immediately brings that scale finn ai is a strong fit for glia based on its technology market approach and company culture we are thrilled to welcome the finn ai team to glia michaeli continued it was apparent when finn ai first launched its banking-focused virtual assistant for glia's dcs platform in numbertoken that the two companies shared a vision our vertical approach and tight integration with glia helps financial institutions reduce the costs extensive training and development time typically required for general ai platforms now as part of glia we will have the scale to deliver automation solutions to the market as part of a seamless digital customer service platform that delivers the best of both self-service and human assistance when and where it is most convenient for customers with our existing integration and satisfied joint customers we will hit the ground running this is an exciting next step in our journey and we couldn't be happier to be a part of glia said jake tyler co-founder and ceo of finn ai glia will maintain and expand the presence in the finn ai canada office,220,founder,243beb2712293a24fc6b8426c3697177350ecee0ac49831443529aa335cb41ec,duplicate_243beb2712293a24,1
passage_2958eb660ddb6681,3767523020,supp_1850451931a95a19,,official_company_announcement,official_announcement,https://www.zebra.com/us/en/about-zebra/newsroom/press-releases/2021/zebra-technologies-to-acquire-fetch-robotics.html,,1448,1448,50636,50716,Sogegross Group Increases Front-Line Worker Productivity With Zebra Technologies,sogegross group increases front-line worker productivity with zebra technologies,9,worker,2958eb660ddb6681edea90c5a580983e8526ae00297f53f0a696a73163fe9691,duplicate_2958eb660ddb6681,1
passage_29a9ba25f48663f5,3767523020,supp_1850451931a95a19,,official_company_announcement,official_announcement,https://www.zebra.com/us/en/about-zebra/newsroom/press-releases/2021/zebra-technologies-to-acquire-fetch-robotics.html,,209,209,5769,5921,Zebra's range of mobile computers equip your workforce with the devices they need from handhelds and tablets to wearables and vehicle-mounted computers.,zebra's range of mobile computers equip your workforce with the devices they need from handhelds and tablets to wearables and vehicle-mounted computers,22,workforce,29a9ba25f48663f5f23fd956534c98af9b19ba3645d8753eacd5b6ce64fef2da,duplicate_29a9ba25f48663f5,1
passage_2cf3c77a8aa72614,3153170020,supp_6bb6449c48074311,,official_company_announcement,official_announcement,https://www.hubspot.com/company-news/hubspot-acquires-motion-ai-one-of-the-top-visual-chatbot-builders,,104,104,5748,5763,Management Team,management team,2,management team,2cf3c77a8aa726147bd3a2dc5c8597eae4d3479a1830884ebb080f3c64233031,duplicate_2cf3c77a8aa72614,2
passage_2ffc7e5b56643e2b,3767523020,supp_1850451931a95a19,,official_company_announcement,official_announcement,https://www.zebra.com/us/en/about-zebra/newsroom/press-releases/2021/zebra-technologies-to-acquire-fetch-robotics.html,,755,755,26688,26786,Zebra Recognized as a Leader in Nucleus Research 2025 Workforce Management Technology Value Matrix,zebra recognized as a leader in nucleus research numbertoken workforce management technology value matrix,14,workforce,2ffc7e5b56643e2bb6f183ccda1f6516af48734ec05f5b581e46a3054ca8367c,duplicate_2ffc7e5b56643e2b,1
passage_3c8b0198869c1ac7,3767523020,supp_1850451931a95a19,,official_company_announcement,official_announcement,https://www.zebra.com/us/en/about-zebra/newsroom/press-releases/2021/zebra-technologies-to-acquire-fetch-robotics.html,,782,782,27680,27773,Zebra Technologies to Showcase Solutions Designed to Empower Healthcare Workers at HIMSS 2025,zebra technologies to showcase solutions designed to empower healthcare workers at himss numbertoken,13,workers,3c8b0198869c1ac79c599640ab913af946683c91c9fff05747a874841fa90795,duplicate_3c8b0198869c1ac7,1
passage_4204551be0436452,3939905020,supp_e28fecde52a19db4,,official_company_announcement,official_announcement,https://www.glia.com/news/glia-acquires-finn-ai,,10,10,698,781,Deposit Growth & Retention Win deposits and keep customers happy with fast service.,deposit growth retention win deposits and keep customers happy with fast service,12,retention,4204551be04364523a683a327bfcda9f555945f9f755925152745550966c6af6,duplicate_4204551be0436452,1
passage_46c26553e663b974,3984774040,supp_27bba806dccbb131,,primary_sec_filing,official_announcement,https://www.sec.gov/Archives/edgar/data/1745317/000119312522281315/d413040d425.htm,,209,209,50769,52100,"Ouster, Velodyne and their respective directors, executive officers and certain employees and other persons may be deemed to be participants in the solicitation of proxies from the stockholders of Ouster and Velodyne in connection with the proposed transaction. Securityholders may obtain information regarding the names, affiliations and interests of Ouster’s directors and executive officers in Ouster’s Annual Report on Form 10-K for the fiscal year ended December 31, 2021, which was filed with the SEC on February 28, 2022, and its definitive proxy statement for the 2022 annual meeting of stockholders, which was filed with the SEC on April 27, 2022. Securityholders may obtain information regarding the names, affiliations and interests of Velodyne’s directors and executive officers in Velodyne’s definitive proxy statement for the 2022 annual meeting of stockholders, which was filed with the SEC on April 29, 2022. Additional information regarding the interests of such individuals in the proposed transaction will be included in the Joint Proxy Statement/Prospectus relating to the proposed transaction when it is filed with the SEC. These documents (when available) may be obtained free of charge from the SEC’s website at www.sec.gov, Ouster’s website at www.ouster.com and Velodyne’s website at www.velodynelidar.com.",ouster velodyne and their respective directors executive officers and certain employees and other persons may be deemed to be participants in the solicitation of proxies from the stockholders of ouster and velodyne in connection with the proposed transaction securityholders may obtain information regarding the names affiliations and interests of ouster's directors and executive officers in ouster's annual report on form numbertoken -k for the fiscal year ended december numbertoken numbertoken which was filed with the sec on february numbertoken numbertoken and its definitive proxy statement for the numbertoken annual meeting of stockholders which was filed with the sec on april numbertoken numbertoken securityholders may obtain information regarding the names affiliations and interests of velodyne's directors and executive officers in velodyne's definitive proxy statement for the numbertoken annual meeting of stockholders which was filed with the sec on april numbertoken numbertoken additional information regarding the interests of such individuals in the proposed transaction will be included in the joint proxy statement prospectus relating to the proposed transaction when it is filed with the sec these documents when available may be obtained free of charge from the sec's website at www sec gov ouster's website at www ouster com and velodyne's website at www velodynelidar com,203,employees; executive officer,46c26553e663b974d95ffba8a38ad98df3aa6ce34f9de432bff82ef3c9269399,duplicate_46c26553e663b974,1
passage_47b20fe4d63ccae0,3257183040,supp_2d6e94103484791d,,official_company_press_release_distributor,official_announcement,https://www.prnewswire.com/news-releases/leanplum-acquires-connecto-a-conversational-marketing-company-300668664.html,,112,112,2532,2555,Personnel Announcements,personnel announcements,2,personnel,47b20fe4d63ccae02babc2656eb3299cc7f465c411fad808abed762a0d3d850a,duplicate_47b20fe4d63ccae0,1
passage_47c22e2904d71f3f,3348911020,supp_4b9aa9fc3ba3f604,,official_company_announcement,official_announcement,https://sensory.com/news/sensory-acquires-vocalize-ai-for-speech-technology-testing-capabilities/,,173,173,6143,6156,Founder & CEO,founder ceo,2,founder,47c22e2904d71f3fa2923c914af0774b8a481cc7390feabdb8c601432e01bb73,duplicate_47c22e2904d71f3f,1
passage_4cc3d2a5e68feaff,3767523020,supp_1850451931a95a19,,official_company_announcement,official_announcement,https://www.zebra.com/us/en/about-zebra/newsroom/press-releases/2021/zebra-technologies-to-acquire-fetch-robotics.html,,1145,1145,40137,40225,Zebra Named Leader In 2023 Nucleus Research Workforce Management Technology Value Matrix,zebra named leader in numbertoken nucleus research workforce management technology value matrix,12,workforce,4cc3d2a5e68feaff5eecd83a49b8fa47cc8c720634d52a94939ea21f32c435ad,duplicate_4cc3d2a5e68feaff,1
passage_56d4e1a500d9b445,3257183040,supp_2d6e94103484791d,,official_company_press_release_distributor,official_announcement,https://www.prnewswire.com/news-releases/leanplum-acquires-connecto-a-conversational-marketing-company-300668664.html,,409,409,9767,11345,"Emerging real-time interaction technologies like voice assistants and bots are championing a marketing shift from one-way broadcasts to two-way conversations,"" said Momchil Kyurkchiev, co-founder and CEO of Leanplum. ""Meaningful relationships between brands and their customers require real-time engagement, across multiple channels, and at different stages of the user journey — all in an automated fashion. With this acquisition, we are excited to strengthen Leanplum's leadership as the real-time engagement platform for forward-looking brands."" Connecto was founded by industry veterans Vassil Popovski (CEO), Radoslav Nikolov (CTO), and Vladimir Rusev (CRO). This acquisition will fuel innovation in AI, machine learning, natural language processing, and advanced algorithms across the Leanplum platform. ""Leanplum and Connecto share a common mission to help brands create lasting relationships with the context, relevance, and impact that customers demand,"" said Vassil Popovski , CEO at Connecto. ""After becoming a key player in Rakuten Viber's bot ecosystem and partnering with brands such as Coca-Cola and Visa, we are excited to integrate our extensive IP for Natural Language Processing and sentiment analysis into Leanplum's leading mobile engagement platform."" Leanplum is building the next generation marketing cloud , leveraging the unique power of mobile to help brands drive deep and meaningful customer relationships. Capturing more than 24 billion mobile data points daily and delivering over 50 million messages every hour, the Leanplum platform provides the",emerging real-time interaction technologies like voice assistants and bots are championing a marketing shift from one-way broadcasts to two-way conversations said momchil kyurkchiev co-founder and ceo of leanplum meaningful relationships between brands and their customers require real-time engagement across multiple channels and at different stages of the user journey all in an automated fashion with this acquisition we are excited to strengthen leanplum's leadership as the real-time engagement platform for forward-looking brands connecto was founded by industry veterans vassil popovski ceo radoslav nikolov cto and vladimir rusev cro this acquisition will fuel innovation in ai machine learning natural language processing and advanced algorithms across the leanplum platform leanplum and connecto share a common mission to help brands create lasting relationships with the context relevance and impact that customers demand said vassil popovski ceo at connecto after becoming a key player in rakuten viber's bot ecosystem and partnering with brands such as coca-cola and visa we are excited to integrate our extensive ip for natural language processing and sentiment analysis into leanplum's leading mobile engagement platform leanplum is building the next generation marketing cloud leveraging the unique power of mobile to help brands drive deep and meaningful customer relationships capturing more than numbertoken billion mobile data points daily and delivering over numbertoken million messages every hour the leanplum platform provides the,220,founder,56d4e1a500d9b44591ca3980db24cb6480cee2605a5c623c520033b0f570e05c,duplicate_56d4e1a500d9b445,1
passage_57b4e08be826d747,3767523020,supp_1850451931a95a19,,official_company_announcement,official_announcement,https://www.zebra.com/us/en/about-zebra/newsroom/press-releases/2021/zebra-technologies-to-acquire-fetch-robotics.html,,2018,2018,68513,68604,IKI Selects Reflexis Systems Intelligent Workforce Management to Optimize Labour Efficiency,iki selects reflexis systems intelligent workforce management to optimize labour efficiency,11,workforce; labour,57b4e08be826d7478ebdc984ef7b038bab09517c4ee1c402a80e42a81b16dd9b,duplicate_57b4e08be826d747,1
passage_5b9ea1ff628a1d67,3767523020,supp_1850451931a95a19,,official_company_announcement,official_announcement,https://www.zebra.com/us/en/about-zebra/newsroom/press-releases/2021/zebra-technologies-to-acquire-fetch-robotics.html,,347,347,11694,11859,"Drive down costs while driving up employee, security, and network performance with software designed to enhance Zebra's wireless infrastructure and mobile solutions.",drive down costs while driving up employee security and network performance with software designed to enhance zebra's wireless infrastructure and mobile solutions,22,employee,5b9ea1ff628a1d67ebdd37ee0b1252fe905cd6d1ccd349cf9a5a21ab57bc60e8,duplicate_5b9ea1ff628a1d67,1
passage_5c8cb89d9f16a1da,3767523020,supp_1850451931a95a19,,official_company_announcement,official_announcement,https://www.zebra.com/us/en/about-zebra/newsroom/press-releases/2021/zebra-technologies-to-acquire-fetch-robotics.html,,779,779,27562,27658,Zebra Study: 79% of Bank Employees Say Streamlining Administrative Tasks Boosts Job Satisfaction,zebra study numbertoken of bank employees say streamlining administrative tasks boosts job satisfaction,13,employees,5c8cb89d9f16a1da1d0fc0dda654ea6f4e85a20dfafc439db21a359eac2bcd44,duplicate_5c8cb89d9f16a1da,1
passage_5d4b855751cf2fbf,3201487020,supp_afd5f3e53a041df6,,official_company_announcement,official_announcement,https://www.smartsheet.com/content-center/news/smartsheet-announces-converseai-natural-language-automation-acquisition,,123,123,4695,5264,"Following Smartsheet’s recent unveiling of new automation features to accelerate workplace productivity, the Converse.AI acquisition represents another step forward in the company’s long-held philosophy of “practical innovation”— empowering knowledge workers to build and manage powerful workflow and automation solutions, irrespective of their technical prowess. The Converse.AI Chatflow technology, launched in 2016, is a workflow orchestration engine that enables business users to easily build and manage bots—via a drag-and-drop interface—without writing any code.",following smartsheet's recent unveiling of new automation features to accelerate workplace productivity the converse ai acquisition represents another step forward in the company's long-held philosophy of practical innovation empowering knowledge workers to build and manage powerful workflow and automation solutions irrespective of their technical prowess the converse ai chatflow technology launched in numbertoken is a workflow orchestration engine that enables business users to easily build and manage bots via a drag-and-drop interface without writing any code,76,workers,5d4b855751cf2fbfb46ae6eb854fdc37eff5dd621da9cc9dd2d7bf3699f90ce1,duplicate_5d4b855751cf2fbf,1
passage_6165a0701c7135a5,3767523020,supp_1850451931a95a19,,official_company_announcement,official_announcement,https://www.zebra.com/us/en/about-zebra/newsroom/press-releases/2021/zebra-technologies-to-acquire-fetch-robotics.html,,1697,1697,58521,58632,Zebra Technologies Improves Worker Productivity with Its First Individually Assigned Enterprise Mobile Computer,zebra technologies improves worker productivity with its first individually assigned enterprise mobile computer,13,worker,6165a0701c7135a5cf309e05d29023b4e1475bbd62ad4c0a8432adc9af988e79,duplicate_6165a0701c7135a5,1
passage_63175763f5942696,3984774040,supp_27bba806dccbb131,,primary_sec_filing,official_announcement,https://www.sec.gov/Archives/edgar/data/1745317/000119312522281315/d413040d425.htm,,23,23,1368,1425,Jordan M. Darrow Darrow Associates Inc. - Founder and CEO,jordan m darrow darrow associates inc - founder and ceo,9,founder,63175763f594269656f5096a50617060da7ab1de9b4285050f1a89e350f32626,duplicate_63175763f5942696,1
passage_68a024fb024bc605,3767523020,supp_1850451931a95a19,,official_company_announcement,official_announcement,https://www.zebra.com/us/en/about-zebra/newsroom/press-releases/2021/zebra-technologies-to-acquire-fetch-robotics.html,,1373,1373,48034,48127,Zebra Technologies Empowers Front-Line Workers with Next-Generation Mobile Computing Solution,zebra technologies empowers front-line workers with next-generation mobile computing solution,10,workers,68a024fb024bc6052aeb571e11d7a214616d32f56ab450d79d14e8b231938527,duplicate_68a024fb024bc605,1
passage_6c4d292ed3b7acfd,3153170020,supp_6bb6449c48074311,,official_company_announcement,official_announcement,https://www.hubspot.com/company-news/hubspot-acquires-motion-ai-one-of-the-top-visual-chatbot-builders,,34,34,1700,2230,"“It’s impossible to ignore the impact of chat and messaging, not just on the way B2B companies operate, but on society as a whole. We’re in the midst of a massive shift as businesses embrace this new platform and consumers come to expect more immediate, always-on communication from brands,” said Brian Halligan, co-founder and CEO of HubSpot. “HubSpot’s mission has always been to build technology that helps SMBs grow and evolve with changing consumer behaviors, and acquiring Motion AI is another great step in that direction.”",it's impossible to ignore the impact of chat and messaging not just on the way b2b companies operate but on society as a whole we're in the midst of a massive shift as businesses embrace this new platform and consumers come to expect more immediate always-on communication from brands said brian halligan co-founder and ceo of hubspot hubspot's mission has always been to build technology that helps smbs grow and evolve with changing consumer behaviors and acquiring motion ai is another great step in that direction,86,founder,6c4d292ed3b7acfdd98583b2784cf97b4a488dd81cd1e2c77ed551374e3f0f1d,duplicate_6c4d292ed3b7acfd,1
passage_6d3ecd439b83874c,3947466040,supp_cedfc0619ce50a42,,official_company_announcement,official_announcement,https://newsroom.ibm.com/2022-07-06-IBM-Aims-to-Capture-Growing-Market-Opportunity-for-Data-Observability-with-Databand-ai-Acquisition,,46,46,5680,5991,"Headquartered in Tel Aviv, Israel , Databand.ai employees will join IBM Data and AI, further building on IBM's growing portfolio of Data and AI products, including its IBM Watson capabilities and IBM Cloud Pak for Data. Financial details of the deal were not disclosed. The acquisition closed on June 27, 2022 .",headquartered in tel aviv israel databand ai employees will join ibm data and ai further building on ibm's growing portfolio of data and ai products including its ibm watson capabilities and ibm cloud pak for data financial details of the deal were not disclosed the acquisition closed on june numbertoken numbertoken,51,employees,6d3ecd439b83874cde729e8660a60283ae430ca528b2d3de3443dc5418f17fa8,duplicate_6d3ecd439b83874c,1
passage_6d5b73b4b3d18264,3078525020,supp_327ff1ecfdd9a623,,official_company_announcement,official_announcement,https://blog.google/innovation-and-ai/infrastructure-and-cloud/google-cloud/100-announcements-google-cloud-next-17/,,247,247,21816,23249,"Attendees at Google Cloud Next ‘17 heard stories from many of our valued customers: 59. Colgate - Colgate-Palmolive partnered with Google Cloud and SAP to bring thousands of employees together through G Suite collaboration and productivity tools. The company deployed G Suite to 28,000 employees in less than six months. 60. Disney Consumer Products & Interactive (DCPI) - DCPI is on target to migrate out of its legacy infrastructure this year, and is leveraging machine learning to power next generation guest experiences. 61. eBay - eBay uses Google Cloud technologies including Google Container Engine, Machine Learning and AI for its ShopBot , a personal shopping bot on Facebook Messenger. 62. HSBC - HSBC is one of the world's largest financial and banking institutions and making a large investment in transforming its global IT. The company is working closely with Google to deploy Cloud DataFlow, BigQuery and other data services to power critical proof of concept projects. 63. LUSH - LUSH migrated its global e-commerce site from AWS to GCP in less than six weeks, significantly improving the reliability and stability of its site. LUSH benefits from GCP’s ability to scale as transaction volume surges, which is critical for a retail business. In addition, Google's commitment to renewable energy sources aligns with LUSH's ethical principles. 64. Oden Technologies - Oden was part of Google Cloud’s startup program, and",attendees at google cloud next numbertoken heard stories from many of our valued customers numbertoken colgate - colgate-palmolive partnered with google cloud and sap to bring thousands of employees together through g suite collaboration and productivity tools the company deployed g suite to numbertoken employees in less than six months numbertoken disney consumer products interactive dcpi - dcpi is on target to migrate out of its legacy infrastructure this year and is leveraging machine learning to power next generation guest experiences numbertoken ebay - ebay uses google cloud technologies including google container engine machine learning and ai for its shopbot a personal shopping bot on facebook messenger numbertoken hsbc - hsbc is one of the world's largest financial and banking institutions and making a large investment in transforming its global it the company is working closely with google to deploy cloud dataflow bigquery and other data services to power critical proof of concept projects numbertoken lush - lush migrated its global e-commerce site from aws to gcp in less than six weeks significantly improving the reliability and stability of its site lush benefits from gcp's ability to scale as transaction volume surges which is critical for a retail business in addition google's commitment to renewable energy sources aligns with lush's ethical principles numbertoken oden technologies - oden was part of google cloud's startup program and,220,employees,6d5b73b4b3d18264ce7fa672387b33ac033633c71c3ec6f1d0e2e77a50140bee,duplicate_6d5b73b4b3d18264,1
passage_72378914b191a65a,3767523020,supp_1850451931a95a19,,official_company_announcement,official_announcement,https://www.zebra.com/us/en/about-zebra/newsroom/press-releases/2021/zebra-technologies-to-acquire-fetch-robotics.html,,1337,1337,46822,46900,First Tech Federal Credit Union Selects Zebra Technologies to Digitize Banking,first tech federal credit union selects zebra technologies to digitize banking,11,union,72378914b191a65a3747e2a7ec425fe03ff26bd1e33f9bd7d5946186f21ba580,duplicate_72378914b191a65a,1
passage_7ef6fd7ccffe6fd9,3939905020,supp_e28fecde52a19db4,,official_company_announcement,official_announcement,https://www.glia.com/news/glia-acquires-finn-ai,,16,16,980,1381,"Automate inquiries, empower your team with knowledge, and unlock instant insights. Glia Banker Automate up to 80% of banking inquiries Glia Outreach Automate campaigns for loans, payments, renewals, and more Glia CoPilot Grow assets and empower your team with knowledge Glia Analyst Elevate coaching & workforce planning Glia Agentic Workflows Automate complex banking tasks with agentic AI Glia Voice",automate inquiries empower your team with knowledge and unlock instant insights glia banker automate up to numbertoken of banking inquiries glia outreach automate campaigns for loans payments renewals and more glia copilot grow assets and empower your team with knowledge glia analyst elevate coaching workforce planning glia agentic workflows automate complex banking tasks with agentic ai glia voice,58,workforce,7ef6fd7ccffe6fd93e90a4ef062fe5a6a9c912aa9e756fbee0baf6e62703381e,duplicate_7ef6fd7ccffe6fd9,1
passage_7f859f48f7729ac3,3947466040,supp_cedfc0619ce50a42,,official_company_announcement,official_announcement,https://newsroom.ibm.com/2022-07-06-IBM-Aims-to-Capture-Growing-Market-Opportunity-for-Data-Observability-with-Databand-ai-Acquisition,,45,45,5166,5679,"""You can't protect what you can't see, and when the data platform is ineffective, everyone is impacted –including customers,"" said Josh Benamram , Co-Founder and CEO, Databand.ai. ""That's why global brands such as FanDuel, Agoda and Trax Retail already rely on Databand.ai to remove bad data surprises by detecting and resolving them before they create costly business impacts. Joining IBM will help us scale our software and significantly accelerate our ability to meet the evolving needs of enterprise clients.""",you can't protect what you can't see and when the data platform is ineffective everyone is impacted including customers said josh benamram co-founder and ceo databand ai that's why global brands such as fanduel agoda and trax retail already rely on databand ai to remove bad data surprises by detecting and resolving them before they create costly business impacts joining ibm will help us scale our software and significantly accelerate our ability to meet the evolving needs of enterprise clients,80,founder,7f859f48f7729ac302152d831b049ec325543663483150cbc0ae5c56e9b0c29d,duplicate_7f859f48f7729ac3,1
passage_8b5ef75354ae837c,3939905020,supp_e28fecde52a19db4,,official_company_announcement,official_announcement,https://www.glia.com/news/glia-acquires-finn-ai,,34,34,5958,7468,"establishing a “Conversational AI Center of Excellence.” The strong presence in Canada aligns with Glia’s global expansion strategy. The Finn AI leadership team will assume leadership positions within Glia to further develop AI automation and virtual assistant solutions for the Glia DCS platform. About Finn AI Founded in 2014, Finn AI is the leading AI-powered virtual assistant platform for banks and credit unions. Finn AI’s turnkey virtual assistant makes banking easier and more convenient for customers while delivering the operational efficiencies and cost savings of conversational AI. Finn AI has partnered with major FIs including ATB Financial, BECU, United Federal Credit Union, EQ Bank, Civista Bank, Truist Momentum and more. For more information, visit http://www.finn.ai . ‍ About Glia Glia is reinventing how businesses support their customers in a digital world. Glia's Digital Customer Service (DCS) solution enriches web and mobile experiences with digital communication choices, on-screen collaboration, and AI-enabled assistance. Glia has partnered with over 300 banks, credit unions, insurance companies and other financial institutions worldwide to improve the customer experience and drive business results. Named both a Deloitte Technology Fast 500TM company and a Great Place to Work (with a 97% employee satisfaction rating) for a second year in a row, Glia continues to achieve broad industry recognition and customer service thought leadership including publishing the definitive",establishing a conversational ai center of excellence the strong presence in canada aligns with glia's global expansion strategy the finn ai leadership team will assume leadership positions within glia to further develop ai automation and virtual assistant solutions for the glia dcs platform about finn ai founded in numbertoken finn ai is the leading ai-powered virtual assistant platform for banks and credit unions finn ai's turnkey virtual assistant makes banking easier and more convenient for customers while delivering the operational efficiencies and cost savings of conversational ai finn ai has partnered with major fis including atb financial becu united federal credit union eq bank civista bank truist momentum and more for more information visit urltoken about glia glia is reinventing how businesses support their customers in a digital world glia's digital customer service dcs solution enriches web and mobile experiences with digital communication choices on-screen collaboration and ai-enabled assistance glia has partnered with over numbertoken banks credit unions insurance companies and other financial institutions worldwide to improve the customer experience and drive business results named both a deloitte technology fast 500tm company and a great place to work with a numbertoken employee satisfaction rating for a second year in a row glia continues to achieve broad industry recognition and customer service thought leadership including publishing the definitive,220,employee; union,8b5ef75354ae837ca13e2fd38d20086c795388a09a13995096af4b0eb400e06a,duplicate_8b5ef75354ae837c,1
passage_949618066d7a7221,3767523020,supp_1850451931a95a19,,official_company_announcement,official_announcement,https://www.zebra.com/us/en/about-zebra/newsroom/press-releases/2021/zebra-technologies-to-acquire-fetch-robotics.html,,1958,1958,66765,66866,Zebra Technologies Introduces Five Rugged Mobile Computers to Increase Front-Line Worker Productivity,zebra technologies introduces five rugged mobile computers to increase front-line worker productivity,12,worker,949618066d7a72212c0f7475877d11580d8ca0de43253082d55087dc65fc9f97,duplicate_949618066d7a7221,1
passage_98e566a20b2a9e14,3201487020,supp_afd5f3e53a041df6,,official_company_announcement,official_announcement,https://www.smartsheet.com/content-center/news/smartsheet-announces-converseai-natural-language-automation-acquisition,,130,130,7666,7839,"Headquartered in Bellevue, Washington, Smartsheet has more than 760 employees in its Bellevue and Boston offices as of January 2018. To learn more, visit www.Smartsheet.com.",headquartered in bellevue washington smartsheet has more than numbertoken employees in its bellevue and boston offices as of january numbertoken to learn more visit www smartsheet com,27,employees,98e566a20b2a9e14f35352ec9815a30704fb3dad2f689b9ca2a00cf5ec6be124,duplicate_98e566a20b2a9e14,1
passage_a003b89be13ba97b,3701621020,supp_de9d737d2dd430ac,,official_company_announcement,official_announcement,https://www.algolia.com/blog/algolia/i-co-founded-the-ai-company-that-joined-algolia,,270,270,5101,5720,"On October 21st, 2020, just as my MorphL co-founder Alexandra and I were getting ready to sign a term sheet from an investor, I was looking at our product registrations in HubSpot, and noticed that both the CTO and the VP of Engineering of Algolia signed up for our product on the same day. This, of course, raised a few questions in my head, so I opted for a direct approach: I emailed to welcome them to the product personally, and offered a demo. In our first conversation, Julien and Sylvain were both candid about their interest in joining forces, and we wasted no time in exploring product, value, and market fit.",on october 21st numbertoken just as my morphl co-founder alexandra and i were getting ready to sign a term sheet from an investor i was looking at our product registrations in hubspot and noticed that both the cto and the vp of engineering of algolia signed up for our product on the same day this of course raised a few questions in my head so i opted for a direct approach i emailed to welcome them to the product personally and offered a demo in our first conversation julien and sylvain were both candid about their interest in joining forces and we wasted no time in exploring product value and market fit,112,founder,a003b89be13ba97b043ad009a21743e3ecabd35bb9da0f4c9947bf8cb8128d14,duplicate_a003b89be13ba97b,1
passage_a0f9acef0fdc5332,3767523020,supp_1850451931a95a19,,official_company_announcement,official_announcement,https://www.zebra.com/us/en/about-zebra/newsroom/press-releases/2021/zebra-technologies-to-acquire-fetch-robotics.html,,947,947,33370,33458,Zebra Named Leader in 2024 Nucleus Research Workforce Management Technology Value Matrix,zebra named leader in numbertoken nucleus research workforce management technology value matrix,12,workforce,a0f9acef0fdc533260a1ddb3c761aedaf266373fd1f11f780e176ba963112934,duplicate_a0f9acef0fdc5332,1
passage_a25496ff66f1efd7,3767523020,supp_1850451931a95a19,,official_company_announcement,official_announcement,https://www.zebra.com/us/en/about-zebra/newsroom/press-releases/2021/zebra-technologies-to-acquire-fetch-robotics.html,,1244,1244,43633,43720,"Britain’s Warehouse and Retail Workers Say Technology Makes Jobs Easier, More Enjoyable",britain's warehouse and retail workers say technology makes jobs easier more enjoyable,12,workers,a25496ff66f1efd7d951cb77765e26f3681934bd3d6bea24beb005073bf0b70f,duplicate_a25496ff66f1efd7,1
passage_a6761b7d152f05b0,3257183040,supp_2d6e94103484791d,,official_company_press_release_distributor,official_announcement,https://www.prnewswire.com/news-releases/leanplum-acquires-connecto-a-conversational-marketing-company-300668664.html,,273,273,6293,6306,Labor & Union,labor union,2,labor; union,a6761b7d152f05b05897335febcfa93df51fc1c600d7b11bd4b9832e19338c14,duplicate_a6761b7d152f05b0,1
passage_a97eade5682dd512,3701621020,supp_de9d737d2dd430ac,,official_company_announcement,official_announcement,https://www.algolia.com/blog/algolia/i-co-founded-the-ai-company-that-joined-algolia,,273,273,5957,6642,"MorphL is the third company my co-founder Alexandra Anghel and I started together. We share an entrepreneurial spirit that had us founding a web dev agency in college. While we successfully grew it into a 15-people company, we also both yearned for creating a product. In 2010, our first startup was selected by a tech accelerator in Copenhagen, and while it wasn’t a full-blown success, it provided many gotchas and lessons that led us to founding MorphL in 2017. In September 2018, we got a free grant from the European Data Incubator and started developing MorphL SaaS, pivoting from media publishing to ecommerce, and being selected to the 2019 Techstars Montréal AI Accelerator ..",morphl is the third company my co-founder alexandra anghel and i started together we share an entrepreneurial spirit that had us founding a web dev agency in college while we successfully grew it into a numbertoken -people company we also both yearned for creating a product in numbertoken our first startup was selected by a tech accelerator in copenhagen and while it wasn't a full-blown success it provided many gotchas and lessons that led us to founding morphl in numbertoken in september numbertoken we got a free grant from the european data incubator and started developing morphl saas pivoting from media publishing to ecommerce and being selected to the numbertoken techstars montréal ai accelerator,113,founder,a97eade5682dd5129b8a82ef1c23d1fb47c516b2f54bee4b968f3f3070efe312,duplicate_a97eade5682dd512,1
passage_af3870e143af9088,3984774040,supp_27bba806dccbb131,,primary_sec_filing,official_announcement,https://www.sec.gov/Archives/edgar/data/1745317/000119312522281315/d413040d425.htm,,29,29,1773,1978,"Thank you, operator. Good afternoon, everyone, and thank you for joining us. With me on the call today are Dr. Ted Tewksbury, Velodyne’s Chief Executive Officer; and Mark Weinswig, Chief Financial Officer.",thank you operator good afternoon everyone and thank you for joining us with me on the call today are dr ted tewksbury velodyne's chief executive officer and mark weinswig chief financial officer,32,executive officer,af3870e143af9088ab8e7bac74f3cd4f811cad6a25eeab70b6f0c5172f54b5b1,duplicate_af3870e143af9088,1
passage_b5d837129601c64c,3767523020,supp_1850451931a95a19,,official_company_announcement,official_announcement,https://www.zebra.com/us/en/about-zebra/newsroom/press-releases/2021/zebra-technologies-to-acquire-fetch-robotics.html,,788,788,27869,27953,70% of Frontline Workers Report Rising Concerns with Injuries on the Warehouse Floor,numbertoken of frontline workers report rising concerns with injuries on the warehouse floor,13,workers,b5d837129601c64c9666ad6a7d2673054eae65a0c9f104ca15d2d707dc61a91b,duplicate_b5d837129601c64c,1
passage_b61a12d56792d283,3767523020,supp_1850451931a95a19,,official_company_announcement,official_announcement,https://www.zebra.com/us/en/about-zebra/newsroom/press-releases/2021/zebra-technologies-to-acquire-fetch-robotics.html,,1268,1268,44456,44546,Shoe Sensation Improves Store Execution and Labor Scheduling with Zebra Software Solutions,shoe sensation improves store execution and labor scheduling with zebra software solutions,12,labor,b61a12d56792d283b7fe96167ad86df1acd23fdbd6f6b69bd5c44af6b98b330a,duplicate_b61a12d56792d283,1
passage_b7c15ff824bee49e,3701621020,supp_f27a205c0a017de2,,official_company_press_release_distributor,official_announcement,https://www.globenewswire.com/news-release/2021/01/26/2164201/0/en/Algolia-Acquires-MorphL-Launches-AI-Powered-Predictive-Experiences-and-Personalization.html,,57,57,3899,4320,"Ciprian Borodescu, Chief Executive Officer, MorphL, added: “Many companies are trying to make it easier to use AI, but few are making it as simple as MorphL. Indeed, our mission has always been to democratize AI and to empower developers and marketers, who wish to enhance their digital offerings with a simple ‘plug and play’ building block interface for building their intent-based, omnichannel sites and applications.”",ciprian borodescu chief executive officer morphl added many companies are trying to make it easier to use ai but few are making it as simple as morphl indeed our mission has always been to democratize ai and to empower developers and marketers who wish to enhance their digital offerings with a simple plug and play' building block interface for building their intent-based omnichannel sites and applications,66,executive officer,b7c15ff824bee49ea2c3cd646d31df22b0933c8c4fc993c14c3e5b4d2ab730fe,duplicate_b7c15ff824bee49e,1
passage_bc22833d2d7672e5,3767523020,supp_1850451931a95a19,,official_company_announcement,official_announcement,https://www.zebra.com/us/en/about-zebra/newsroom/press-releases/2021/zebra-technologies-to-acquire-fetch-robotics.html,,1784,1784,61308,61393,Maverik Selects Zebra and Reflexis to Streamline Store Execution and Labor Scheduling,maverik selects zebra and reflexis to streamline store execution and labor scheduling,12,labor,bc22833d2d7672e50b445c15996392cacc729eead58d6d42150ab3a1aeeb1d23,duplicate_bc22833d2d7672e5,1
passage_bcbca2530b3bb203,3078525020,supp_327ff1ecfdd9a623,,official_company_announcement,official_announcement,https://blog.google/innovation-and-ai/infrastructure-and-cloud/google-cloud/100-announcements-google-cloud-next-17/,,248,248,23250,24738,"switched its entire platform to GCP from AWS. GCP offers Oden the ability to reliably scale while keeping costs low, perform under heavy loads and consistently delivers sophisticated features including machine learning and data analytics. 65. Planet - Planet migrated to GCP in February, looking to accelerate their workloads and leverage Google Cloud for several key advantages: price stability and predictability, custom instances, first-class Kubernetes support, and Machine Learning technology. Planet also announced the beta release of their Explorer platform. 66. Schlumberger - Schlumberger is making a critical investment in the cloud, turning to GCP to enable high-performance computing, remote visualization and development velocity. GCP is helping Schlumberger deliver innovative products and services to its customers by using HPC to scale data processing, workflow and advanced algorithms. 67. The Home Depot - The Home Depot collaborated with GCP’s Customer Reliability Engineering team to migrate HomeDepot.com to the cloud in time for Black Friday and Cyber Monday. Moving to GCP has allowed the company to better manage huge traffic spikes at peak shopping times throughout the year. 68. Verizon - Verizon is deploying G Suite to more than 150,000 of its employees, allowing for collaboration and flexibility in the workplace while maintaining security and compliance standards. Verizon and Google Cloud have been working together for more than a year to bring simple and",switched its entire platform to gcp from aws gcp offers oden the ability to reliably scale while keeping costs low perform under heavy loads and consistently delivers sophisticated features including machine learning and data analytics numbertoken planet - planet migrated to gcp in february looking to accelerate their workloads and leverage google cloud for several key advantages price stability and predictability custom instances first-class kubernetes support and machine learning technology planet also announced the beta release of their explorer platform numbertoken schlumberger - schlumberger is making a critical investment in the cloud turning to gcp to enable high-performance computing remote visualization and development velocity gcp is helping schlumberger deliver innovative products and services to its customers by using hpc to scale data processing workflow and advanced algorithms numbertoken the home depot - the home depot collaborated with gcp's customer reliability engineering team to migrate homedepot com to the cloud in time for black friday and cyber monday moving to gcp has allowed the company to better manage huge traffic spikes at peak shopping times throughout the year numbertoken verizon - verizon is deploying g suite to more than numbertoken of its employees allowing for collaboration and flexibility in the workplace while maintaining security and compliance standards verizon and google cloud have been working together for more than a year to bring simple and,220,employees,bcbca2530b3bb20385c7d4c2c8a9b807c3b0b1e45b2d5eeea79ca18cdfb02b41,duplicate_bcbca2530b3bb203,1
passage_be8908cba27a3da5,3767523020,supp_1850451931a95a19,,official_company_announcement,official_announcement,https://www.zebra.com/us/en/about-zebra/newsroom/press-releases/2021/zebra-technologies-to-acquire-fetch-robotics.html,,1973,1973,67225,67338,Scottish & Southern Electricity Networks (SSEN) Improves Front-Line Workers’ Productivity with Zebra Technologies,scottish southern electricity networks ssen improves front-line workers' productivity with zebra technologies,12,workers,be8908cba27a3da58533097e661eceeeb98873faa70dc9a1f7b040ddaf106aa8,duplicate_be8908cba27a3da5,1
passage_bf00662c0390942e,3767523020,supp_1850451931a95a19,,official_company_announcement,official_announcement,https://www.zebra.com/us/en/about-zebra/newsroom/press-releases/2021/zebra-technologies-to-acquire-fetch-robotics.html,,1865,1865,63821,63903,"Zebra Study: Real-Time Data Access is Critical for Energy, Utilities Field Workers",zebra study real-time data access is critical for energy utilities field workers,12,workers,bf00662c0390942e27c5d62b3d2be9afc952923e67405c110eaa4248c4c92512,duplicate_bf00662c0390942e,1
passage_bf1c5581dc674300,3201487020,supp_afd5f3e53a041df6,,official_company_announcement,official_announcement,https://www.smartsheet.com/content-center/news/smartsheet-announces-converseai-natural-language-automation-acquisition,,124,124,5265,5734,"“As we started to engage with Smartsheet, we saw an exciting opportunity to bring the capabilities of Converse.AI to Smartsheet’s global customer base. Smartsheet’s entrepreneurial culture and approach to enabling accessible workflow automation in the enterprise is very much aligned with our own vision. Together we form a complementary platform that is reflective of how businesses want to extract value from technology,” said Tony Lucas, Converse.AI founder and CEO.",as we started to engage with smartsheet we saw an exciting opportunity to bring the capabilities of converse ai to smartsheet's global customer base smartsheet's entrepreneurial culture and approach to enabling accessible workflow automation in the enterprise is very much aligned with our own vision together we form a complementary platform that is reflective of how businesses want to extract value from technology said tony lucas converse ai founder and ceo,71,founder,bf1c5581dc67430022568824718dddc6d6d96e3a887a4b3edc456bb6c3d788b7,duplicate_bf1c5581dc674300,1
passage_c0d85fc860dd084f,3984774040,supp_27bba806dccbb131,,primary_sec_filing,official_announcement,https://www.sec.gov/Archives/edgar/data/1745317/000119312522281315/d413040d425.htm,,134,134,27415,28260,"I talked about the eve auto Service in the prepared remarks. And basically, just to elaborate a little bit more on that, this is an automated conveyance service. So these are small electric vehicles that are being rolled out by this joint development between Yamaha Motor and Tier IV. And these will navigate factories autonomously, both indoor and outdoor. And lidar is essential in these kinds of applications to provide the safety in these kinds of warehouse environments and factories where you’re going to have these automated electric vehicles, autonomous vehicles co-working with human workers. And so obviously, safety is a paramount importance there. And then the eve auto service also layers on top of that, fleet management services, mapping services and so forth. So we think that’s going to be a very good growth opportunity for us.",i talked about the eve auto service in the prepared remarks and basically just to elaborate a little bit more on that this is an automated conveyance service so these are small electric vehicles that are being rolled out by this joint development between yamaha motor and tier iv and these will navigate factories autonomously both indoor and outdoor and lidar is essential in these kinds of applications to provide the safety in these kinds of warehouse environments and factories where you're going to have these automated electric vehicles autonomous vehicles co-working with human workers and so obviously safety is a paramount importance there and then the eve auto service also layers on top of that fleet management services mapping services and so forth so we think that's going to be a very good growth opportunity for us,138,workers,c0d85fc860dd084ff2c36fad09bc441f578ea6eaedec4d0bec055486b944cd9f,duplicate_c0d85fc860dd084f,1
passage_c303eacb37876ebf,3078525020,supp_327ff1ecfdd9a623,,official_company_announcement,official_announcement,https://blog.google/innovation-and-ai/infrastructure-and-cloud/google-cloud/100-announcements-google-cloud-next-17/,,243,243,17875,19222,"In the past year, we’ve launched 300+ features and updates for G Suite and this week we announced our next generation of collaboration and communication tools. 45. Team Drives (GA for G Suite Business, Education and Enterprise customers) - Team Drives help teams simply and securely manage permissions, ownership and file access for an organization within Google Drive. 46. Drive File Stream (EAP) - Drive File Stream is a way to quickly stream files directly from the cloud to your computer With Drive File Steam, company data can be accessed directly from your laptop, even if you don’t have much space on your hard drive. 47. Google Vault for Drive (GA for G Suite Business, Education and Enterprise customers ) - Google Vault for Drive now gives admins the governance controls they need to manage and secure all of their files, including employee Drives and Team Drives. Google Vault for Drive also lets admins set retention policies that automatically keep what’s needed and delete what’s not. 48. Quick Access in Team Drives (GA) - powered by Google’s machine intelligence, Quick Access helps to surface the right information for employees at the right time within Google Drive. Quick Access now works with Team Drives on iOS and Android devices, and is coming soon to the web. 49. Hangouts Meet (GA to existing customers) - Hangouts Meet is",in the past year we've launched numbertoken features and updates for g suite and this week we announced our next generation of collaboration and communication tools numbertoken team drives ga for g suite business education and enterprise customers - team drives help teams simply and securely manage permissions ownership and file access for an organization within google drive numbertoken drive file stream eap - drive file stream is a way to quickly stream files directly from the cloud to your computer with drive file steam company data can be accessed directly from your laptop even if you don't have much space on your hard drive numbertoken google vault for drive ga for g suite business education and enterprise customers - google vault for drive now gives admins the governance controls they need to manage and secure all of their files including employee drives and team drives google vault for drive also lets admins set retention policies that automatically keep what's needed and delete what's not numbertoken quick access in team drives ga - powered by google's machine intelligence quick access helps to surface the right information for employees at the right time within google drive quick access now works with team drives on ios and android devices and is coming soon to the web numbertoken hangouts meet ga to existing customers - hangouts meet is,220,employee; employees; retention,c303eacb37876ebffffc3f019d19da41e92e9eb4e74d6ddd5d906596d9755664,duplicate_c303eacb37876ebf,1
passage_c8093868dd42eab8,3769973020,supp_51c55fd18a22cc50,,official_company_announcement,official_announcement,https://www.fortinet.com/blog/business-and-technology/fortinet-acquires-application-security-innovator-skenai-to-accelerate-devsecops,,38,38,5276,5452,"Sken.ai’s former Founder and CEO, Sundar Krish, has joined Fortinet as the General Manager of DevSecOps to accelerate the Fortinet vision of providing modern AppSec for DevOps.",sken ai's former founder and ceo sundar krish has joined fortinet as the general manager of devsecops to accelerate the fortinet vision of providing modern appsec for devops,28,founder,c8093868dd42eab823fc3368d65ac6ca35d7a377ab6a6490e62f4257400b4b40,duplicate_c8093868dd42eab8,1
passage_c88b268c4ea1b722,3984774040,supp_27bba806dccbb131,,primary_sec_filing,official_announcement,https://www.sec.gov/Archives/edgar/data/1745317/000119312522281315/d413040d425.htm,,194,194,43602,45092,"transaction may not be completed in a timely manner or at all, which may adversely affect Ouster’s and Velodyne’s businesses and the price of their respective securities; (ii) uncertainties as to the timing of the consummation of the proposed transaction and the potential failure to satisfy the conditions to the consummation of the proposed transaction, including obtaining stockholder and regulatory approvals; (iii) the proposed transaction may involve unexpected costs, liabilities or delays; (iv) the effect of the announcement, pendency or completion of the proposed transaction on the ability of Ouster or Velodyne to retain and hire key personnel and maintain relationships with customers, suppliers and others with whom Ouster or Velodyne does business, or on Ouster’s or Velodyne’s operating results and business generally; (v) Ouster’s or Velodyne’s respective businesses may suffer as a result of uncertainty surrounding the proposed transaction and disruption of management’s attention due to the proposed transaction; (vi) the outcome of any legal proceedings related to the proposed transaction or otherwise, or the impact of the proposed transaction thereupon; (vii) Ouster or Velodyne may be adversely affected by other economic, business, and/or competitive factors; (viii) the occurrence of any event, change or other circumstances that could give rise to the termination of the merger agreement and the proposed transaction; (ix) restrictions during the pendency of the",transaction may not be completed in a timely manner or at all which may adversely affect ouster's and velodyne's businesses and the price of their respective securities ii uncertainties as to the timing of the consummation of the proposed transaction and the potential failure to satisfy the conditions to the consummation of the proposed transaction including obtaining stockholder and regulatory approvals iii the proposed transaction may involve unexpected costs liabilities or delays iv the effect of the announcement pendency or completion of the proposed transaction on the ability of ouster or velodyne to retain and hire key personnel and maintain relationships with customers suppliers and others with whom ouster or velodyne does business or on ouster's or velodyne's operating results and business generally v ouster's or velodyne's respective businesses may suffer as a result of uncertainty surrounding the proposed transaction and disruption of management's attention due to the proposed transaction vi the outcome of any legal proceedings related to the proposed transaction or otherwise or the impact of the proposed transaction thereupon vii ouster or velodyne may be adversely affected by other economic business and or competitive factors viii the occurrence of any event change or other circumstances that could give rise to the termination of the merger agreement and the proposed transaction ix restrictions during the pendency of the,220,personnel; retain,c88b268c4ea1b722fb5b9f1b856fe3f99b58d1ad1d69bd773730a115cbd479d0,duplicate_c88b268c4ea1b722,1
passage_ca105f56c1a47a59,3767523020,supp_1850451931a95a19,,official_company_announcement,official_announcement,https://www.zebra.com/us/en/about-zebra/newsroom/press-releases/2021/zebra-technologies-to-acquire-fetch-robotics.html,,172,172,4713,4852,Empower your field workers with purpose-driven mobile technology solutions to help them capture and share critical data in any environment.,empower your field workers with purpose-driven mobile technology solutions to help them capture and share critical data in any environment,20,workers,ca105f56c1a47a5942f5f472f59d1f2ace73c58b76dca50175c3c123545f977d,duplicate_ca105f56c1a47a59,1
passage_cbb32f754ce6eda1,3769973020,supp_51c55fd18a22cc50,,official_company_announcement,official_announcement,https://www.fortinet.com/blog/business-and-technology/fortinet-acquires-application-security-innovator-skenai-to-accelerate-devsecops,,32,32,3145,3399,"Sken.ai is a DevOps-first AppSec product, offering continuous AppSec Testing. DevOps personnel can use this product, even without AppSec expertise. Just by adding two lines of code, Sken.ai can seamlessly integrates with all major DevOps CI/CD platforms.",sken ai is a devops-first appsec product offering continuous appsec testing devops personnel can use this product even without appsec expertise just by adding two lines of code sken ai can seamlessly integrates with all major devops ci cd platforms,40,personnel,cbb32f754ce6eda1589ab3b9a6ac59a3fbac98cd96b51c54e7659d5de85c75fc,duplicate_cbb32f754ce6eda1,1
passage_d012fd8139a07603,3623364020,supp_483684a4076e1a42,,official_company_announcement,official_announcement,https://365retailmarkets.com/blog/365-retail-markets-acquires-stockwell,,24,24,592,689,Strengthen your food offering and meet the expectations of your employees dining wants and needs.,strengthen your food offering and meet the expectations of your employees dining wants and needs,15,employees,d012fd8139a076032645183f0ddfc76620b66a50bd3c9cbf10921f4f54039f98,duplicate_d012fd8139a07603,1
passage_d2af94049325cd2e,3767523020,supp_1850451931a95a19,,official_company_announcement,official_announcement,https://www.zebra.com/us/en/about-zebra/newsroom/press-releases/2021/zebra-technologies-to-acquire-fetch-robotics.html,,1367,1367,47832,47929,Eight in 10 Warehouse Associates Say Positive Workplace Changes are Happening Amid Labor Shortage,eight in numbertoken warehouse associates say positive workplace changes are happening amid labor shortage,14,labor,d2af94049325cd2e519b489b7539bae2a6ecd0a3975a47fb0b0db2c10402107b,duplicate_d2af94049325cd2e,1
passage_d4582714563ad8fe,3939905020,supp_e28fecde52a19db4,,official_company_announcement,official_announcement,https://www.glia.com/news/glia-acquires-finn-ai,,39,39,8025,9603,"Hear from Glia customers based on 50+ reviews “Glia gets what we say... when we talk about improving the member and employee experiences, takes our feedback to heart, and strives to make our CX dreams a reality."" DIGITAL EXPERIENCE MANAGER, MID-MARKET Alyxandra L. “Glia provides an industry leading product suite... ...and they are super easy to work with."" VERIFIED USER IN BANKING, MID-MARKET Verified User in Banking “From the kickoff meeting to testing through go live... Glia's team provided the best project management experience."" FINANCIAL SERVICES CUSTOMER, MID-MARKET Verified User in Financial Services “Glia allows us to connect with our customers where they are. Have always had a great experience working with various Glia team members."" BANKING CUSTOMER, MID-MARKET Verified User in Banking Industries Banks Credit Unions Solutions Contact Center Reimagined Online Banking Support Virtual Branch Loan Growth Deposit Growth & Retention Payments/Collections Growth Overflow & Afterhours Support Core/OLB Conversions M&A Support IT Helpdesk Products Glia AI Glia Banker Glia CoPilot Glia Analyst Glia Voice Automate Inquiries Grow Loans & Assets Empower Your Team Unlock Insights Glia Digital AI Self-Service High-Touch Interactions Next-Gen Messaging Platform Intelligent Reporting & Insights Security & Compliance The Glia Difference Partners & Integrations Customers Services & Support Community Programs Catalyst Awards Customer Stories Resources Blog Webinars & Events Videos Industry Awards Newsroom Case Studies Company About Glia Careers Priceless PricingTM",hear from glia customers based on numbertoken reviews glia gets what we say when we talk about improving the member and employee experiences takes our feedback to heart and strives to make our cx dreams a reality digital experience manager mid-market alyxandra l glia provides an industry leading product suite and they are super easy to work with verified user in banking mid-market verified user in banking from the kickoff meeting to testing through go live glia's team provided the best project management experience financial services customer mid-market verified user in financial services glia allows us to connect with our customers where they are have always had a great experience working with various glia team members banking customer mid-market verified user in banking industries banks credit unions solutions contact center reimagined online banking support virtual branch loan growth deposit growth retention payments collections growth overflow afterhours support core olb conversions m a support it helpdesk products glia ai glia banker glia copilot glia analyst glia voice automate inquiries grow loans assets empower your team unlock insights glia digital ai self-service high-touch interactions next-gen messaging platform intelligent reporting insights security compliance the glia difference partners integrations customers services support community programs catalyst awards customer stories resources blog webinars events videos industry awards newsroom case studies company about glia careers priceless pricingtm,220,employee; retention,d4582714563ad8feef7b7eeee2ab86002fbc5bb3637a783bb0ccd142f3bacec0,duplicate_d4582714563ad8fe,1
passage_dd89ff8e103e9095,3767523020,supp_1850451931a95a19,,official_company_announcement,official_announcement,https://www.zebra.com/us/en/about-zebra/newsroom/press-releases/2021/zebra-technologies-to-acquire-fetch-robotics.html,,1397,1397,48893,48980,Forza Cash Logistics Increases Field Worker Productivity by 20% with Zebra Technologies,forza cash logistics increases field worker productivity by numbertoken with zebra technologies,12,worker,dd89ff8e103e90954f5b7371be24725e0ed5033f0ce52df68d9df754ba11fd9c,duplicate_dd89ff8e103e9095,1
passage_e0d0eee4d84fc076,3701621020,supp_f27a205c0a017de2,,official_company_press_release_distributor,official_announcement,https://www.globenewswire.com/news-release/2021/01/26/2164201/0/en/Algolia-Acquires-MorphL-Launches-AI-Powered-Predictive-Experiences-and-Personalization.html,,53,53,2428,2841,"Bernadette Nixon, Chief Executive Officer, Algolia, said: “I am thrilled to welcome MorphL to the Algolia family. It’s an exciting time — brands are looking to create meaningful connections with people, and that requires understanding intent in the moment, personalized navigation, search, and recommendations or offers. Sounds easy enough, but ask most Chief Digital Officers or heads of eCommerce and it’s not.”",bernadette nixon chief executive officer algolia said i am thrilled to welcome morphl to the algolia family it's an exciting time brands are looking to create meaningful connections with people and that requires understanding intent in the moment personalized navigation search and recommendations or offers sounds easy enough but ask most chief digital officers or heads of ecommerce and it's not,61,executive officer,e0d0eee4d84fc07649a5390074d04cb90140ce7cce2a9b45e5b5dc1999868607,duplicate_e0d0eee4d84fc076,1
passage_e1be5c3842829237,3984774040,supp_27bba806dccbb131,,primary_sec_filing,official_announcement,https://www.sec.gov/Archives/edgar/data/1745317/000119312522281315/d413040d425.htm,,28,28,1713,1772,Jordan M. Darrow - Darrow Associates Inc. - Founder and CEO,jordan m darrow - darrow associates inc - founder and ceo,9,founder,e1be5c38428292375cd6c962ba676098c504b2c312d607a0f4bc53fb02a20c92,duplicate_e1be5c3842829237,1
passage_e3bfc3677ae905eb,3727571020,supp_f56ffb1c8870a6f6,,official_company_press_release_distributor,official_announcement,https://www.globenewswire.com/news-release/2021/04/08/2206486/0/en/appharvest-acquires-agricultural-robotics-and-artificial-intelligence-company-root-ai-to-increase-efficiency.html,,52,52,2335,3076,"“Farming as we’ve known it is broken because of the increasing number of variables such as extreme weather, droughts, fire and contamination by animals that make our food system unreliable. Indoor farming solves for many of those challenges, and the data gathered can exponentially deliver more insights that help us predict and control crop quality and yield,” said AppHarvest Founder & CEO Jonathan Webb. “One of the key challenges in agriculture is accurately predicting yield. Many downstream decisions from work scheduling to transportation to retail planning are based on that. Any deviation between projection and actual yield can result in fire drills for numerous functions to adjust for the change, and AI can help solve for that.”",farming as we've known it is broken because of the increasing number of variables such as extreme weather droughts fire and contamination by animals that make our food system unreliable indoor farming solves for many of those challenges and the data gathered can exponentially deliver more insights that help us predict and control crop quality and yield said appharvest founder ceo jonathan webb one of the key challenges in agriculture is accurately predicting yield many downstream decisions from work scheduling to transportation to retail planning are based on that any deviation between projection and actual yield can result in fire drills for numerous functions to adjust for the change and ai can help solve for that,116,founder,e3bfc3677ae905ebcb42f46f64f9552d6549716cdfce56bef335b106ff9d6c15,duplicate_e3bfc3677ae905eb,1
passage_e5a65ef006ed8c96,3257183040,supp_2d6e94103484791d,,official_company_press_release_distributor,official_announcement,https://www.prnewswire.com/news-releases/leanplum-acquires-connecto-a-conversational-marketing-company-300668664.html,,106,106,2396,2433,Human Resource & Workforce Management,human resource workforce management,4,workforce,e5a65ef006ed8c9662889e8e4e91cf394e80d8def62b8c7b417eb51cd9d45e16,duplicate_e5a65ef006ed8c96,1
passage_ec77b33430e0f1b4,3078525020,supp_327ff1ecfdd9a623,,official_company_announcement,official_announcement,https://blog.google/innovation-and-ai/infrastructure-and-cloud/google-cloud/100-announcements-google-cloud-next-17/,,249,249,24739,24791,secure productivity solutions to Verizon’s workforce,secure productivity solutions to verizon's workforce,6,workforce,ec77b33430e0f1b44d82b850c12bb25fa77b453c6facfb02aa7b529970413cfa,duplicate_ec77b33430e0f1b4,1
passage_f0491f499d3f8091,3623364020,supp_483684a4076e1a42,,official_company_announcement,official_announcement,https://365retailmarkets.com/blog/365-retail-markets-acquires-stockwell,,113,113,5221,5691,"McCarthy Partners Management, LLC is a registered investment advisor that conducts business as McCarthy Capital. McCarthy Capital, headquartered in Omaha, NE, is focused exclusively on lower middle-market companies. For more than 30 years, the McCarthy organization has been partnering with founders, families, and exceptional management teams to support the growth of their companies. More information about McCarthy Capital can be obtained at www.mccarthycapital.com .",mccarthy partners management llc is a registered investment advisor that conducts business as mccarthy capital mccarthy capital headquartered in omaha ne is focused exclusively on lower middle-market companies for more than numbertoken years the mccarthy organization has been partnering with founders families and exceptional management teams to support the growth of their companies more information about mccarthy capital can be obtained at www mccarthycapital com,65,management team,f0491f499d3f809170205fce00d92d30fc8328260e1c208a7c2e2353008d9d55,duplicate_f0491f499d3f8091,1
passage_f2d99d9d28273e6d,3939905020,supp_e28fecde52a19db4,,official_company_announcement,official_announcement,https://www.glia.com/news/glia-acquires-finn-ai,,22,22,2402,2748,"Catalyst Awards Honoring the trailblazers redefining customer interactions Customer Interaction Case Studies Heartland Credit Union 40% faster service, 62% lower abandonment with Glia Bank of Guam Streamlines service options, enables seamless experience Service 1st Federal Credit Union Saving 69 hours per week with Glia AI View all Case Studies",catalyst awards honoring the trailblazers redefining customer interactions customer interaction case studies heartland credit union numbertoken faster service numbertoken lower abandonment with glia bank of guam streamlines service options enables seamless experience service 1st federal credit union saving numbertoken hours per week with glia ai view all case studies,49,union,f2d99d9d28273e6db2d1a1afa457e1c41815b4bcd8626294eade57221897ca54,duplicate_f2d99d9d28273e6d,1
passage_f3de41039e0c29fc,3727571020,supp_f56ffb1c8870a6f6,,official_company_press_release_distributor,official_announcement,https://www.globenewswire.com/news-release/2021/04/08/2206486/0/en/appharvest-acquires-agricultural-robotics-and-artificial-intelligence-company-root-ai-to-increase-efficiency.html,,53,53,3077,3748,"Root AI co-founder and CEO Josh Lessing will take on the role of Chief Technology Officer for AppHarvest where he will take the lead in continuing to develop the robots and their AI capabilities for the network of indoor farms that AppHarvest is building. Lessing, along with co-founder Ryan Knopf who will join AppHarvest as vice president of technology, helped establish Root AI as an early leader in employing artificial intelligence in CEA. Virgo is the world’s first universal harvester, which can be configured to identify and harvest multiple crops of varying sizes including tomatoes, peppers, cucumbers and more delicate fruits such as strawberries among others.",root ai co-founder and ceo josh lessing will take on the role of chief technology officer for appharvest where he will take the lead in continuing to develop the robots and their ai capabilities for the network of indoor farms that appharvest is building lessing along with co-founder ryan knopf who will join appharvest as vice president of technology helped establish root ai as an early leader in employing artificial intelligence in cea virgo is the world's first universal harvester which can be configured to identify and harvest multiple crops of varying sizes including tomatoes peppers cucumbers and more delicate fruits such as strawberries among others,106,founder,f3de41039e0c29fc360a185e35656f86b39a0751112d304b092762e5c6c36bc5,duplicate_f3de41039e0c29fc,1
passage_f8e0a9f868de0e8f,3767523020,supp_1850451931a95a19,,official_company_announcement,official_announcement,https://www.zebra.com/us/en/about-zebra/newsroom/press-releases/2021/zebra-technologies-to-acquire-fetch-robotics.html,,337,337,10923,11151,"Keep labor costs low, your talent happy and your organization compliant. Create an agile operation that can navigate unexpected schedule changes and customer demand to drive sales, satisfy customers and improve your bottom line.",keep labor costs low your talent happy and your organization compliant create an agile operation that can navigate unexpected schedule changes and customer demand to drive sales satisfy customers and improve your bottom line,34,labor,f8e0a9f868de0e8f24d744c55d1f50c2fe9f6f59407547125f597186c99102ee,duplicate_f8e0a9f868de0e8f,1
passage_fbc9df1cbeb51993,3727571020,supp_f56ffb1c8870a6f6,,official_company_press_release_distributor,official_announcement,https://www.globenewswire.com/news-release/2021/04/08/2206486/0/en/appharvest-acquires-agricultural-robotics-and-artificial-intelligence-company-root-ai-to-increase-efficiency.html,,57,57,5514,6243,"Gathering more data through AI enables growers to use real-time information to improve a number of sustainability efforts such as detecting and eliminating pests naturally, helping indoor farms successfully grow chemical pesticide-free fruits and vegetables. AppHarvest is investing approximately $60 million, consisting of approximately $10 million in cash and the balance in AppHarvest common shares, to acquire Root AI. The Company will issue approximately 2,328,000 shares for the transaction. Founded in 2018, Root AI is based in Somerville, Mass., and has 19 full-time employees, all of whom are expected to join AppHarvest’s technology group to help advance the mission of building a resilient and sustainable food supply.",gathering more data through ai enables growers to use real-time information to improve a number of sustainability efforts such as detecting and eliminating pests naturally helping indoor farms successfully grow chemical pesticide-free fruits and vegetables appharvest is investing approximately numbertoken million consisting of approximately numbertoken million in cash and the balance in appharvest common shares to acquire root ai the company will issue approximately numbertoken shares for the transaction founded in numbertoken root ai is based in somerville mass and has numbertoken full-time employees all of whom are expected to join appharvest's technology group to help advance the mission of building a resilient and sustainable food supply,109,employees,fbc9df1cbeb51993636d71566a088e1ae6cd4c78c27ec141db1f0a95b67339b9,duplicate_fbc9df1cbeb51993,1
passage_fe9576f3890637fc,3767523020,supp_1850451931a95a19,,official_company_announcement,official_announcement,https://www.zebra.com/us/en/about-zebra/newsroom/press-releases/2021/zebra-technologies-to-acquire-fetch-robotics.html,,977,977,34330,34423,Zebra Technologies Introduces Automation Solutions at MODEX 2024 to Empower Connected Workers,zebra technologies introduces automation solutions at modex numbertoken to empower connected workers,12,workers,fe9576f3890637fcf5927fc9f4c1307a331d5df456831a9aadc2a4e310353c5c,duplicate_fe9576f3890637fc,1
